-- phpMyAdmin SQL Dump
-- version 5.2.1
-- https://www.phpmyadmin.net/
--
-- Host: 127.0.0.1
-- Generation Time: May 05, 2026 at 02:39 PM
-- Server version: 10.4.32-MariaDB
-- PHP Version: 8.2.12

SET SQL_MODE = "NO_AUTO_VALUE_ON_ZERO";
START TRANSACTION;
SET time_zone = "+00:00";


/*!40101 SET @OLD_CHARACTER_SET_CLIENT=@@CHARACTER_SET_CLIENT */;
/*!40101 SET @OLD_CHARACTER_SET_RESULTS=@@CHARACTER_SET_RESULTS */;
/*!40101 SET @OLD_COLLATION_CONNECTION=@@COLLATION_CONNECTION */;
/*!40101 SET NAMES utf8mb4 */;

--
-- Database: `inven_db`
--

-- --------------------------------------------------------

--
-- Table structure for table `cache`
--

CREATE TABLE `cache` (
  `key` varchar(255) NOT NULL,
  `value` mediumtext NOT NULL,
  `expiration` int(11) NOT NULL
) ENGINE=InnoDB DEFAULT CHARSET=utf8mb4 COLLATE=utf8mb4_unicode_ci;

--
-- Dumping data for table `cache`
--

INSERT INTO `cache` (`key`, `value`, `expiration`) VALUES
('laravel-cache-categories_list_all', 'O:29:\"Illuminate\\Support\\Collection\":2:{s:8:\"\0*\0items\";a:6:{i:0;a:2:{s:5:\"value\";i:1;s:4:\"text\";s:14:\"Material Dasar\";}i:1;a:2:{s:5:\"value\";i:2;s:4:\"text\";s:11:\"Kayu & Atap\";}i:2;a:2:{s:5:\"value\";i:3;s:4:\"text\";s:15:\"Cat & Finishing\";}i:3;a:2:{s:5:\"value\";i:4;s:4:\"text\";s:16:\"Lantai & Dinding\";}i:4;a:2:{s:5:\"value\";i:5;s:4:\"text\";s:14:\"Pipa & Listrik\";}i:5;a:2:{s:5:\"value\";i:6;s:4:\"text\";s:11:\"Paku & Alat\";}}s:28:\"\0*\0escapeWhenCastingToString\";b:0;}', 2093136208),
('laravel-cache-customers_search_d41d8cd98f00b204e9800998ecf8427e', 'O:29:\"Illuminate\\Support\\Collection\":2:{s:8:\"\0*\0items\";a:20:{i:0;a:4:{s:5:\"value\";i:1;s:4:\"text\";s:29:\"Darlene Raynor | +13617364525\";s:4:\"name\";s:14:\"Darlene Raynor\";s:5:\"phone\";s:12:\"+13617364525\";}i:1;a:4:{s:5:\"value\";i:2;s:4:\"text\";s:37:\"Prof. Molly Baumbach | 1-680-880-8959\";s:4:\"name\";s:20:\"Prof. Molly Baumbach\";s:5:\"phone\";s:14:\"1-680-880-8959\";}i:2;a:4:{s:5:\"value\";i:3;s:4:\"text\";s:35:\"Prof. Eusebio Herman | 669-203-4274\";s:4:\"name\";s:20:\"Prof. Eusebio Herman\";s:5:\"phone\";s:12:\"669-203-4274\";}i:3;a:4:{s:5:\"value\";i:4;s:4:\"text\";s:30:\"Andrew Smith | +1-689-209-6426\";s:4:\"name\";s:12:\"Andrew Smith\";s:5:\"phone\";s:15:\"+1-689-209-6426\";}i:4;a:4:{s:5:\"value\";i:5;s:4:\"text\";s:42:\"Prof. Vicenta Kuhlman Jr. | 1-540-247-8633\";s:4:\"name\";s:25:\"Prof. Vicenta Kuhlman Jr.\";s:5:\"phone\";s:14:\"1-540-247-8633\";}i:5;a:4:{s:5:\"value\";i:6;s:4:\"text\";s:29:\"Lucy Howe IV | (650) 952-1444\";s:4:\"name\";s:12:\"Lucy Howe IV\";s:5:\"phone\";s:14:\"(650) 952-1444\";}i:6;a:4:{s:5:\"value\";i:7;s:4:\"text\";s:34:\"Katlynn Hettinger | (847) 470-9777\";s:4:\"name\";s:17:\"Katlynn Hettinger\";s:5:\"phone\";s:14:\"(847) 470-9777\";}i:7;a:4:{s:5:\"value\";i:8;s:4:\"text\";s:27:\"Art Schaefer | 629-540-7515\";s:4:\"name\";s:12:\"Art Schaefer\";s:5:\"phone\";s:12:\"629-540-7515\";}i:8;a:4:{s:5:\"value\";i:9;s:4:\"text\";s:35:\"Dr. Myron Casper DVM | 937.459.6059\";s:4:\"name\";s:20:\"Dr. Myron Casper DVM\";s:5:\"phone\";s:12:\"937.459.6059\";}i:9;a:4:{s:5:\"value\";i:10;s:4:\"text\";s:31:\"Domenic Ondricka | 781.778.5430\";s:4:\"name\";s:16:\"Domenic Ondricka\";s:5:\"phone\";s:12:\"781.778.5430\";}i:10;a:4:{s:5:\"value\";i:11;s:4:\"text\";s:32:\"Owen Kassulke I | 1-281-824-5526\";s:4:\"name\";s:15:\"Owen Kassulke I\";s:5:\"phone\";s:14:\"1-281-824-5526\";}i:11;a:4:{s:5:\"value\";i:12;s:4:\"text\";s:28:\"Elijah Wunsch | 252-666-1677\";s:4:\"name\";s:13:\"Elijah Wunsch\";s:5:\"phone\";s:12:\"252-666-1677\";}i:12;a:4:{s:5:\"value\";i:13;s:4:\"text\";s:32:\"Ms. Mathilde Mann | +13869161753\";s:4:\"name\";s:17:\"Ms. Mathilde Mann\";s:5:\"phone\";s:12:\"+13869161753\";}i:13;a:4:{s:5:\"value\";i:14;s:4:\"text\";s:33:\"Lorenza Weimann | +1-681-417-2426\";s:4:\"name\";s:15:\"Lorenza Weimann\";s:5:\"phone\";s:15:\"+1-681-417-2426\";}i:14;a:4:{s:5:\"value\";i:15;s:4:\"text\";s:31:\"Hollie Reichel | 1-205-664-0416\";s:4:\"name\";s:14:\"Hollie Reichel\";s:5:\"phone\";s:14:\"1-205-664-0416\";}i:15;a:4:{s:5:\"value\";i:16;s:4:\"text\";s:42:\"Mr. Alexis Treutel III | +1 (725) 465-9733\";s:4:\"name\";s:22:\"Mr. Alexis Treutel III\";s:5:\"phone\";s:17:\"+1 (725) 465-9733\";}i:16;a:4:{s:5:\"value\";i:17;s:4:\"text\";s:31:\"Marcelle Wolff | 1-540-653-9285\";s:4:\"name\";s:14:\"Marcelle Wolff\";s:5:\"phone\";s:14:\"1-540-653-9285\";}i:17;a:4:{s:5:\"value\";i:18;s:4:\"text\";s:30:\"Maryse Ratke | +1.870.387.1754\";s:4:\"name\";s:12:\"Maryse Ratke\";s:5:\"phone\";s:15:\"+1.870.387.1754\";}i:18;a:4:{s:5:\"value\";i:19;s:4:\"text\";s:31:\"Coralie Towne | +1-620-514-9408\";s:4:\"name\";s:13:\"Coralie Towne\";s:5:\"phone\";s:15:\"+1-620-514-9408\";}i:19;a:4:{s:5:\"value\";i:20;s:4:\"text\";s:27:\"Roy Borer IV | 262.265.2722\";s:4:\"name\";s:12:\"Roy Borer IV\";s:5:\"phone\";s:12:\"262.265.2722\";}}s:28:\"\0*\0escapeWhenCastingToString\";b:0;}', 1777961541),
('laravel-cache-dashboard_cashflow_custom_20260101_20260505', 'a:3:{s:6:\"income\";d:56913800;s:7:\"expense\";d:21803350;s:13:\"net_cash_flow\";d:35110450;}', 1777919567),
('laravel-cache-dashboard_cashflow_custom_20260501_20260503', 'a:3:{s:6:\"income\";d:56913800;s:7:\"expense\";d:21803350;s:13:\"net_cash_flow\";d:35110450;}', 1777782372),
('laravel-cache-dashboard_cashflow_custom_20260502_20260503', 'a:3:{s:6:\"income\";d:56913800;s:7:\"expense\";d:21803350;s:13:\"net_cash_flow\";d:35110450;}', 1777783392),
('laravel-cache-dashboard_cashflow_custom_20260503_20260503', 'a:3:{s:6:\"income\";d:37930300;s:7:\"expense\";d:14835900;s:13:\"net_cash_flow\";d:23094400;}', 1777957010),
('laravel-cache-dashboard_cashflow_custom_20260504_20260504', 'a:3:{s:6:\"income\";d:0;s:7:\"expense\";d:0;s:13:\"net_cash_flow\";d:0;}', 1777772745),
('laravel-cache-dashboard_cashflow_custom_20260504_20260505', 'a:3:{s:6:\"income\";d:81141000;s:7:\"expense\";d:23582400;s:13:\"net_cash_flow\";d:57558600;}', 1777956903),
('laravel-cache-dashboard_cashflow_custom_20260505_20260505', 'a:3:{s:6:\"income\";d:81141000;s:7:\"expense\";d:23582400;s:13:\"net_cash_flow\";d:57558600;}', 1777957016),
('laravel-cache-dashboard_cashflow_last_month_20260401_20260430', 'a:3:{s:6:\"income\";d:0;s:7:\"expense\";d:0;s:13:\"net_cash_flow\";d:0;}', 1777915218),
('laravel-cache-dashboard_cashflow_this_month_20260501_20260531', 'a:3:{s:6:\"income\";d:164935800;s:7:\"expense\";d:47527750;s:13:\"net_cash_flow\";d:117408050;}', 1777982653),
('laravel-cache-dashboard_cashflow_this_week_20260427_20260503', 'a:3:{s:6:\"income\";d:56913800;s:7:\"expense\";d:21803350;s:13:\"net_cash_flow\";d:35110450;}', 1777819974),
('laravel-cache-dashboard_cashflow_this_week_20260504_20260510', 'a:3:{s:6:\"income\";d:108022000;s:7:\"expense\";d:25724400;s:13:\"net_cash_flow\";d:82297600;}', 1777985030),
('laravel-cache-dashboard_cashflow_today_20260503_20260503', 'a:3:{s:6:\"income\";d:37930300;s:7:\"expense\";d:14835900;s:13:\"net_cash_flow\";d:23094400;}', 1777829356),
('laravel-cache-dashboard_cashflow_today_20260504_20260504', 'a:3:{s:6:\"income\";d:0;s:7:\"expense\";d:0;s:13:\"net_cash_flow\";d:0;}', 1777932801),
('laravel-cache-dashboard_cashflow_today_20260505_20260505', 'a:3:{s:6:\"income\";d:108022000;s:7:\"expense\";d:25724400;s:13:\"net_cash_flow\";d:82297600;}', 1777982644),
('laravel-cache-dashboard_cashflow_trend_20260101_20260505', 'a:2:{s:6:\"income\";a:125:{s:10:\"2026-01-01\";d:0;s:10:\"2026-01-02\";d:0;s:10:\"2026-01-03\";d:0;s:10:\"2026-01-04\";d:0;s:10:\"2026-01-05\";d:0;s:10:\"2026-01-06\";d:0;s:10:\"2026-01-07\";d:0;s:10:\"2026-01-08\";d:0;s:10:\"2026-01-09\";d:0;s:10:\"2026-01-10\";d:0;s:10:\"2026-01-11\";d:0;s:10:\"2026-01-12\";d:0;s:10:\"2026-01-13\";d:0;s:10:\"2026-01-14\";d:0;s:10:\"2026-01-15\";d:0;s:10:\"2026-01-16\";d:0;s:10:\"2026-01-17\";d:0;s:10:\"2026-01-18\";d:0;s:10:\"2026-01-19\";d:0;s:10:\"2026-01-20\";d:0;s:10:\"2026-01-21\";d:0;s:10:\"2026-01-22\";d:0;s:10:\"2026-01-23\";d:0;s:10:\"2026-01-24\";d:0;s:10:\"2026-01-25\";d:0;s:10:\"2026-01-26\";d:0;s:10:\"2026-01-27\";d:0;s:10:\"2026-01-28\";d:0;s:10:\"2026-01-29\";d:0;s:10:\"2026-01-30\";d:0;s:10:\"2026-01-31\";d:0;s:10:\"2026-02-01\";d:0;s:10:\"2026-02-02\";d:0;s:10:\"2026-02-03\";d:0;s:10:\"2026-02-04\";d:0;s:10:\"2026-02-05\";d:0;s:10:\"2026-02-06\";d:0;s:10:\"2026-02-07\";d:0;s:10:\"2026-02-08\";d:0;s:10:\"2026-02-09\";d:0;s:10:\"2026-02-10\";d:0;s:10:\"2026-02-11\";d:0;s:10:\"2026-02-12\";d:0;s:10:\"2026-02-13\";d:0;s:10:\"2026-02-14\";d:0;s:10:\"2026-02-15\";d:0;s:10:\"2026-02-16\";d:0;s:10:\"2026-02-17\";d:0;s:10:\"2026-02-18\";d:0;s:10:\"2026-02-19\";d:0;s:10:\"2026-02-20\";d:0;s:10:\"2026-02-21\";d:0;s:10:\"2026-02-22\";d:0;s:10:\"2026-02-23\";d:0;s:10:\"2026-02-24\";d:0;s:10:\"2026-02-25\";d:0;s:10:\"2026-02-26\";d:0;s:10:\"2026-02-27\";d:0;s:10:\"2026-02-28\";d:0;s:10:\"2026-03-01\";d:0;s:10:\"2026-03-02\";d:0;s:10:\"2026-03-03\";d:0;s:10:\"2026-03-04\";d:0;s:10:\"2026-03-05\";d:0;s:10:\"2026-03-06\";d:0;s:10:\"2026-03-07\";d:0;s:10:\"2026-03-08\";d:0;s:10:\"2026-03-09\";d:0;s:10:\"2026-03-10\";d:0;s:10:\"2026-03-11\";d:0;s:10:\"2026-03-12\";d:0;s:10:\"2026-03-13\";d:0;s:10:\"2026-03-14\";d:0;s:10:\"2026-03-15\";d:0;s:10:\"2026-03-16\";d:0;s:10:\"2026-03-17\";d:0;s:10:\"2026-03-18\";d:0;s:10:\"2026-03-19\";d:0;s:10:\"2026-03-20\";d:0;s:10:\"2026-03-21\";d:0;s:10:\"2026-03-22\";d:0;s:10:\"2026-03-23\";d:0;s:10:\"2026-03-24\";d:0;s:10:\"2026-03-25\";d:0;s:10:\"2026-03-26\";d:0;s:10:\"2026-03-27\";d:0;s:10:\"2026-03-28\";d:0;s:10:\"2026-03-29\";d:0;s:10:\"2026-03-30\";d:0;s:10:\"2026-03-31\";d:0;s:10:\"2026-04-01\";d:0;s:10:\"2026-04-02\";d:0;s:10:\"2026-04-03\";d:0;s:10:\"2026-04-04\";d:0;s:10:\"2026-04-05\";d:0;s:10:\"2026-04-06\";d:0;s:10:\"2026-04-07\";d:0;s:10:\"2026-04-08\";d:0;s:10:\"2026-04-09\";d:0;s:10:\"2026-04-10\";d:0;s:10:\"2026-04-11\";d:0;s:10:\"2026-04-12\";d:0;s:10:\"2026-04-13\";d:0;s:10:\"2026-04-14\";d:0;s:10:\"2026-04-15\";d:0;s:10:\"2026-04-16\";d:0;s:10:\"2026-04-17\";d:0;s:10:\"2026-04-18\";d:0;s:10:\"2026-04-19\";d:0;s:10:\"2026-04-20\";d:0;s:10:\"2026-04-21\";d:0;s:10:\"2026-04-22\";d:0;s:10:\"2026-04-23\";d:0;s:10:\"2026-04-24\";d:0;s:10:\"2026-04-25\";d:0;s:10:\"2026-04-26\";d:0;s:10:\"2026-04-27\";d:0;s:10:\"2026-04-28\";d:0;s:10:\"2026-04-29\";d:0;s:10:\"2026-04-30\";d:0;s:10:\"2026-05-01\";d:0;s:10:\"2026-05-02\";d:18983500;s:10:\"2026-05-03\";d:37930300;s:10:\"2026-05-04\";d:0;s:10:\"2026-05-05\";d:0;}s:7:\"expense\";a:125:{s:10:\"2026-01-01\";d:0;s:10:\"2026-01-02\";d:0;s:10:\"2026-01-03\";d:0;s:10:\"2026-01-04\";d:0;s:10:\"2026-01-05\";d:0;s:10:\"2026-01-06\";d:0;s:10:\"2026-01-07\";d:0;s:10:\"2026-01-08\";d:0;s:10:\"2026-01-09\";d:0;s:10:\"2026-01-10\";d:0;s:10:\"2026-01-11\";d:0;s:10:\"2026-01-12\";d:0;s:10:\"2026-01-13\";d:0;s:10:\"2026-01-14\";d:0;s:10:\"2026-01-15\";d:0;s:10:\"2026-01-16\";d:0;s:10:\"2026-01-17\";d:0;s:10:\"2026-01-18\";d:0;s:10:\"2026-01-19\";d:0;s:10:\"2026-01-20\";d:0;s:10:\"2026-01-21\";d:0;s:10:\"2026-01-22\";d:0;s:10:\"2026-01-23\";d:0;s:10:\"2026-01-24\";d:0;s:10:\"2026-01-25\";d:0;s:10:\"2026-01-26\";d:0;s:10:\"2026-01-27\";d:0;s:10:\"2026-01-28\";d:0;s:10:\"2026-01-29\";d:0;s:10:\"2026-01-30\";d:0;s:10:\"2026-01-31\";d:0;s:10:\"2026-02-01\";d:0;s:10:\"2026-02-02\";d:0;s:10:\"2026-02-03\";d:0;s:10:\"2026-02-04\";d:0;s:10:\"2026-02-05\";d:0;s:10:\"2026-02-06\";d:0;s:10:\"2026-02-07\";d:0;s:10:\"2026-02-08\";d:0;s:10:\"2026-02-09\";d:0;s:10:\"2026-02-10\";d:0;s:10:\"2026-02-11\";d:0;s:10:\"2026-02-12\";d:0;s:10:\"2026-02-13\";d:0;s:10:\"2026-02-14\";d:0;s:10:\"2026-02-15\";d:0;s:10:\"2026-02-16\";d:0;s:10:\"2026-02-17\";d:0;s:10:\"2026-02-18\";d:0;s:10:\"2026-02-19\";d:0;s:10:\"2026-02-20\";d:0;s:10:\"2026-02-21\";d:0;s:10:\"2026-02-22\";d:0;s:10:\"2026-02-23\";d:0;s:10:\"2026-02-24\";d:0;s:10:\"2026-02-25\";d:0;s:10:\"2026-02-26\";d:0;s:10:\"2026-02-27\";d:0;s:10:\"2026-02-28\";d:0;s:10:\"2026-03-01\";d:0;s:10:\"2026-03-02\";d:0;s:10:\"2026-03-03\";d:0;s:10:\"2026-03-04\";d:0;s:10:\"2026-03-05\";d:0;s:10:\"2026-03-06\";d:0;s:10:\"2026-03-07\";d:0;s:10:\"2026-03-08\";d:0;s:10:\"2026-03-09\";d:0;s:10:\"2026-03-10\";d:0;s:10:\"2026-03-11\";d:0;s:10:\"2026-03-12\";d:0;s:10:\"2026-03-13\";d:0;s:10:\"2026-03-14\";d:0;s:10:\"2026-03-15\";d:0;s:10:\"2026-03-16\";d:0;s:10:\"2026-03-17\";d:0;s:10:\"2026-03-18\";d:0;s:10:\"2026-03-19\";d:0;s:10:\"2026-03-20\";d:0;s:10:\"2026-03-21\";d:0;s:10:\"2026-03-22\";d:0;s:10:\"2026-03-23\";d:0;s:10:\"2026-03-24\";d:0;s:10:\"2026-03-25\";d:0;s:10:\"2026-03-26\";d:0;s:10:\"2026-03-27\";d:0;s:10:\"2026-03-28\";d:0;s:10:\"2026-03-29\";d:0;s:10:\"2026-03-30\";d:0;s:10:\"2026-03-31\";d:0;s:10:\"2026-04-01\";d:0;s:10:\"2026-04-02\";d:0;s:10:\"2026-04-03\";d:0;s:10:\"2026-04-04\";d:0;s:10:\"2026-04-05\";d:0;s:10:\"2026-04-06\";d:0;s:10:\"2026-04-07\";d:0;s:10:\"2026-04-08\";d:0;s:10:\"2026-04-09\";d:0;s:10:\"2026-04-10\";d:0;s:10:\"2026-04-11\";d:0;s:10:\"2026-04-12\";d:0;s:10:\"2026-04-13\";d:0;s:10:\"2026-04-14\";d:0;s:10:\"2026-04-15\";d:0;s:10:\"2026-04-16\";d:0;s:10:\"2026-04-17\";d:0;s:10:\"2026-04-18\";d:0;s:10:\"2026-04-19\";d:0;s:10:\"2026-04-20\";d:0;s:10:\"2026-04-21\";d:0;s:10:\"2026-04-22\";d:0;s:10:\"2026-04-23\";d:0;s:10:\"2026-04-24\";d:0;s:10:\"2026-04-25\";d:0;s:10:\"2026-04-26\";d:0;s:10:\"2026-04-27\";d:0;s:10:\"2026-04-28\";d:0;s:10:\"2026-04-29\";d:0;s:10:\"2026-04-30\";d:0;s:10:\"2026-05-01\";d:0;s:10:\"2026-05-02\";d:6967450;s:10:\"2026-05-03\";d:14835900;s:10:\"2026-05-04\";d:0;s:10:\"2026-05-05\";d:0;}}', 1777920468),
('laravel-cache-dashboard_cashflow_trend_20260401_20260430', 'a:2:{s:6:\"income\";a:30:{s:10:\"2026-04-01\";d:0;s:10:\"2026-04-02\";d:0;s:10:\"2026-04-03\";d:0;s:10:\"2026-04-04\";d:0;s:10:\"2026-04-05\";d:0;s:10:\"2026-04-06\";d:0;s:10:\"2026-04-07\";d:0;s:10:\"2026-04-08\";d:0;s:10:\"2026-04-09\";d:0;s:10:\"2026-04-10\";d:0;s:10:\"2026-04-11\";d:0;s:10:\"2026-04-12\";d:0;s:10:\"2026-04-13\";d:0;s:10:\"2026-04-14\";d:0;s:10:\"2026-04-15\";d:0;s:10:\"2026-04-16\";d:0;s:10:\"2026-04-17\";d:0;s:10:\"2026-04-18\";d:0;s:10:\"2026-04-19\";d:0;s:10:\"2026-04-20\";d:0;s:10:\"2026-04-21\";d:0;s:10:\"2026-04-22\";d:0;s:10:\"2026-04-23\";d:0;s:10:\"2026-04-24\";d:0;s:10:\"2026-04-25\";d:0;s:10:\"2026-04-26\";d:0;s:10:\"2026-04-27\";d:0;s:10:\"2026-04-28\";d:0;s:10:\"2026-04-29\";d:0;s:10:\"2026-04-30\";d:0;}s:7:\"expense\";a:30:{s:10:\"2026-04-01\";d:0;s:10:\"2026-04-02\";d:0;s:10:\"2026-04-03\";d:0;s:10:\"2026-04-04\";d:0;s:10:\"2026-04-05\";d:0;s:10:\"2026-04-06\";d:0;s:10:\"2026-04-07\";d:0;s:10:\"2026-04-08\";d:0;s:10:\"2026-04-09\";d:0;s:10:\"2026-04-10\";d:0;s:10:\"2026-04-11\";d:0;s:10:\"2026-04-12\";d:0;s:10:\"2026-04-13\";d:0;s:10:\"2026-04-14\";d:0;s:10:\"2026-04-15\";d:0;s:10:\"2026-04-16\";d:0;s:10:\"2026-04-17\";d:0;s:10:\"2026-04-18\";d:0;s:10:\"2026-04-19\";d:0;s:10:\"2026-04-20\";d:0;s:10:\"2026-04-21\";d:0;s:10:\"2026-04-22\";d:0;s:10:\"2026-04-23\";d:0;s:10:\"2026-04-24\";d:0;s:10:\"2026-04-25\";d:0;s:10:\"2026-04-26\";d:0;s:10:\"2026-04-27\";d:0;s:10:\"2026-04-28\";d:0;s:10:\"2026-04-29\";d:0;s:10:\"2026-04-30\";d:0;}}', 1777916119),
('laravel-cache-dashboard_cashflow_trend_20260427_20260503', 'a:2:{s:6:\"income\";a:7:{s:10:\"2026-04-27\";d:0;s:10:\"2026-04-28\";d:0;s:10:\"2026-04-29\";d:0;s:10:\"2026-04-30\";d:0;s:10:\"2026-05-01\";d:0;s:10:\"2026-05-02\";d:18983500;s:10:\"2026-05-03\";d:37930300;}s:7:\"expense\";a:7:{s:10:\"2026-04-27\";d:0;s:10:\"2026-04-28\";d:0;s:10:\"2026-04-29\";d:0;s:10:\"2026-04-30\";d:0;s:10:\"2026-05-01\";d:0;s:10:\"2026-05-02\";d:6967450;s:10:\"2026-05-03\";d:14835900;}}', 1777820875),
('laravel-cache-dashboard_cashflow_trend_20260501_20260503', 'a:2:{s:6:\"income\";a:3:{s:10:\"2026-05-01\";d:0;s:10:\"2026-05-02\";d:18983500;s:10:\"2026-05-03\";d:37930300;}s:7:\"expense\";a:3:{s:10:\"2026-05-01\";d:0;s:10:\"2026-05-02\";d:6967450;s:10:\"2026-05-03\";d:14835900;}}', 1777783272),
('laravel-cache-dashboard_cashflow_trend_20260501_20260531', 'a:2:{s:6:\"income\";a:31:{s:10:\"2026-05-01\";d:0;s:10:\"2026-05-02\";d:18983500;s:10:\"2026-05-03\";d:37930300;s:10:\"2026-05-04\";d:0;s:10:\"2026-05-05\";d:108022000;s:10:\"2026-05-06\";d:0;s:10:\"2026-05-07\";d:0;s:10:\"2026-05-08\";d:0;s:10:\"2026-05-09\";d:0;s:10:\"2026-05-10\";d:0;s:10:\"2026-05-11\";d:0;s:10:\"2026-05-12\";d:0;s:10:\"2026-05-13\";d:0;s:10:\"2026-05-14\";d:0;s:10:\"2026-05-15\";d:0;s:10:\"2026-05-16\";d:0;s:10:\"2026-05-17\";d:0;s:10:\"2026-05-18\";d:0;s:10:\"2026-05-19\";d:0;s:10:\"2026-05-20\";d:0;s:10:\"2026-05-21\";d:0;s:10:\"2026-05-22\";d:0;s:10:\"2026-05-23\";d:0;s:10:\"2026-05-24\";d:0;s:10:\"2026-05-25\";d:0;s:10:\"2026-05-26\";d:0;s:10:\"2026-05-27\";d:0;s:10:\"2026-05-28\";d:0;s:10:\"2026-05-29\";d:0;s:10:\"2026-05-30\";d:0;s:10:\"2026-05-31\";d:0;}s:7:\"expense\";a:31:{s:10:\"2026-05-01\";d:0;s:10:\"2026-05-02\";d:6967450;s:10:\"2026-05-03\";d:14835900;s:10:\"2026-05-04\";d:0;s:10:\"2026-05-05\";d:25724400;s:10:\"2026-05-06\";d:0;s:10:\"2026-05-07\";d:0;s:10:\"2026-05-08\";d:0;s:10:\"2026-05-09\";d:0;s:10:\"2026-05-10\";d:0;s:10:\"2026-05-11\";d:0;s:10:\"2026-05-12\";d:0;s:10:\"2026-05-13\";d:0;s:10:\"2026-05-14\";d:0;s:10:\"2026-05-15\";d:0;s:10:\"2026-05-16\";d:0;s:10:\"2026-05-17\";d:0;s:10:\"2026-05-18\";d:0;s:10:\"2026-05-19\";d:0;s:10:\"2026-05-20\";d:0;s:10:\"2026-05-21\";d:0;s:10:\"2026-05-22\";d:0;s:10:\"2026-05-23\";d:0;s:10:\"2026-05-24\";d:0;s:10:\"2026-05-25\";d:0;s:10:\"2026-05-26\";d:0;s:10:\"2026-05-27\";d:0;s:10:\"2026-05-28\";d:0;s:10:\"2026-05-29\";d:0;s:10:\"2026-05-30\";d:0;s:10:\"2026-05-31\";d:0;}}', 1777983553),
('laravel-cache-dashboard_cashflow_trend_20260502_20260502', 'a:2:{s:6:\"income\";a:1:{s:10:\"2026-05-02\";d:18983500;}s:7:\"expense\";a:1:{s:10:\"2026-05-02\";d:6967450;}}', 1777788993),
('laravel-cache-dashboard_cashflow_trend_20260502_20260503', 'a:2:{s:6:\"income\";a:2:{s:10:\"2026-05-02\";d:18983500;s:10:\"2026-05-03\";d:37930300;}s:7:\"expense\";a:2:{s:10:\"2026-05-02\";d:6967450;s:10:\"2026-05-03\";d:14835900;}}', 1777784292),
('laravel-cache-dashboard_cashflow_trend_20260503_20260503', 'a:2:{s:6:\"income\";a:1:{s:10:\"2026-05-03\";d:37930300;}s:7:\"expense\";a:1:{s:10:\"2026-05-03\";d:14835900;}}', 1777957911),
('laravel-cache-dashboard_cashflow_trend_20260504_20260504', 'a:2:{s:6:\"income\";a:1:{s:10:\"2026-05-04\";d:0;}s:7:\"expense\";a:1:{s:10:\"2026-05-04\";d:0;}}', 1777960150),
('laravel-cache-dashboard_cashflow_trend_20260504_20260505', 'a:2:{s:6:\"income\";a:2:{s:10:\"2026-05-04\";d:0;s:10:\"2026-05-05\";d:81141000;}s:7:\"expense\";a:2:{s:10:\"2026-05-04\";d:0;s:10:\"2026-05-05\";d:23582400;}}', 1777957803),
('laravel-cache-dashboard_cashflow_trend_20260504_20260510', 'a:2:{s:6:\"income\";a:7:{s:10:\"2026-05-04\";d:0;s:10:\"2026-05-05\";d:108022000;s:10:\"2026-05-06\";d:0;s:10:\"2026-05-07\";d:0;s:10:\"2026-05-08\";d:0;s:10:\"2026-05-09\";d:0;s:10:\"2026-05-10\";d:0;}s:7:\"expense\";a:7:{s:10:\"2026-05-04\";d:0;s:10:\"2026-05-05\";d:25724400;s:10:\"2026-05-06\";d:0;s:10:\"2026-05-07\";d:0;s:10:\"2026-05-08\";d:0;s:10:\"2026-05-09\";d:0;s:10:\"2026-05-10\";d:0;}}', 1777985931),
('laravel-cache-dashboard_cashflow_trend_20260505_20260505', 'a:2:{s:6:\"income\";a:1:{s:10:\"2026-05-05\";d:108022000;}s:7:\"expense\";a:1:{s:10:\"2026-05-05\";d:25724400;}}', 1777983546),
('laravel-cache-dashboard_cashflow_yesterday_20260502_20260502', 'a:3:{s:6:\"income\";d:18983500;s:7:\"expense\";d:6967450;s:13:\"net_cash_flow\";d:12016050;}', 1777788092),
('laravel-cache-dashboard_cashflow_yesterday_20260503_20260503', 'a:3:{s:6:\"income\";d:37930300;s:7:\"expense\";d:14835900;s:13:\"net_cash_flow\";d:23094400;}', 1777914672),
('laravel-cache-dashboard_cashflow_yesterday_20260504_20260504', 'a:3:{s:6:\"income\";d:0;s:7:\"expense\";d:0;s:13:\"net_cash_flow\";d:0;}', 1777959248),
('laravel-cache-dashboard_expense_breakdown_20260101_20260505', 'a:1:{i:0;a:2:{s:13:\"category_name\";s:17:\"Product Purchases\";s:12:\"total_amount\";s:8:\"21803350\";}}', 1777920468),
('laravel-cache-dashboard_expense_breakdown_20260401_20260430', 'a:0:{}', 1777916120),
('laravel-cache-dashboard_expense_breakdown_20260427_20260503', 'a:1:{i:0;a:2:{s:13:\"category_name\";s:17:\"Product Purchases\";s:12:\"total_amount\";s:8:\"21803350\";}}', 1777820876),
('laravel-cache-dashboard_expense_breakdown_20260501_20260503', 'a:1:{i:0;a:2:{s:13:\"category_name\";s:17:\"Product Purchases\";s:12:\"total_amount\";s:8:\"21803350\";}}', 1777783272),
('laravel-cache-dashboard_expense_breakdown_20260501_20260531', 'a:1:{i:0;a:2:{s:13:\"category_name\";s:17:\"Product Purchases\";s:12:\"total_amount\";s:8:\"47527750\";}}', 1777983554),
('laravel-cache-dashboard_expense_breakdown_20260502_20260502', 'a:1:{i:0;a:2:{s:13:\"category_name\";s:17:\"Product Purchases\";s:12:\"total_amount\";s:7:\"6967450\";}}', 1777788993),
('laravel-cache-dashboard_expense_breakdown_20260502_20260503', 'a:1:{i:0;a:2:{s:13:\"category_name\";s:17:\"Product Purchases\";s:12:\"total_amount\";s:8:\"21803350\";}}', 1777784293),
('laravel-cache-dashboard_expense_breakdown_20260503_20260503', 'a:1:{i:0;a:2:{s:13:\"category_name\";s:17:\"Product Purchases\";s:12:\"total_amount\";s:8:\"14835900\";}}', 1777957911),
('laravel-cache-dashboard_expense_breakdown_20260504_20260504', 'a:0:{}', 1777960150),
('laravel-cache-dashboard_expense_breakdown_20260504_20260505', 'a:1:{i:0;a:2:{s:13:\"category_name\";s:17:\"Product Purchases\";s:12:\"total_amount\";s:8:\"23582400\";}}', 1777957804),
('laravel-cache-dashboard_expense_breakdown_20260504_20260510', 'a:1:{i:0;a:2:{s:13:\"category_name\";s:17:\"Product Purchases\";s:12:\"total_amount\";s:8:\"25724400\";}}', 1777985931),
('laravel-cache-dashboard_expense_breakdown_20260505_20260505', 'a:1:{i:0;a:2:{s:13:\"category_name\";s:17:\"Product Purchases\";s:12:\"total_amount\";s:8:\"25724400\";}}', 1777983546);
INSERT INTO `cache` (`key`, `value`, `expiration`) VALUES
('laravel-cache-dashboard_jml_stock', 'O:39:\"Illuminate\\Database\\Eloquent\\Collection\":2:{s:8:\"\0*\0items\";a:92:{i:0;O:18:\"App\\Models\\Product\":33:{s:13:\"\0*\0connection\";s:5:\"mysql\";s:8:\"\0*\0table\";s:8:\"products\";s:13:\"\0*\0primaryKey\";s:2:\"id\";s:10:\"\0*\0keyType\";s:3:\"int\";s:12:\"incrementing\";b:1;s:7:\"\0*\0with\";a:0:{}s:12:\"\0*\0withCount\";a:0:{}s:19:\"preventsLazyLoading\";b:0;s:10:\"\0*\0perPage\";i:15;s:6:\"exists\";b:1;s:18:\"wasRecentlyCreated\";b:0;s:28:\"\0*\0escapeWhenCastingToString\";b:0;s:13:\"\0*\0attributes\";a:1:{s:13:\"total_product\";i:1;}s:11:\"\0*\0original\";a:1:{s:13:\"total_product\";i:1;}s:10:\"\0*\0changes\";a:0:{}s:11:\"\0*\0previous\";a:0:{}s:8:\"\0*\0casts\";a:5:{s:14:\"purchase_price\";s:7:\"integer\";s:13:\"selling_price\";s:7:\"integer\";s:8:\"quantity\";s:7:\"integer\";s:9:\"min_stock\";s:7:\"integer\";s:9:\"is_active\";s:7:\"boolean\";}s:17:\"\0*\0classCastCache\";a:0:{}s:21:\"\0*\0attributeCastCache\";a:0:{}s:13:\"\0*\0dateFormat\";N;s:10:\"\0*\0appends\";a:0:{}s:19:\"\0*\0dispatchesEvents\";a:0:{}s:14:\"\0*\0observables\";a:0:{}s:12:\"\0*\0relations\";a:0:{}s:10:\"\0*\0touches\";a:0:{}s:27:\"\0*\0relationAutoloadCallback\";N;s:26:\"\0*\0relationAutoloadContext\";N;s:10:\"timestamps\";b:1;s:13:\"usesUniqueIds\";b:0;s:9:\"\0*\0hidden\";a:0:{}s:10:\"\0*\0visible\";a:0:{}s:11:\"\0*\0fillable\";a:11:{i:0;s:11:\"category_id\";i:1;s:7:\"unit_id\";i:2;s:3:\"sku\";i:3;s:4:\"name\";i:4;s:14:\"purchase_price\";i:5;s:13:\"selling_price\";i:6;s:8:\"quantity\";i:7;s:9:\"min_stock\";i:8;s:9:\"is_active\";i:9;s:11:\"description\";i:10;s:5:\"notes\";}s:10:\"\0*\0guarded\";a:1:{i:0;s:1:\"*\";}}i:1;O:18:\"App\\Models\\Product\":33:{s:13:\"\0*\0connection\";s:5:\"mysql\";s:8:\"\0*\0table\";s:8:\"products\";s:13:\"\0*\0primaryKey\";s:2:\"id\";s:10:\"\0*\0keyType\";s:3:\"int\";s:12:\"incrementing\";b:1;s:7:\"\0*\0with\";a:0:{}s:12:\"\0*\0withCount\";a:0:{}s:19:\"preventsLazyLoading\";b:0;s:10:\"\0*\0perPage\";i:15;s:6:\"exists\";b:1;s:18:\"wasRecentlyCreated\";b:0;s:28:\"\0*\0escapeWhenCastingToString\";b:0;s:13:\"\0*\0attributes\";a:1:{s:13:\"total_product\";i:1;}s:11:\"\0*\0original\";a:1:{s:13:\"total_product\";i:1;}s:10:\"\0*\0changes\";a:0:{}s:11:\"\0*\0previous\";a:0:{}s:8:\"\0*\0casts\";a:5:{s:14:\"purchase_price\";s:7:\"integer\";s:13:\"selling_price\";s:7:\"integer\";s:8:\"quantity\";s:7:\"integer\";s:9:\"min_stock\";s:7:\"integer\";s:9:\"is_active\";s:7:\"boolean\";}s:17:\"\0*\0classCastCache\";a:0:{}s:21:\"\0*\0attributeCastCache\";a:0:{}s:13:\"\0*\0dateFormat\";N;s:10:\"\0*\0appends\";a:0:{}s:19:\"\0*\0dispatchesEvents\";a:0:{}s:14:\"\0*\0observables\";a:0:{}s:12:\"\0*\0relations\";a:0:{}s:10:\"\0*\0touches\";a:0:{}s:27:\"\0*\0relationAutoloadCallback\";N;s:26:\"\0*\0relationAutoloadContext\";N;s:10:\"timestamps\";b:1;s:13:\"usesUniqueIds\";b:0;s:9:\"\0*\0hidden\";a:0:{}s:10:\"\0*\0visible\";a:0:{}s:11:\"\0*\0fillable\";a:11:{i:0;s:11:\"category_id\";i:1;s:7:\"unit_id\";i:2;s:3:\"sku\";i:3;s:4:\"name\";i:4;s:14:\"purchase_price\";i:5;s:13:\"selling_price\";i:6;s:8:\"quantity\";i:7;s:9:\"min_stock\";i:8;s:9:\"is_active\";i:9;s:11:\"description\";i:10;s:5:\"notes\";}s:10:\"\0*\0guarded\";a:1:{i:0;s:1:\"*\";}}i:2;O:18:\"App\\Models\\Product\":33:{s:13:\"\0*\0connection\";s:5:\"mysql\";s:8:\"\0*\0table\";s:8:\"products\";s:13:\"\0*\0primaryKey\";s:2:\"id\";s:10:\"\0*\0keyType\";s:3:\"int\";s:12:\"incrementing\";b:1;s:7:\"\0*\0with\";a:0:{}s:12:\"\0*\0withCount\";a:0:{}s:19:\"preventsLazyLoading\";b:0;s:10:\"\0*\0perPage\";i:15;s:6:\"exists\";b:1;s:18:\"wasRecentlyCreated\";b:0;s:28:\"\0*\0escapeWhenCastingToString\";b:0;s:13:\"\0*\0attributes\";a:1:{s:13:\"total_product\";i:1;}s:11:\"\0*\0original\";a:1:{s:13:\"total_product\";i:1;}s:10:\"\0*\0changes\";a:0:{}s:11:\"\0*\0previous\";a:0:{}s:8:\"\0*\0casts\";a:5:{s:14:\"purchase_price\";s:7:\"integer\";s:13:\"selling_price\";s:7:\"integer\";s:8:\"quantity\";s:7:\"integer\";s:9:\"min_stock\";s:7:\"integer\";s:9:\"is_active\";s:7:\"boolean\";}s:17:\"\0*\0classCastCache\";a:0:{}s:21:\"\0*\0attributeCastCache\";a:0:{}s:13:\"\0*\0dateFormat\";N;s:10:\"\0*\0appends\";a:0:{}s:19:\"\0*\0dispatchesEvents\";a:0:{}s:14:\"\0*\0observables\";a:0:{}s:12:\"\0*\0relations\";a:0:{}s:10:\"\0*\0touches\";a:0:{}s:27:\"\0*\0relationAutoloadCallback\";N;s:26:\"\0*\0relationAutoloadContext\";N;s:10:\"timestamps\";b:1;s:13:\"usesUniqueIds\";b:0;s:9:\"\0*\0hidden\";a:0:{}s:10:\"\0*\0visible\";a:0:{}s:11:\"\0*\0fillable\";a:11:{i:0;s:11:\"category_id\";i:1;s:7:\"unit_id\";i:2;s:3:\"sku\";i:3;s:4:\"name\";i:4;s:14:\"purchase_price\";i:5;s:13:\"selling_price\";i:6;s:8:\"quantity\";i:7;s:9:\"min_stock\";i:8;s:9:\"is_active\";i:9;s:11:\"description\";i:10;s:5:\"notes\";}s:10:\"\0*\0guarded\";a:1:{i:0;s:1:\"*\";}}i:3;O:18:\"App\\Models\\Product\":33:{s:13:\"\0*\0connection\";s:5:\"mysql\";s:8:\"\0*\0table\";s:8:\"products\";s:13:\"\0*\0primaryKey\";s:2:\"id\";s:10:\"\0*\0keyType\";s:3:\"int\";s:12:\"incrementing\";b:1;s:7:\"\0*\0with\";a:0:{}s:12:\"\0*\0withCount\";a:0:{}s:19:\"preventsLazyLoading\";b:0;s:10:\"\0*\0perPage\";i:15;s:6:\"exists\";b:1;s:18:\"wasRecentlyCreated\";b:0;s:28:\"\0*\0escapeWhenCastingToString\";b:0;s:13:\"\0*\0attributes\";a:1:{s:13:\"total_product\";i:1;}s:11:\"\0*\0original\";a:1:{s:13:\"total_product\";i:1;}s:10:\"\0*\0changes\";a:0:{}s:11:\"\0*\0previous\";a:0:{}s:8:\"\0*\0casts\";a:5:{s:14:\"purchase_price\";s:7:\"integer\";s:13:\"selling_price\";s:7:\"integer\";s:8:\"quantity\";s:7:\"integer\";s:9:\"min_stock\";s:7:\"integer\";s:9:\"is_active\";s:7:\"boolean\";}s:17:\"\0*\0classCastCache\";a:0:{}s:21:\"\0*\0attributeCastCache\";a:0:{}s:13:\"\0*\0dateFormat\";N;s:10:\"\0*\0appends\";a:0:{}s:19:\"\0*\0dispatchesEvents\";a:0:{}s:14:\"\0*\0observables\";a:0:{}s:12:\"\0*\0relations\";a:0:{}s:10:\"\0*\0touches\";a:0:{}s:27:\"\0*\0relationAutoloadCallback\";N;s:26:\"\0*\0relationAutoloadContext\";N;s:10:\"timestamps\";b:1;s:13:\"usesUniqueIds\";b:0;s:9:\"\0*\0hidden\";a:0:{}s:10:\"\0*\0visible\";a:0:{}s:11:\"\0*\0fillable\";a:11:{i:0;s:11:\"category_id\";i:1;s:7:\"unit_id\";i:2;s:3:\"sku\";i:3;s:4:\"name\";i:4;s:14:\"purchase_price\";i:5;s:13:\"selling_price\";i:6;s:8:\"quantity\";i:7;s:9:\"min_stock\";i:8;s:9:\"is_active\";i:9;s:11:\"description\";i:10;s:5:\"notes\";}s:10:\"\0*\0guarded\";a:1:{i:0;s:1:\"*\";}}i:4;O:18:\"App\\Models\\Product\":33:{s:13:\"\0*\0connection\";s:5:\"mysql\";s:8:\"\0*\0table\";s:8:\"products\";s:13:\"\0*\0primaryKey\";s:2:\"id\";s:10:\"\0*\0keyType\";s:3:\"int\";s:12:\"incrementing\";b:1;s:7:\"\0*\0with\";a:0:{}s:12:\"\0*\0withCount\";a:0:{}s:19:\"preventsLazyLoading\";b:0;s:10:\"\0*\0perPage\";i:15;s:6:\"exists\";b:1;s:18:\"wasRecentlyCreated\";b:0;s:28:\"\0*\0escapeWhenCastingToString\";b:0;s:13:\"\0*\0attributes\";a:1:{s:13:\"total_product\";i:1;}s:11:\"\0*\0original\";a:1:{s:13:\"total_product\";i:1;}s:10:\"\0*\0changes\";a:0:{}s:11:\"\0*\0previous\";a:0:{}s:8:\"\0*\0casts\";a:5:{s:14:\"purchase_price\";s:7:\"integer\";s:13:\"selling_price\";s:7:\"integer\";s:8:\"quantity\";s:7:\"integer\";s:9:\"min_stock\";s:7:\"integer\";s:9:\"is_active\";s:7:\"boolean\";}s:17:\"\0*\0classCastCache\";a:0:{}s:21:\"\0*\0attributeCastCache\";a:0:{}s:13:\"\0*\0dateFormat\";N;s:10:\"\0*\0appends\";a:0:{}s:19:\"\0*\0dispatchesEvents\";a:0:{}s:14:\"\0*\0observables\";a:0:{}s:12:\"\0*\0relations\";a:0:{}s:10:\"\0*\0touches\";a:0:{}s:27:\"\0*\0relationAutoloadCallback\";N;s:26:\"\0*\0relationAutoloadContext\";N;s:10:\"timestamps\";b:1;s:13:\"usesUniqueIds\";b:0;s:9:\"\0*\0hidden\";a:0:{}s:10:\"\0*\0visible\";a:0:{}s:11:\"\0*\0fillable\";a:11:{i:0;s:11:\"category_id\";i:1;s:7:\"unit_id\";i:2;s:3:\"sku\";i:3;s:4:\"name\";i:4;s:14:\"purchase_price\";i:5;s:13:\"selling_price\";i:6;s:8:\"quantity\";i:7;s:9:\"min_stock\";i:8;s:9:\"is_active\";i:9;s:11:\"description\";i:10;s:5:\"notes\";}s:10:\"\0*\0guarded\";a:1:{i:0;s:1:\"*\";}}i:5;O:18:\"App\\Models\\Product\":33:{s:13:\"\0*\0connection\";s:5:\"mysql\";s:8:\"\0*\0table\";s:8:\"products\";s:13:\"\0*\0primaryKey\";s:2:\"id\";s:10:\"\0*\0keyType\";s:3:\"int\";s:12:\"incrementing\";b:1;s:7:\"\0*\0with\";a:0:{}s:12:\"\0*\0withCount\";a:0:{}s:19:\"preventsLazyLoading\";b:0;s:10:\"\0*\0perPage\";i:15;s:6:\"exists\";b:1;s:18:\"wasRecentlyCreated\";b:0;s:28:\"\0*\0escapeWhenCastingToString\";b:0;s:13:\"\0*\0attributes\";a:1:{s:13:\"total_product\";i:1;}s:11:\"\0*\0original\";a:1:{s:13:\"total_product\";i:1;}s:10:\"\0*\0changes\";a:0:{}s:11:\"\0*\0previous\";a:0:{}s:8:\"\0*\0casts\";a:5:{s:14:\"purchase_price\";s:7:\"integer\";s:13:\"selling_price\";s:7:\"integer\";s:8:\"quantity\";s:7:\"integer\";s:9:\"min_stock\";s:7:\"integer\";s:9:\"is_active\";s:7:\"boolean\";}s:17:\"\0*\0classCastCache\";a:0:{}s:21:\"\0*\0attributeCastCache\";a:0:{}s:13:\"\0*\0dateFormat\";N;s:10:\"\0*\0appends\";a:0:{}s:19:\"\0*\0dispatchesEvents\";a:0:{}s:14:\"\0*\0observables\";a:0:{}s:12:\"\0*\0relations\";a:0:{}s:10:\"\0*\0touches\";a:0:{}s:27:\"\0*\0relationAutoloadCallback\";N;s:26:\"\0*\0relationAutoloadContext\";N;s:10:\"timestamps\";b:1;s:13:\"usesUniqueIds\";b:0;s:9:\"\0*\0hidden\";a:0:{}s:10:\"\0*\0visible\";a:0:{}s:11:\"\0*\0fillable\";a:11:{i:0;s:11:\"category_id\";i:1;s:7:\"unit_id\";i:2;s:3:\"sku\";i:3;s:4:\"name\";i:4;s:14:\"purchase_price\";i:5;s:13:\"selling_price\";i:6;s:8:\"quantity\";i:7;s:9:\"min_stock\";i:8;s:9:\"is_active\";i:9;s:11:\"description\";i:10;s:5:\"notes\";}s:10:\"\0*\0guarded\";a:1:{i:0;s:1:\"*\";}}i:6;O:18:\"App\\Models\\Product\":33:{s:13:\"\0*\0connection\";s:5:\"mysql\";s:8:\"\0*\0table\";s:8:\"products\";s:13:\"\0*\0primaryKey\";s:2:\"id\";s:10:\"\0*\0keyType\";s:3:\"int\";s:12:\"incrementing\";b:1;s:7:\"\0*\0with\";a:0:{}s:12:\"\0*\0withCount\";a:0:{}s:19:\"preventsLazyLoading\";b:0;s:10:\"\0*\0perPage\";i:15;s:6:\"exists\";b:1;s:18:\"wasRecentlyCreated\";b:0;s:28:\"\0*\0escapeWhenCastingToString\";b:0;s:13:\"\0*\0attributes\";a:1:{s:13:\"total_product\";i:1;}s:11:\"\0*\0original\";a:1:{s:13:\"total_product\";i:1;}s:10:\"\0*\0changes\";a:0:{}s:11:\"\0*\0previous\";a:0:{}s:8:\"\0*\0casts\";a:5:{s:14:\"purchase_price\";s:7:\"integer\";s:13:\"selling_price\";s:7:\"integer\";s:8:\"quantity\";s:7:\"integer\";s:9:\"min_stock\";s:7:\"integer\";s:9:\"is_active\";s:7:\"boolean\";}s:17:\"\0*\0classCastCache\";a:0:{}s:21:\"\0*\0attributeCastCache\";a:0:{}s:13:\"\0*\0dateFormat\";N;s:10:\"\0*\0appends\";a:0:{}s:19:\"\0*\0dispatchesEvents\";a:0:{}s:14:\"\0*\0observables\";a:0:{}s:12:\"\0*\0relations\";a:0:{}s:10:\"\0*\0touches\";a:0:{}s:27:\"\0*\0relationAutoloadCallback\";N;s:26:\"\0*\0relationAutoloadContext\";N;s:10:\"timestamps\";b:1;s:13:\"usesUniqueIds\";b:0;s:9:\"\0*\0hidden\";a:0:{}s:10:\"\0*\0visible\";a:0:{}s:11:\"\0*\0fillable\";a:11:{i:0;s:11:\"category_id\";i:1;s:7:\"unit_id\";i:2;s:3:\"sku\";i:3;s:4:\"name\";i:4;s:14:\"purchase_price\";i:5;s:13:\"selling_price\";i:6;s:8:\"quantity\";i:7;s:9:\"min_stock\";i:8;s:9:\"is_active\";i:9;s:11:\"description\";i:10;s:5:\"notes\";}s:10:\"\0*\0guarded\";a:1:{i:0;s:1:\"*\";}}i:7;O:18:\"App\\Models\\Product\":33:{s:13:\"\0*\0connection\";s:5:\"mysql\";s:8:\"\0*\0table\";s:8:\"products\";s:13:\"\0*\0primaryKey\";s:2:\"id\";s:10:\"\0*\0keyType\";s:3:\"int\";s:12:\"incrementing\";b:1;s:7:\"\0*\0with\";a:0:{}s:12:\"\0*\0withCount\";a:0:{}s:19:\"preventsLazyLoading\";b:0;s:10:\"\0*\0perPage\";i:15;s:6:\"exists\";b:1;s:18:\"wasRecentlyCreated\";b:0;s:28:\"\0*\0escapeWhenCastingToString\";b:0;s:13:\"\0*\0attributes\";a:1:{s:13:\"total_product\";i:1;}s:11:\"\0*\0original\";a:1:{s:13:\"total_product\";i:1;}s:10:\"\0*\0changes\";a:0:{}s:11:\"\0*\0previous\";a:0:{}s:8:\"\0*\0casts\";a:5:{s:14:\"purchase_price\";s:7:\"integer\";s:13:\"selling_price\";s:7:\"integer\";s:8:\"quantity\";s:7:\"integer\";s:9:\"min_stock\";s:7:\"integer\";s:9:\"is_active\";s:7:\"boolean\";}s:17:\"\0*\0classCastCache\";a:0:{}s:21:\"\0*\0attributeCastCache\";a:0:{}s:13:\"\0*\0dateFormat\";N;s:10:\"\0*\0appends\";a:0:{}s:19:\"\0*\0dispatchesEvents\";a:0:{}s:14:\"\0*\0observables\";a:0:{}s:12:\"\0*\0relations\";a:0:{}s:10:\"\0*\0touches\";a:0:{}s:27:\"\0*\0relationAutoloadCallback\";N;s:26:\"\0*\0relationAutoloadContext\";N;s:10:\"timestamps\";b:1;s:13:\"usesUniqueIds\";b:0;s:9:\"\0*\0hidden\";a:0:{}s:10:\"\0*\0visible\";a:0:{}s:11:\"\0*\0fillable\";a:11:{i:0;s:11:\"category_id\";i:1;s:7:\"unit_id\";i:2;s:3:\"sku\";i:3;s:4:\"name\";i:4;s:14:\"purchase_price\";i:5;s:13:\"selling_price\";i:6;s:8:\"quantity\";i:7;s:9:\"min_stock\";i:8;s:9:\"is_active\";i:9;s:11:\"description\";i:10;s:5:\"notes\";}s:10:\"\0*\0guarded\";a:1:{i:0;s:1:\"*\";}}i:8;O:18:\"App\\Models\\Product\":33:{s:13:\"\0*\0connection\";s:5:\"mysql\";s:8:\"\0*\0table\";s:8:\"products\";s:13:\"\0*\0primaryKey\";s:2:\"id\";s:10:\"\0*\0keyType\";s:3:\"int\";s:12:\"incrementing\";b:1;s:7:\"\0*\0with\";a:0:{}s:12:\"\0*\0withCount\";a:0:{}s:19:\"preventsLazyLoading\";b:0;s:10:\"\0*\0perPage\";i:15;s:6:\"exists\";b:1;s:18:\"wasRecentlyCreated\";b:0;s:28:\"\0*\0escapeWhenCastingToString\";b:0;s:13:\"\0*\0attributes\";a:1:{s:13:\"total_product\";i:1;}s:11:\"\0*\0original\";a:1:{s:13:\"total_product\";i:1;}s:10:\"\0*\0changes\";a:0:{}s:11:\"\0*\0previous\";a:0:{}s:8:\"\0*\0casts\";a:5:{s:14:\"purchase_price\";s:7:\"integer\";s:13:\"selling_price\";s:7:\"integer\";s:8:\"quantity\";s:7:\"integer\";s:9:\"min_stock\";s:7:\"integer\";s:9:\"is_active\";s:7:\"boolean\";}s:17:\"\0*\0classCastCache\";a:0:{}s:21:\"\0*\0attributeCastCache\";a:0:{}s:13:\"\0*\0dateFormat\";N;s:10:\"\0*\0appends\";a:0:{}s:19:\"\0*\0dispatchesEvents\";a:0:{}s:14:\"\0*\0observables\";a:0:{}s:12:\"\0*\0relations\";a:0:{}s:10:\"\0*\0touches\";a:0:{}s:27:\"\0*\0relationAutoloadCallback\";N;s:26:\"\0*\0relationAutoloadContext\";N;s:10:\"timestamps\";b:1;s:13:\"usesUniqueIds\";b:0;s:9:\"\0*\0hidden\";a:0:{}s:10:\"\0*\0visible\";a:0:{}s:11:\"\0*\0fillable\";a:11:{i:0;s:11:\"category_id\";i:1;s:7:\"unit_id\";i:2;s:3:\"sku\";i:3;s:4:\"name\";i:4;s:14:\"purchase_price\";i:5;s:13:\"selling_price\";i:6;s:8:\"quantity\";i:7;s:9:\"min_stock\";i:8;s:9:\"is_active\";i:9;s:11:\"description\";i:10;s:5:\"notes\";}s:10:\"\0*\0guarded\";a:1:{i:0;s:1:\"*\";}}i:9;O:18:\"App\\Models\\Product\":33:{s:13:\"\0*\0connection\";s:5:\"mysql\";s:8:\"\0*\0table\";s:8:\"products\";s:13:\"\0*\0primaryKey\";s:2:\"id\";s:10:\"\0*\0keyType\";s:3:\"int\";s:12:\"incrementing\";b:1;s:7:\"\0*\0with\";a:0:{}s:12:\"\0*\0withCount\";a:0:{}s:19:\"preventsLazyLoading\";b:0;s:10:\"\0*\0perPage\";i:15;s:6:\"exists\";b:1;s:18:\"wasRecentlyCreated\";b:0;s:28:\"\0*\0escapeWhenCastingToString\";b:0;s:13:\"\0*\0attributes\";a:1:{s:13:\"total_product\";i:1;}s:11:\"\0*\0original\";a:1:{s:13:\"total_product\";i:1;}s:10:\"\0*\0changes\";a:0:{}s:11:\"\0*\0previous\";a:0:{}s:8:\"\0*\0casts\";a:5:{s:14:\"purchase_price\";s:7:\"integer\";s:13:\"selling_price\";s:7:\"integer\";s:8:\"quantity\";s:7:\"integer\";s:9:\"min_stock\";s:7:\"integer\";s:9:\"is_active\";s:7:\"boolean\";}s:17:\"\0*\0classCastCache\";a:0:{}s:21:\"\0*\0attributeCastCache\";a:0:{}s:13:\"\0*\0dateFormat\";N;s:10:\"\0*\0appends\";a:0:{}s:19:\"\0*\0dispatchesEvents\";a:0:{}s:14:\"\0*\0observables\";a:0:{}s:12:\"\0*\0relations\";a:0:{}s:10:\"\0*\0touches\";a:0:{}s:27:\"\0*\0relationAutoloadCallback\";N;s:26:\"\0*\0relationAutoloadContext\";N;s:10:\"timestamps\";b:1;s:13:\"usesUniqueIds\";b:0;s:9:\"\0*\0hidden\";a:0:{}s:10:\"\0*\0visible\";a:0:{}s:11:\"\0*\0fillable\";a:11:{i:0;s:11:\"category_id\";i:1;s:7:\"unit_id\";i:2;s:3:\"sku\";i:3;s:4:\"name\";i:4;s:14:\"purchase_price\";i:5;s:13:\"selling_price\";i:6;s:8:\"quantity\";i:7;s:9:\"min_stock\";i:8;s:9:\"is_active\";i:9;s:11:\"description\";i:10;s:5:\"notes\";}s:10:\"\0*\0guarded\";a:1:{i:0;s:1:\"*\";}}i:10;O:18:\"App\\Models\\Product\":33:{s:13:\"\0*\0connection\";s:5:\"mysql\";s:8:\"\0*\0table\";s:8:\"products\";s:13:\"\0*\0primaryKey\";s:2:\"id\";s:10:\"\0*\0keyType\";s:3:\"int\";s:12:\"incrementing\";b:1;s:7:\"\0*\0with\";a:0:{}s:12:\"\0*\0withCount\";a:0:{}s:19:\"preventsLazyLoading\";b:0;s:10:\"\0*\0perPage\";i:15;s:6:\"exists\";b:1;s:18:\"wasRecentlyCreated\";b:0;s:28:\"\0*\0escapeWhenCastingToString\";b:0;s:13:\"\0*\0attributes\";a:1:{s:13:\"total_product\";i:1;}s:11:\"\0*\0original\";a:1:{s:13:\"total_product\";i:1;}s:10:\"\0*\0changes\";a:0:{}s:11:\"\0*\0previous\";a:0:{}s:8:\"\0*\0casts\";a:5:{s:14:\"purchase_price\";s:7:\"integer\";s:13:\"selling_price\";s:7:\"integer\";s:8:\"quantity\";s:7:\"integer\";s:9:\"min_stock\";s:7:\"integer\";s:9:\"is_active\";s:7:\"boolean\";}s:17:\"\0*\0classCastCache\";a:0:{}s:21:\"\0*\0attributeCastCache\";a:0:{}s:13:\"\0*\0dateFormat\";N;s:10:\"\0*\0appends\";a:0:{}s:19:\"\0*\0dispatchesEvents\";a:0:{}s:14:\"\0*\0observables\";a:0:{}s:12:\"\0*\0relations\";a:0:{}s:10:\"\0*\0touches\";a:0:{}s:27:\"\0*\0relationAutoloadCallback\";N;s:26:\"\0*\0relationAutoloadContext\";N;s:10:\"timestamps\";b:1;s:13:\"usesUniqueIds\";b:0;s:9:\"\0*\0hidden\";a:0:{}s:10:\"\0*\0visible\";a:0:{}s:11:\"\0*\0fillable\";a:11:{i:0;s:11:\"category_id\";i:1;s:7:\"unit_id\";i:2;s:3:\"sku\";i:3;s:4:\"name\";i:4;s:14:\"purchase_price\";i:5;s:13:\"selling_price\";i:6;s:8:\"quantity\";i:7;s:9:\"min_stock\";i:8;s:9:\"is_active\";i:9;s:11:\"description\";i:10;s:5:\"notes\";}s:10:\"\0*\0guarded\";a:1:{i:0;s:1:\"*\";}}i:11;O:18:\"App\\Models\\Product\":33:{s:13:\"\0*\0connection\";s:5:\"mysql\";s:8:\"\0*\0table\";s:8:\"products\";s:13:\"\0*\0primaryKey\";s:2:\"id\";s:10:\"\0*\0keyType\";s:3:\"int\";s:12:\"incrementing\";b:1;s:7:\"\0*\0with\";a:0:{}s:12:\"\0*\0withCount\";a:0:{}s:19:\"preventsLazyLoading\";b:0;s:10:\"\0*\0perPage\";i:15;s:6:\"exists\";b:1;s:18:\"wasRecentlyCreated\";b:0;s:28:\"\0*\0escapeWhenCastingToString\";b:0;s:13:\"\0*\0attributes\";a:1:{s:13:\"total_product\";i:1;}s:11:\"\0*\0original\";a:1:{s:13:\"total_product\";i:1;}s:10:\"\0*\0changes\";a:0:{}s:11:\"\0*\0previous\";a:0:{}s:8:\"\0*\0casts\";a:5:{s:14:\"purchase_price\";s:7:\"integer\";s:13:\"selling_price\";s:7:\"integer\";s:8:\"quantity\";s:7:\"integer\";s:9:\"min_stock\";s:7:\"integer\";s:9:\"is_active\";s:7:\"boolean\";}s:17:\"\0*\0classCastCache\";a:0:{}s:21:\"\0*\0attributeCastCache\";a:0:{}s:13:\"\0*\0dateFormat\";N;s:10:\"\0*\0appends\";a:0:{}s:19:\"\0*\0dispatchesEvents\";a:0:{}s:14:\"\0*\0observables\";a:0:{}s:12:\"\0*\0relations\";a:0:{}s:10:\"\0*\0touches\";a:0:{}s:27:\"\0*\0relationAutoloadCallback\";N;s:26:\"\0*\0relationAutoloadContext\";N;s:10:\"timestamps\";b:1;s:13:\"usesUniqueIds\";b:0;s:9:\"\0*\0hidden\";a:0:{}s:10:\"\0*\0visible\";a:0:{}s:11:\"\0*\0fillable\";a:11:{i:0;s:11:\"category_id\";i:1;s:7:\"unit_id\";i:2;s:3:\"sku\";i:3;s:4:\"name\";i:4;s:14:\"purchase_price\";i:5;s:13:\"selling_price\";i:6;s:8:\"quantity\";i:7;s:9:\"min_stock\";i:8;s:9:\"is_active\";i:9;s:11:\"description\";i:10;s:5:\"notes\";}s:10:\"\0*\0guarded\";a:1:{i:0;s:1:\"*\";}}i:12;O:18:\"App\\Models\\Product\":33:{s:13:\"\0*\0connection\";s:5:\"mysql\";s:8:\"\0*\0table\";s:8:\"products\";s:13:\"\0*\0primaryKey\";s:2:\"id\";s:10:\"\0*\0keyType\";s:3:\"int\";s:12:\"incrementing\";b:1;s:7:\"\0*\0with\";a:0:{}s:12:\"\0*\0withCount\";a:0:{}s:19:\"preventsLazyLoading\";b:0;s:10:\"\0*\0perPage\";i:15;s:6:\"exists\";b:1;s:18:\"wasRecentlyCreated\";b:0;s:28:\"\0*\0escapeWhenCastingToString\";b:0;s:13:\"\0*\0attributes\";a:1:{s:13:\"total_product\";i:1;}s:11:\"\0*\0original\";a:1:{s:13:\"total_product\";i:1;}s:10:\"\0*\0changes\";a:0:{}s:11:\"\0*\0previous\";a:0:{}s:8:\"\0*\0casts\";a:5:{s:14:\"purchase_price\";s:7:\"integer\";s:13:\"selling_price\";s:7:\"integer\";s:8:\"quantity\";s:7:\"integer\";s:9:\"min_stock\";s:7:\"integer\";s:9:\"is_active\";s:7:\"boolean\";}s:17:\"\0*\0classCastCache\";a:0:{}s:21:\"\0*\0attributeCastCache\";a:0:{}s:13:\"\0*\0dateFormat\";N;s:10:\"\0*\0appends\";a:0:{}s:19:\"\0*\0dispatchesEvents\";a:0:{}s:14:\"\0*\0observables\";a:0:{}s:12:\"\0*\0relations\";a:0:{}s:10:\"\0*\0touches\";a:0:{}s:27:\"\0*\0relationAutoloadCallback\";N;s:26:\"\0*\0relationAutoloadContext\";N;s:10:\"timestamps\";b:1;s:13:\"usesUniqueIds\";b:0;s:9:\"\0*\0hidden\";a:0:{}s:10:\"\0*\0visible\";a:0:{}s:11:\"\0*\0fillable\";a:11:{i:0;s:11:\"category_id\";i:1;s:7:\"unit_id\";i:2;s:3:\"sku\";i:3;s:4:\"name\";i:4;s:14:\"purchase_price\";i:5;s:13:\"selling_price\";i:6;s:8:\"quantity\";i:7;s:9:\"min_stock\";i:8;s:9:\"is_active\";i:9;s:11:\"description\";i:10;s:5:\"notes\";}s:10:\"\0*\0guarded\";a:1:{i:0;s:1:\"*\";}}i:13;O:18:\"App\\Models\\Product\":33:{s:13:\"\0*\0connection\";s:5:\"mysql\";s:8:\"\0*\0table\";s:8:\"products\";s:13:\"\0*\0primaryKey\";s:2:\"id\";s:10:\"\0*\0keyType\";s:3:\"int\";s:12:\"incrementing\";b:1;s:7:\"\0*\0with\";a:0:{}s:12:\"\0*\0withCount\";a:0:{}s:19:\"preventsLazyLoading\";b:0;s:10:\"\0*\0perPage\";i:15;s:6:\"exists\";b:1;s:18:\"wasRecentlyCreated\";b:0;s:28:\"\0*\0escapeWhenCastingToString\";b:0;s:13:\"\0*\0attributes\";a:1:{s:13:\"total_product\";i:1;}s:11:\"\0*\0original\";a:1:{s:13:\"total_product\";i:1;}s:10:\"\0*\0changes\";a:0:{}s:11:\"\0*\0previous\";a:0:{}s:8:\"\0*\0casts\";a:5:{s:14:\"purchase_price\";s:7:\"integer\";s:13:\"selling_price\";s:7:\"integer\";s:8:\"quantity\";s:7:\"integer\";s:9:\"min_stock\";s:7:\"integer\";s:9:\"is_active\";s:7:\"boolean\";}s:17:\"\0*\0classCastCache\";a:0:{}s:21:\"\0*\0attributeCastCache\";a:0:{}s:13:\"\0*\0dateFormat\";N;s:10:\"\0*\0appends\";a:0:{}s:19:\"\0*\0dispatchesEvents\";a:0:{}s:14:\"\0*\0observables\";a:0:{}s:12:\"\0*\0relations\";a:0:{}s:10:\"\0*\0touches\";a:0:{}s:27:\"\0*\0relationAutoloadCallback\";N;s:26:\"\0*\0relationAutoloadContext\";N;s:10:\"timestamps\";b:1;s:13:\"usesUniqueIds\";b:0;s:9:\"\0*\0hidden\";a:0:{}s:10:\"\0*\0visible\";a:0:{}s:11:\"\0*\0fillable\";a:11:{i:0;s:11:\"category_id\";i:1;s:7:\"unit_id\";i:2;s:3:\"sku\";i:3;s:4:\"name\";i:4;s:14:\"purchase_price\";i:5;s:13:\"selling_price\";i:6;s:8:\"quantity\";i:7;s:9:\"min_stock\";i:8;s:9:\"is_active\";i:9;s:11:\"description\";i:10;s:5:\"notes\";}s:10:\"\0*\0guarded\";a:1:{i:0;s:1:\"*\";}}i:14;O:18:\"App\\Models\\Product\":33:{s:13:\"\0*\0connection\";s:5:\"mysql\";s:8:\"\0*\0table\";s:8:\"products\";s:13:\"\0*\0primaryKey\";s:2:\"id\";s:10:\"\0*\0keyType\";s:3:\"int\";s:12:\"incrementing\";b:1;s:7:\"\0*\0with\";a:0:{}s:12:\"\0*\0withCount\";a:0:{}s:19:\"preventsLazyLoading\";b:0;s:10:\"\0*\0perPage\";i:15;s:6:\"exists\";b:1;s:18:\"wasRecentlyCreated\";b:0;s:28:\"\0*\0escapeWhenCastingToString\";b:0;s:13:\"\0*\0attributes\";a:1:{s:13:\"total_product\";i:1;}s:11:\"\0*\0original\";a:1:{s:13:\"total_product\";i:1;}s:10:\"\0*\0changes\";a:0:{}s:11:\"\0*\0previous\";a:0:{}s:8:\"\0*\0casts\";a:5:{s:14:\"purchase_price\";s:7:\"integer\";s:13:\"selling_price\";s:7:\"integer\";s:8:\"quantity\";s:7:\"integer\";s:9:\"min_stock\";s:7:\"integer\";s:9:\"is_active\";s:7:\"boolean\";}s:17:\"\0*\0classCastCache\";a:0:{}s:21:\"\0*\0attributeCastCache\";a:0:{}s:13:\"\0*\0dateFormat\";N;s:10:\"\0*\0appends\";a:0:{}s:19:\"\0*\0dispatchesEvents\";a:0:{}s:14:\"\0*\0observables\";a:0:{}s:12:\"\0*\0relations\";a:0:{}s:10:\"\0*\0touches\";a:0:{}s:27:\"\0*\0relationAutoloadCallback\";N;s:26:\"\0*\0relationAutoloadContext\";N;s:10:\"timestamps\";b:1;s:13:\"usesUniqueIds\";b:0;s:9:\"\0*\0hidden\";a:0:{}s:10:\"\0*\0visible\";a:0:{}s:11:\"\0*\0fillable\";a:11:{i:0;s:11:\"category_id\";i:1;s:7:\"unit_id\";i:2;s:3:\"sku\";i:3;s:4:\"name\";i:4;s:14:\"purchase_price\";i:5;s:13:\"selling_price\";i:6;s:8:\"quantity\";i:7;s:9:\"min_stock\";i:8;s:9:\"is_active\";i:9;s:11:\"description\";i:10;s:5:\"notes\";}s:10:\"\0*\0guarded\";a:1:{i:0;s:1:\"*\";}}i:15;O:18:\"App\\Models\\Product\":33:{s:13:\"\0*\0connection\";s:5:\"mysql\";s:8:\"\0*\0table\";s:8:\"products\";s:13:\"\0*\0primaryKey\";s:2:\"id\";s:10:\"\0*\0keyType\";s:3:\"int\";s:12:\"incrementing\";b:1;s:7:\"\0*\0with\";a:0:{}s:12:\"\0*\0withCount\";a:0:{}s:19:\"preventsLazyLoading\";b:0;s:10:\"\0*\0perPage\";i:15;s:6:\"exists\";b:1;s:18:\"wasRecentlyCreated\";b:0;s:28:\"\0*\0escapeWhenCastingToString\";b:0;s:13:\"\0*\0attributes\";a:1:{s:13:\"total_product\";i:1;}s:11:\"\0*\0original\";a:1:{s:13:\"total_product\";i:1;}s:10:\"\0*\0changes\";a:0:{}s:11:\"\0*\0previous\";a:0:{}s:8:\"\0*\0casts\";a:5:{s:14:\"purchase_price\";s:7:\"integer\";s:13:\"selling_price\";s:7:\"integer\";s:8:\"quantity\";s:7:\"integer\";s:9:\"min_stock\";s:7:\"integer\";s:9:\"is_active\";s:7:\"boolean\";}s:17:\"\0*\0classCastCache\";a:0:{}s:21:\"\0*\0attributeCastCache\";a:0:{}s:13:\"\0*\0dateFormat\";N;s:10:\"\0*\0appends\";a:0:{}s:19:\"\0*\0dispatchesEvents\";a:0:{}s:14:\"\0*\0observables\";a:0:{}s:12:\"\0*\0relations\";a:0:{}s:10:\"\0*\0touches\";a:0:{}s:27:\"\0*\0relationAutoloadCallback\";N;s:26:\"\0*\0relationAutoloadContext\";N;s:10:\"timestamps\";b:1;s:13:\"usesUniqueIds\";b:0;s:9:\"\0*\0hidden\";a:0:{}s:10:\"\0*\0visible\";a:0:{}s:11:\"\0*\0fillable\";a:11:{i:0;s:11:\"category_id\";i:1;s:7:\"unit_id\";i:2;s:3:\"sku\";i:3;s:4:\"name\";i:4;s:14:\"purchase_price\";i:5;s:13:\"selling_price\";i:6;s:8:\"quantity\";i:7;s:9:\"min_stock\";i:8;s:9:\"is_active\";i:9;s:11:\"description\";i:10;s:5:\"notes\";}s:10:\"\0*\0guarded\";a:1:{i:0;s:1:\"*\";}}i:16;O:18:\"App\\Models\\Product\":33:{s:13:\"\0*\0connection\";s:5:\"mysql\";s:8:\"\0*\0table\";s:8:\"products\";s:13:\"\0*\0primaryKey\";s:2:\"id\";s:10:\"\0*\0keyType\";s:3:\"int\";s:12:\"incrementing\";b:1;s:7:\"\0*\0with\";a:0:{}s:12:\"\0*\0withCount\";a:0:{}s:19:\"preventsLazyLoading\";b:0;s:10:\"\0*\0perPage\";i:15;s:6:\"exists\";b:1;s:18:\"wasRecentlyCreated\";b:0;s:28:\"\0*\0escapeWhenCastingToString\";b:0;s:13:\"\0*\0attributes\";a:1:{s:13:\"total_product\";i:1;}s:11:\"\0*\0original\";a:1:{s:13:\"total_product\";i:1;}s:10:\"\0*\0changes\";a:0:{}s:11:\"\0*\0previous\";a:0:{}s:8:\"\0*\0casts\";a:5:{s:14:\"purchase_price\";s:7:\"integer\";s:13:\"selling_price\";s:7:\"integer\";s:8:\"quantity\";s:7:\"integer\";s:9:\"min_stock\";s:7:\"integer\";s:9:\"is_active\";s:7:\"boolean\";}s:17:\"\0*\0classCastCache\";a:0:{}s:21:\"\0*\0attributeCastCache\";a:0:{}s:13:\"\0*\0dateFormat\";N;s:10:\"\0*\0appends\";a:0:{}s:19:\"\0*\0dispatchesEvents\";a:0:{}s:14:\"\0*\0observables\";a:0:{}s:12:\"\0*\0relations\";a:0:{}s:10:\"\0*\0touches\";a:0:{}s:27:\"\0*\0relationAutoloadCallback\";N;s:26:\"\0*\0relationAutoloadContext\";N;s:10:\"timestamps\";b:1;s:13:\"usesUniqueIds\";b:0;s:9:\"\0*\0hidden\";a:0:{}s:10:\"\0*\0visible\";a:0:{}s:11:\"\0*\0fillable\";a:11:{i:0;s:11:\"category_id\";i:1;s:7:\"unit_id\";i:2;s:3:\"sku\";i:3;s:4:\"name\";i:4;s:14:\"purchase_price\";i:5;s:13:\"selling_price\";i:6;s:8:\"quantity\";i:7;s:9:\"min_stock\";i:8;s:9:\"is_active\";i:9;s:11:\"description\";i:10;s:5:\"notes\";}s:10:\"\0*\0guarded\";a:1:{i:0;s:1:\"*\";}}i:17;O:18:\"App\\Models\\Product\":33:{s:13:\"\0*\0connection\";s:5:\"mysql\";s:8:\"\0*\0table\";s:8:\"products\";s:13:\"\0*\0primaryKey\";s:2:\"id\";s:10:\"\0*\0keyType\";s:3:\"int\";s:12:\"incrementing\";b:1;s:7:\"\0*\0with\";a:0:{}s:12:\"\0*\0withCount\";a:0:{}s:19:\"preventsLazyLoading\";b:0;s:10:\"\0*\0perPage\";i:15;s:6:\"exists\";b:1;s:18:\"wasRecentlyCreated\";b:0;s:28:\"\0*\0escapeWhenCastingToString\";b:0;s:13:\"\0*\0attributes\";a:1:{s:13:\"total_product\";i:1;}s:11:\"\0*\0original\";a:1:{s:13:\"total_product\";i:1;}s:10:\"\0*\0changes\";a:0:{}s:11:\"\0*\0previous\";a:0:{}s:8:\"\0*\0casts\";a:5:{s:14:\"purchase_price\";s:7:\"integer\";s:13:\"selling_price\";s:7:\"integer\";s:8:\"quantity\";s:7:\"integer\";s:9:\"min_stock\";s:7:\"integer\";s:9:\"is_active\";s:7:\"boolean\";}s:17:\"\0*\0classCastCache\";a:0:{}s:21:\"\0*\0attributeCastCache\";a:0:{}s:13:\"\0*\0dateFormat\";N;s:10:\"\0*\0appends\";a:0:{}s:19:\"\0*\0dispatchesEvents\";a:0:{}s:14:\"\0*\0observables\";a:0:{}s:12:\"\0*\0relations\";a:0:{}s:10:\"\0*\0touches\";a:0:{}s:27:\"\0*\0relationAutoloadCallback\";N;s:26:\"\0*\0relationAutoloadContext\";N;s:10:\"timestamps\";b:1;s:13:\"usesUniqueIds\";b:0;s:9:\"\0*\0hidden\";a:0:{}s:10:\"\0*\0visible\";a:0:{}s:11:\"\0*\0fillable\";a:11:{i:0;s:11:\"category_id\";i:1;s:7:\"unit_id\";i:2;s:3:\"sku\";i:3;s:4:\"name\";i:4;s:14:\"purchase_price\";i:5;s:13:\"selling_price\";i:6;s:8:\"quantity\";i:7;s:9:\"min_stock\";i:8;s:9:\"is_active\";i:9;s:11:\"description\";i:10;s:5:\"notes\";}s:10:\"\0*\0guarded\";a:1:{i:0;s:1:\"*\";}}i:18;O:18:\"App\\Models\\Product\":33:{s:13:\"\0*\0connection\";s:5:\"mysql\";s:8:\"\0*\0table\";s:8:\"products\";s:13:\"\0*\0primaryKey\";s:2:\"id\";s:10:\"\0*\0keyType\";s:3:\"int\";s:12:\"incrementing\";b:1;s:7:\"\0*\0with\";a:0:{}s:12:\"\0*\0withCount\";a:0:{}s:19:\"preventsLazyLoading\";b:0;s:10:\"\0*\0perPage\";i:15;s:6:\"exists\";b:1;s:18:\"wasRecentlyCreated\";b:0;s:28:\"\0*\0escapeWhenCastingToString\";b:0;s:13:\"\0*\0attributes\";a:1:{s:13:\"total_product\";i:1;}s:11:\"\0*\0original\";a:1:{s:13:\"total_product\";i:1;}s:10:\"\0*\0changes\";a:0:{}s:11:\"\0*\0previous\";a:0:{}s:8:\"\0*\0casts\";a:5:{s:14:\"purchase_price\";s:7:\"integer\";s:13:\"selling_price\";s:7:\"integer\";s:8:\"quantity\";s:7:\"integer\";s:9:\"min_stock\";s:7:\"integer\";s:9:\"is_active\";s:7:\"boolean\";}s:17:\"\0*\0classCastCache\";a:0:{}s:21:\"\0*\0attributeCastCache\";a:0:{}s:13:\"\0*\0dateFormat\";N;s:10:\"\0*\0appends\";a:0:{}s:19:\"\0*\0dispatchesEvents\";a:0:{}s:14:\"\0*\0observables\";a:0:{}s:12:\"\0*\0relations\";a:0:{}s:10:\"\0*\0touches\";a:0:{}s:27:\"\0*\0relationAutoloadCallback\";N;s:26:\"\0*\0relationAutoloadContext\";N;s:10:\"timestamps\";b:1;s:13:\"usesUniqueIds\";b:0;s:9:\"\0*\0hidden\";a:0:{}s:10:\"\0*\0visible\";a:0:{}s:11:\"\0*\0fillable\";a:11:{i:0;s:11:\"category_id\";i:1;s:7:\"unit_id\";i:2;s:3:\"sku\";i:3;s:4:\"name\";i:4;s:14:\"purchase_price\";i:5;s:13:\"selling_price\";i:6;s:8:\"quantity\";i:7;s:9:\"min_stock\";i:8;s:9:\"is_active\";i:9;s:11:\"description\";i:10;s:5:\"notes\";}s:10:\"\0*\0guarded\";a:1:{i:0;s:1:\"*\";}}i:19;O:18:\"App\\Models\\Product\":33:{s:13:\"\0*\0connection\";s:5:\"mysql\";s:8:\"\0*\0table\";s:8:\"products\";s:13:\"\0*\0primaryKey\";s:2:\"id\";s:10:\"\0*\0keyType\";s:3:\"int\";s:12:\"incrementing\";b:1;s:7:\"\0*\0with\";a:0:{}s:12:\"\0*\0withCount\";a:0:{}s:19:\"preventsLazyLoading\";b:0;s:10:\"\0*\0perPage\";i:15;s:6:\"exists\";b:1;s:18:\"wasRecentlyCreated\";b:0;s:28:\"\0*\0escapeWhenCastingToString\";b:0;s:13:\"\0*\0attributes\";a:1:{s:13:\"total_product\";i:1;}s:11:\"\0*\0original\";a:1:{s:13:\"total_product\";i:1;}s:10:\"\0*\0changes\";a:0:{}s:11:\"\0*\0previous\";a:0:{}s:8:\"\0*\0casts\";a:5:{s:14:\"purchase_price\";s:7:\"integer\";s:13:\"selling_price\";s:7:\"integer\";s:8:\"quantity\";s:7:\"integer\";s:9:\"min_stock\";s:7:\"integer\";s:9:\"is_active\";s:7:\"boolean\";}s:17:\"\0*\0classCastCache\";a:0:{}s:21:\"\0*\0attributeCastCache\";a:0:{}s:13:\"\0*\0dateFormat\";N;s:10:\"\0*\0appends\";a:0:{}s:19:\"\0*\0dispatchesEvents\";a:0:{}s:14:\"\0*\0observables\";a:0:{}s:12:\"\0*\0relations\";a:0:{}s:10:\"\0*\0touches\";a:0:{}s:27:\"\0*\0relationAutoloadCallback\";N;s:26:\"\0*\0relationAutoloadContext\";N;s:10:\"timestamps\";b:1;s:13:\"usesUniqueIds\";b:0;s:9:\"\0*\0hidden\";a:0:{}s:10:\"\0*\0visible\";a:0:{}s:11:\"\0*\0fillable\";a:11:{i:0;s:11:\"category_id\";i:1;s:7:\"unit_id\";i:2;s:3:\"sku\";i:3;s:4:\"name\";i:4;s:14:\"purchase_price\";i:5;s:13:\"selling_price\";i:6;s:8:\"quantity\";i:7;s:9:\"min_stock\";i:8;s:9:\"is_active\";i:9;s:11:\"description\";i:10;s:5:\"notes\";}s:10:\"\0*\0guarded\";a:1:{i:0;s:1:\"*\";}}i:20;O:18:\"App\\Models\\Product\":33:{s:13:\"\0*\0connection\";s:5:\"mysql\";s:8:\"\0*\0table\";s:8:\"products\";s:13:\"\0*\0primaryKey\";s:2:\"id\";s:10:\"\0*\0keyType\";s:3:\"int\";s:12:\"incrementing\";b:1;s:7:\"\0*\0with\";a:0:{}s:12:\"\0*\0withCount\";a:0:{}s:19:\"preventsLazyLoading\";b:0;s:10:\"\0*\0perPage\";i:15;s:6:\"exists\";b:1;s:18:\"wasRecentlyCreated\";b:0;s:28:\"\0*\0escapeWhenCastingToString\";b:0;s:13:\"\0*\0attributes\";a:1:{s:13:\"total_product\";i:1;}s:11:\"\0*\0original\";a:1:{s:13:\"total_product\";i:1;}s:10:\"\0*\0changes\";a:0:{}s:11:\"\0*\0previous\";a:0:{}s:8:\"\0*\0casts\";a:5:{s:14:\"purchase_price\";s:7:\"integer\";s:13:\"selling_price\";s:7:\"integer\";s:8:\"quantity\";s:7:\"integer\";s:9:\"min_stock\";s:7:\"integer\";s:9:\"is_active\";s:7:\"boolean\";}s:17:\"\0*\0classCastCache\";a:0:{}s:21:\"\0*\0attributeCastCache\";a:0:{}s:13:\"\0*\0dateFormat\";N;s:10:\"\0*\0appends\";a:0:{}s:19:\"\0*\0dispatchesEvents\";a:0:{}s:14:\"\0*\0observables\";a:0:{}s:12:\"\0*\0relations\";a:0:{}s:10:\"\0*\0touches\";a:0:{}s:27:\"\0*\0relationAutoloadCallback\";N;s:26:\"\0*\0relationAutoloadContext\";N;s:10:\"timestamps\";b:1;s:13:\"usesUniqueIds\";b:0;s:9:\"\0*\0hidden\";a:0:{}s:10:\"\0*\0visible\";a:0:{}s:11:\"\0*\0fillable\";a:11:{i:0;s:11:\"category_id\";i:1;s:7:\"unit_id\";i:2;s:3:\"sku\";i:3;s:4:\"name\";i:4;s:14:\"purchase_price\";i:5;s:13:\"selling_price\";i:6;s:8:\"quantity\";i:7;s:9:\"min_stock\";i:8;s:9:\"is_active\";i:9;s:11:\"description\";i:10;s:5:\"notes\";}s:10:\"\0*\0guarded\";a:1:{i:0;s:1:\"*\";}}i:21;O:18:\"App\\Models\\Product\":33:{s:13:\"\0*\0connection\";s:5:\"mysql\";s:8:\"\0*\0table\";s:8:\"products\";s:13:\"\0*\0primaryKey\";s:2:\"id\";s:10:\"\0*\0keyType\";s:3:\"int\";s:12:\"incrementing\";b:1;s:7:\"\0*\0with\";a:0:{}s:12:\"\0*\0withCount\";a:0:{}s:19:\"preventsLazyLoading\";b:0;s:10:\"\0*\0perPage\";i:15;s:6:\"exists\";b:1;s:18:\"wasRecentlyCreated\";b:0;s:28:\"\0*\0escapeWhenCastingToString\";b:0;s:13:\"\0*\0attributes\";a:1:{s:13:\"total_product\";i:1;}s:11:\"\0*\0original\";a:1:{s:13:\"total_product\";i:1;}s:10:\"\0*\0changes\";a:0:{}s:11:\"\0*\0previous\";a:0:{}s:8:\"\0*\0casts\";a:5:{s:14:\"purchase_price\";s:7:\"integer\";s:13:\"selling_price\";s:7:\"integer\";s:8:\"quantity\";s:7:\"integer\";s:9:\"min_stock\";s:7:\"integer\";s:9:\"is_active\";s:7:\"boolean\";}s:17:\"\0*\0classCastCache\";a:0:{}s:21:\"\0*\0attributeCastCache\";a:0:{}s:13:\"\0*\0dateFormat\";N;s:10:\"\0*\0appends\";a:0:{}s:19:\"\0*\0dispatchesEvents\";a:0:{}s:14:\"\0*\0observables\";a:0:{}s:12:\"\0*\0relations\";a:0:{}s:10:\"\0*\0touches\";a:0:{}s:27:\"\0*\0relationAutoloadCallback\";N;s:26:\"\0*\0relationAutoloadContext\";N;s:10:\"timestamps\";b:1;s:13:\"usesUniqueIds\";b:0;s:9:\"\0*\0hidden\";a:0:{}s:10:\"\0*\0visible\";a:0:{}s:11:\"\0*\0fillable\";a:11:{i:0;s:11:\"category_id\";i:1;s:7:\"unit_id\";i:2;s:3:\"sku\";i:3;s:4:\"name\";i:4;s:14:\"purchase_price\";i:5;s:13:\"selling_price\";i:6;s:8:\"quantity\";i:7;s:9:\"min_stock\";i:8;s:9:\"is_active\";i:9;s:11:\"description\";i:10;s:5:\"notes\";}s:10:\"\0*\0guarded\";a:1:{i:0;s:1:\"*\";}}i:22;O:18:\"App\\Models\\Product\":33:{s:13:\"\0*\0connection\";s:5:\"mysql\";s:8:\"\0*\0table\";s:8:\"products\";s:13:\"\0*\0primaryKey\";s:2:\"id\";s:10:\"\0*\0keyType\";s:3:\"int\";s:12:\"incrementing\";b:1;s:7:\"\0*\0with\";a:0:{}s:12:\"\0*\0withCount\";a:0:{}s:19:\"preventsLazyLoading\";b:0;s:10:\"\0*\0perPage\";i:15;s:6:\"exists\";b:1;s:18:\"wasRecentlyCreated\";b:0;s:28:\"\0*\0escapeWhenCastingToString\";b:0;s:13:\"\0*\0attributes\";a:1:{s:13:\"total_product\";i:1;}s:11:\"\0*\0original\";a:1:{s:13:\"total_product\";i:1;}s:10:\"\0*\0changes\";a:0:{}s:11:\"\0*\0previous\";a:0:{}s:8:\"\0*\0casts\";a:5:{s:14:\"purchase_price\";s:7:\"integer\";s:13:\"selling_price\";s:7:\"integer\";s:8:\"quantity\";s:7:\"integer\";s:9:\"min_stock\";s:7:\"integer\";s:9:\"is_active\";s:7:\"boolean\";}s:17:\"\0*\0classCastCache\";a:0:{}s:21:\"\0*\0attributeCastCache\";a:0:{}s:13:\"\0*\0dateFormat\";N;s:10:\"\0*\0appends\";a:0:{}s:19:\"\0*\0dispatchesEvents\";a:0:{}s:14:\"\0*\0observables\";a:0:{}s:12:\"\0*\0relations\";a:0:{}s:10:\"\0*\0touches\";a:0:{}s:27:\"\0*\0relationAutoloadCallback\";N;s:26:\"\0*\0relationAutoloadContext\";N;s:10:\"timestamps\";b:1;s:13:\"usesUniqueIds\";b:0;s:9:\"\0*\0hidden\";a:0:{}s:10:\"\0*\0visible\";a:0:{}s:11:\"\0*\0fillable\";a:11:{i:0;s:11:\"category_id\";i:1;s:7:\"unit_id\";i:2;s:3:\"sku\";i:3;s:4:\"name\";i:4;s:14:\"purchase_price\";i:5;s:13:\"selling_price\";i:6;s:8:\"quantity\";i:7;s:9:\"min_stock\";i:8;s:9:\"is_active\";i:9;s:11:\"description\";i:10;s:5:\"notes\";}s:10:\"\0*\0guarded\";a:1:{i:0;s:1:\"*\";}}i:23;O:18:\"App\\Models\\Product\":33:{s:13:\"\0*\0connection\";s:5:\"mysql\";s:8:\"\0*\0table\";s:8:\"products\";s:13:\"\0*\0primaryKey\";s:2:\"id\";s:10:\"\0*\0keyType\";s:3:\"int\";s:12:\"incrementing\";b:1;s:7:\"\0*\0with\";a:0:{}s:12:\"\0*\0withCount\";a:0:{}s:19:\"preventsLazyLoading\";b:0;s:10:\"\0*\0perPage\";i:15;s:6:\"exists\";b:1;s:18:\"wasRecentlyCreated\";b:0;s:28:\"\0*\0escapeWhenCastingToString\";b:0;s:13:\"\0*\0attributes\";a:1:{s:13:\"total_product\";i:1;}s:11:\"\0*\0original\";a:1:{s:13:\"total_product\";i:1;}s:10:\"\0*\0changes\";a:0:{}s:11:\"\0*\0previous\";a:0:{}s:8:\"\0*\0casts\";a:5:{s:14:\"purchase_price\";s:7:\"integer\";s:13:\"selling_price\";s:7:\"integer\";s:8:\"quantity\";s:7:\"integer\";s:9:\"min_stock\";s:7:\"integer\";s:9:\"is_active\";s:7:\"boolean\";}s:17:\"\0*\0classCastCache\";a:0:{}s:21:\"\0*\0attributeCastCache\";a:0:{}s:13:\"\0*\0dateFormat\";N;s:10:\"\0*\0appends\";a:0:{}s:19:\"\0*\0dispatchesEvents\";a:0:{}s:14:\"\0*\0observables\";a:0:{}s:12:\"\0*\0relations\";a:0:{}s:10:\"\0*\0touches\";a:0:{}s:27:\"\0*\0relationAutoloadCallback\";N;s:26:\"\0*\0relationAutoloadContext\";N;s:10:\"timestamps\";b:1;s:13:\"usesUniqueIds\";b:0;s:9:\"\0*\0hidden\";a:0:{}s:10:\"\0*\0visible\";a:0:{}s:11:\"\0*\0fillable\";a:11:{i:0;s:11:\"category_id\";i:1;s:7:\"unit_id\";i:2;s:3:\"sku\";i:3;s:4:\"name\";i:4;s:14:\"purchase_price\";i:5;s:13:\"selling_price\";i:6;s:8:\"quantity\";i:7;s:9:\"min_stock\";i:8;s:9:\"is_active\";i:9;s:11:\"description\";i:10;s:5:\"notes\";}s:10:\"\0*\0guarded\";a:1:{i:0;s:1:\"*\";}}i:24;O:18:\"App\\Models\\Product\":33:{s:13:\"\0*\0connection\";s:5:\"mysql\";s:8:\"\0*\0table\";s:8:\"products\";s:13:\"\0*\0primaryKey\";s:2:\"id\";s:10:\"\0*\0keyType\";s:3:\"int\";s:12:\"incrementing\";b:1;s:7:\"\0*\0with\";a:0:{}s:12:\"\0*\0withCount\";a:0:{}s:19:\"preventsLazyLoading\";b:0;s:10:\"\0*\0perPage\";i:15;s:6:\"exists\";b:1;s:18:\"wasRecentlyCreated\";b:0;s:28:\"\0*\0escapeWhenCastingToString\";b:0;s:13:\"\0*\0attributes\";a:1:{s:13:\"total_product\";i:1;}s:11:\"\0*\0original\";a:1:{s:13:\"total_product\";i:1;}s:10:\"\0*\0changes\";a:0:{}s:11:\"\0*\0previous\";a:0:{}s:8:\"\0*\0casts\";a:5:{s:14:\"purchase_price\";s:7:\"integer\";s:13:\"selling_price\";s:7:\"integer\";s:8:\"quantity\";s:7:\"integer\";s:9:\"min_stock\";s:7:\"integer\";s:9:\"is_active\";s:7:\"boolean\";}s:17:\"\0*\0classCastCache\";a:0:{}s:21:\"\0*\0attributeCastCache\";a:0:{}s:13:\"\0*\0dateFormat\";N;s:10:\"\0*\0appends\";a:0:{}s:19:\"\0*\0dispatchesEvents\";a:0:{}s:14:\"\0*\0observables\";a:0:{}s:12:\"\0*\0relations\";a:0:{}s:10:\"\0*\0touches\";a:0:{}s:27:\"\0*\0relationAutoloadCallback\";N;s:26:\"\0*\0relationAutoloadContext\";N;s:10:\"timestamps\";b:1;s:13:\"usesUniqueIds\";b:0;s:9:\"\0*\0hidden\";a:0:{}s:10:\"\0*\0visible\";a:0:{}s:11:\"\0*\0fillable\";a:11:{i:0;s:11:\"category_id\";i:1;s:7:\"unit_id\";i:2;s:3:\"sku\";i:3;s:4:\"name\";i:4;s:14:\"purchase_price\";i:5;s:13:\"selling_price\";i:6;s:8:\"quantity\";i:7;s:9:\"min_stock\";i:8;s:9:\"is_active\";i:9;s:11:\"description\";i:10;s:5:\"notes\";}s:10:\"\0*\0guarded\";a:1:{i:0;s:1:\"*\";}}i:25;O:18:\"App\\Models\\Product\":33:{s:13:\"\0*\0connection\";s:5:\"mysql\";s:8:\"\0*\0table\";s:8:\"products\";s:13:\"\0*\0primaryKey\";s:2:\"id\";s:10:\"\0*\0keyType\";s:3:\"int\";s:12:\"incrementing\";b:1;s:7:\"\0*\0with\";a:0:{}s:12:\"\0*\0withCount\";a:0:{}s:19:\"preventsLazyLoading\";b:0;s:10:\"\0*\0perPage\";i:15;s:6:\"exists\";b:1;s:18:\"wasRecentlyCreated\";b:0;s:28:\"\0*\0escapeWhenCastingToString\";b:0;s:13:\"\0*\0attributes\";a:1:{s:13:\"total_product\";i:1;}s:11:\"\0*\0original\";a:1:{s:13:\"total_product\";i:1;}s:10:\"\0*\0changes\";a:0:{}s:11:\"\0*\0previous\";a:0:{}s:8:\"\0*\0casts\";a:5:{s:14:\"purchase_price\";s:7:\"integer\";s:13:\"selling_price\";s:7:\"integer\";s:8:\"quantity\";s:7:\"integer\";s:9:\"min_stock\";s:7:\"integer\";s:9:\"is_active\";s:7:\"boolean\";}s:17:\"\0*\0classCastCache\";a:0:{}s:21:\"\0*\0attributeCastCache\";a:0:{}s:13:\"\0*\0dateFormat\";N;s:10:\"\0*\0appends\";a:0:{}s:19:\"\0*\0dispatchesEvents\";a:0:{}s:14:\"\0*\0observables\";a:0:{}s:12:\"\0*\0relations\";a:0:{}s:10:\"\0*\0touches\";a:0:{}s:27:\"\0*\0relationAutoloadCallback\";N;s:26:\"\0*\0relationAutoloadContext\";N;s:10:\"timestamps\";b:1;s:13:\"usesUniqueIds\";b:0;s:9:\"\0*\0hidden\";a:0:{}s:10:\"\0*\0visible\";a:0:{}s:11:\"\0*\0fillable\";a:11:{i:0;s:11:\"category_id\";i:1;s:7:\"unit_id\";i:2;s:3:\"sku\";i:3;s:4:\"name\";i:4;s:14:\"purchase_price\";i:5;s:13:\"selling_price\";i:6;s:8:\"quantity\";i:7;s:9:\"min_stock\";i:8;s:9:\"is_active\";i:9;s:11:\"description\";i:10;s:5:\"notes\";}s:10:\"\0*\0guarded\";a:1:{i:0;s:1:\"*\";}}i:26;O:18:\"App\\Models\\Product\":33:{s:13:\"\0*\0connection\";s:5:\"mysql\";s:8:\"\0*\0table\";s:8:\"products\";s:13:\"\0*\0primaryKey\";s:2:\"id\";s:10:\"\0*\0keyType\";s:3:\"int\";s:12:\"incrementing\";b:1;s:7:\"\0*\0with\";a:0:{}s:12:\"\0*\0withCount\";a:0:{}s:19:\"preventsLazyLoading\";b:0;s:10:\"\0*\0perPage\";i:15;s:6:\"exists\";b:1;s:18:\"wasRecentlyCreated\";b:0;s:28:\"\0*\0escapeWhenCastingToString\";b:0;s:13:\"\0*\0attributes\";a:1:{s:13:\"total_product\";i:1;}s:11:\"\0*\0original\";a:1:{s:13:\"total_product\";i:1;}s:10:\"\0*\0changes\";a:0:{}s:11:\"\0*\0previous\";a:0:{}s:8:\"\0*\0casts\";a:5:{s:14:\"purchase_price\";s:7:\"integer\";s:13:\"selling_price\";s:7:\"integer\";s:8:\"quantity\";s:7:\"integer\";s:9:\"min_stock\";s:7:\"integer\";s:9:\"is_active\";s:7:\"boolean\";}s:17:\"\0*\0classCastCache\";a:0:{}s:21:\"\0*\0attributeCastCache\";a:0:{}s:13:\"\0*\0dateFormat\";N;s:10:\"\0*\0appends\";a:0:{}s:19:\"\0*\0dispatchesEvents\";a:0:{}s:14:\"\0*\0observables\";a:0:{}s:12:\"\0*\0relations\";a:0:{}s:10:\"\0*\0touches\";a:0:{}s:27:\"\0*\0relationAutoloadCallback\";N;s:26:\"\0*\0relationAutoloadContext\";N;s:10:\"timestamps\";b:1;s:13:\"usesUniqueIds\";b:0;s:9:\"\0*\0hidden\";a:0:{}s:10:\"\0*\0visible\";a:0:{}s:11:\"\0*\0fillable\";a:11:{i:0;s:11:\"category_id\";i:1;s:7:\"unit_id\";i:2;s:3:\"sku\";i:3;s:4:\"name\";i:4;s:14:\"purchase_price\";i:5;s:13:\"selling_price\";i:6;s:8:\"quantity\";i:7;s:9:\"min_stock\";i:8;s:9:\"is_active\";i:9;s:11:\"description\";i:10;s:5:\"notes\";}s:10:\"\0*\0guarded\";a:1:{i:0;s:1:\"*\";}}i:27;O:18:\"App\\Models\\Product\":33:{s:13:\"\0*\0connection\";s:5:\"mysql\";s:8:\"\0*\0table\";s:8:\"products\";s:13:\"\0*\0primaryKey\";s:2:\"id\";s:10:\"\0*\0keyType\";s:3:\"int\";s:12:\"incrementing\";b:1;s:7:\"\0*\0with\";a:0:{}s:12:\"\0*\0withCount\";a:0:{}s:19:\"preventsLazyLoading\";b:0;s:10:\"\0*\0perPage\";i:15;s:6:\"exists\";b:1;s:18:\"wasRecentlyCreated\";b:0;s:28:\"\0*\0escapeWhenCastingToString\";b:0;s:13:\"\0*\0attributes\";a:1:{s:13:\"total_product\";i:1;}s:11:\"\0*\0original\";a:1:{s:13:\"total_product\";i:1;}s:10:\"\0*\0changes\";a:0:{}s:11:\"\0*\0previous\";a:0:{}s:8:\"\0*\0casts\";a:5:{s:14:\"purchase_price\";s:7:\"integer\";s:13:\"selling_price\";s:7:\"integer\";s:8:\"quantity\";s:7:\"integer\";s:9:\"min_stock\";s:7:\"integer\";s:9:\"is_active\";s:7:\"boolean\";}s:17:\"\0*\0classCastCache\";a:0:{}s:21:\"\0*\0attributeCastCache\";a:0:{}s:13:\"\0*\0dateFormat\";N;s:10:\"\0*\0appends\";a:0:{}s:19:\"\0*\0dispatchesEvents\";a:0:{}s:14:\"\0*\0observables\";a:0:{}s:12:\"\0*\0relations\";a:0:{}s:10:\"\0*\0touches\";a:0:{}s:27:\"\0*\0relationAutoloadCallback\";N;s:26:\"\0*\0relationAutoloadContext\";N;s:10:\"timestamps\";b:1;s:13:\"usesUniqueIds\";b:0;s:9:\"\0*\0hidden\";a:0:{}s:10:\"\0*\0visible\";a:0:{}s:11:\"\0*\0fillable\";a:11:{i:0;s:11:\"category_id\";i:1;s:7:\"unit_id\";i:2;s:3:\"sku\";i:3;s:4:\"name\";i:4;s:14:\"purchase_price\";i:5;s:13:\"selling_price\";i:6;s:8:\"quantity\";i:7;s:9:\"min_stock\";i:8;s:9:\"is_active\";i:9;s:11:\"description\";i:10;s:5:\"notes\";}s:10:\"\0*\0guarded\";a:1:{i:0;s:1:\"*\";}}i:28;O:18:\"App\\Models\\Product\":33:{s:13:\"\0*\0connection\";s:5:\"mysql\";s:8:\"\0*\0table\";s:8:\"products\";s:13:\"\0*\0primaryKey\";s:2:\"id\";s:10:\"\0*\0keyType\";s:3:\"int\";s:12:\"incrementing\";b:1;s:7:\"\0*\0with\";a:0:{}s:12:\"\0*\0withCount\";a:0:{}s:19:\"preventsLazyLoading\";b:0;s:10:\"\0*\0perPage\";i:15;s:6:\"exists\";b:1;s:18:\"wasRecentlyCreated\";b:0;s:28:\"\0*\0escapeWhenCastingToString\";b:0;s:13:\"\0*\0attributes\";a:1:{s:13:\"total_product\";i:1;}s:11:\"\0*\0original\";a:1:{s:13:\"total_product\";i:1;}s:10:\"\0*\0changes\";a:0:{}s:11:\"\0*\0previous\";a:0:{}s:8:\"\0*\0casts\";a:5:{s:14:\"purchase_price\";s:7:\"integer\";s:13:\"selling_price\";s:7:\"integer\";s:8:\"quantity\";s:7:\"integer\";s:9:\"min_stock\";s:7:\"integer\";s:9:\"is_active\";s:7:\"boolean\";}s:17:\"\0*\0classCastCache\";a:0:{}s:21:\"\0*\0attributeCastCache\";a:0:{}s:13:\"\0*\0dateFormat\";N;s:10:\"\0*\0appends\";a:0:{}s:19:\"\0*\0dispatchesEvents\";a:0:{}s:14:\"\0*\0observables\";a:0:{}s:12:\"\0*\0relations\";a:0:{}s:10:\"\0*\0touches\";a:0:{}s:27:\"\0*\0relationAutoloadCallback\";N;s:26:\"\0*\0relationAutoloadContext\";N;s:10:\"timestamps\";b:1;s:13:\"usesUniqueIds\";b:0;s:9:\"\0*\0hidden\";a:0:{}s:10:\"\0*\0visible\";a:0:{}s:11:\"\0*\0fillable\";a:11:{i:0;s:11:\"category_id\";i:1;s:7:\"unit_id\";i:2;s:3:\"sku\";i:3;s:4:\"name\";i:4;s:14:\"purchase_price\";i:5;s:13:\"selling_price\";i:6;s:8:\"quantity\";i:7;s:9:\"min_stock\";i:8;s:9:\"is_active\";i:9;s:11:\"description\";i:10;s:5:\"notes\";}s:10:\"\0*\0guarded\";a:1:{i:0;s:1:\"*\";}}i:29;O:18:\"App\\Models\\Product\":33:{s:13:\"\0*\0connection\";s:5:\"mysql\";s:8:\"\0*\0table\";s:8:\"products\";s:13:\"\0*\0primaryKey\";s:2:\"id\";s:10:\"\0*\0keyType\";s:3:\"int\";s:12:\"incrementing\";b:1;s:7:\"\0*\0with\";a:0:{}s:12:\"\0*\0withCount\";a:0:{}s:19:\"preventsLazyLoading\";b:0;s:10:\"\0*\0perPage\";i:15;s:6:\"exists\";b:1;s:18:\"wasRecentlyCreated\";b:0;s:28:\"\0*\0escapeWhenCastingToString\";b:0;s:13:\"\0*\0attributes\";a:1:{s:13:\"total_product\";i:1;}s:11:\"\0*\0original\";a:1:{s:13:\"total_product\";i:1;}s:10:\"\0*\0changes\";a:0:{}s:11:\"\0*\0previous\";a:0:{}s:8:\"\0*\0casts\";a:5:{s:14:\"purchase_price\";s:7:\"integer\";s:13:\"selling_price\";s:7:\"integer\";s:8:\"quantity\";s:7:\"integer\";s:9:\"min_stock\";s:7:\"integer\";s:9:\"is_active\";s:7:\"boolean\";}s:17:\"\0*\0classCastCache\";a:0:{}s:21:\"\0*\0attributeCastCache\";a:0:{}s:13:\"\0*\0dateFormat\";N;s:10:\"\0*\0appends\";a:0:{}s:19:\"\0*\0dispatchesEvents\";a:0:{}s:14:\"\0*\0observables\";a:0:{}s:12:\"\0*\0relations\";a:0:{}s:10:\"\0*\0touches\";a:0:{}s:27:\"\0*\0relationAutoloadCallback\";N;s:26:\"\0*\0relationAutoloadContext\";N;s:10:\"timestamps\";b:1;s:13:\"usesUniqueIds\";b:0;s:9:\"\0*\0hidden\";a:0:{}s:10:\"\0*\0visible\";a:0:{}s:11:\"\0*\0fillable\";a:11:{i:0;s:11:\"category_id\";i:1;s:7:\"unit_id\";i:2;s:3:\"sku\";i:3;s:4:\"name\";i:4;s:14:\"purchase_price\";i:5;s:13:\"selling_price\";i:6;s:8:\"quantity\";i:7;s:9:\"min_stock\";i:8;s:9:\"is_active\";i:9;s:11:\"description\";i:10;s:5:\"notes\";}s:10:\"\0*\0guarded\";a:1:{i:0;s:1:\"*\";}}i:30;O:18:\"App\\Models\\Product\":33:{s:13:\"\0*\0connection\";s:5:\"mysql\";s:8:\"\0*\0table\";s:8:\"products\";s:13:\"\0*\0primaryKey\";s:2:\"id\";s:10:\"\0*\0keyType\";s:3:\"int\";s:12:\"incrementing\";b:1;s:7:\"\0*\0with\";a:0:{}s:12:\"\0*\0withCount\";a:0:{}s:19:\"preventsLazyLoading\";b:0;s:10:\"\0*\0perPage\";i:15;s:6:\"exists\";b:1;s:18:\"wasRecentlyCreated\";b:0;s:28:\"\0*\0escapeWhenCastingToString\";b:0;s:13:\"\0*\0attributes\";a:1:{s:13:\"total_product\";i:1;}s:11:\"\0*\0original\";a:1:{s:13:\"total_product\";i:1;}s:10:\"\0*\0changes\";a:0:{}s:11:\"\0*\0previous\";a:0:{}s:8:\"\0*\0casts\";a:5:{s:14:\"purchase_price\";s:7:\"integer\";s:13:\"selling_price\";s:7:\"integer\";s:8:\"quantity\";s:7:\"integer\";s:9:\"min_stock\";s:7:\"integer\";s:9:\"is_active\";s:7:\"boolean\";}s:17:\"\0*\0classCastCache\";a:0:{}s:21:\"\0*\0attributeCastCache\";a:0:{}s:13:\"\0*\0dateFormat\";N;s:10:\"\0*\0appends\";a:0:{}s:19:\"\0*\0dispatchesEvents\";a:0:{}s:14:\"\0*\0observables\";a:0:{}s:12:\"\0*\0relations\";a:0:{}s:10:\"\0*\0touches\";a:0:{}s:27:\"\0*\0relationAutoloadCallback\";N;s:26:\"\0*\0relationAutoloadContext\";N;s:10:\"timestamps\";b:1;s:13:\"usesUniqueIds\";b:0;s:9:\"\0*\0hidden\";a:0:{}s:10:\"\0*\0visible\";a:0:{}s:11:\"\0*\0fillable\";a:11:{i:0;s:11:\"category_id\";i:1;s:7:\"unit_id\";i:2;s:3:\"sku\";i:3;s:4:\"name\";i:4;s:14:\"purchase_price\";i:5;s:13:\"selling_price\";i:6;s:8:\"quantity\";i:7;s:9:\"min_stock\";i:8;s:9:\"is_active\";i:9;s:11:\"description\";i:10;s:5:\"notes\";}s:10:\"\0*\0guarded\";a:1:{i:0;s:1:\"*\";}}i:31;O:18:\"App\\Models\\Product\":33:{s:13:\"\0*\0connection\";s:5:\"mysql\";s:8:\"\0*\0table\";s:8:\"products\";s:13:\"\0*\0primaryKey\";s:2:\"id\";s:10:\"\0*\0keyType\";s:3:\"int\";s:12:\"incrementing\";b:1;s:7:\"\0*\0with\";a:0:{}s:12:\"\0*\0withCount\";a:0:{}s:19:\"preventsLazyLoading\";b:0;s:10:\"\0*\0perPage\";i:15;s:6:\"exists\";b:1;s:18:\"wasRecentlyCreated\";b:0;s:28:\"\0*\0escapeWhenCastingToString\";b:0;s:13:\"\0*\0attributes\";a:1:{s:13:\"total_product\";i:1;}s:11:\"\0*\0original\";a:1:{s:13:\"total_product\";i:1;}s:10:\"\0*\0changes\";a:0:{}s:11:\"\0*\0previous\";a:0:{}s:8:\"\0*\0casts\";a:5:{s:14:\"purchase_price\";s:7:\"integer\";s:13:\"selling_price\";s:7:\"integer\";s:8:\"quantity\";s:7:\"integer\";s:9:\"min_stock\";s:7:\"integer\";s:9:\"is_active\";s:7:\"boolean\";}s:17:\"\0*\0classCastCache\";a:0:{}s:21:\"\0*\0attributeCastCache\";a:0:{}s:13:\"\0*\0dateFormat\";N;s:10:\"\0*\0appends\";a:0:{}s:19:\"\0*\0dispatchesEvents\";a:0:{}s:14:\"\0*\0observables\";a:0:{}s:12:\"\0*\0relations\";a:0:{}s:10:\"\0*\0touches\";a:0:{}s:27:\"\0*\0relationAutoloadCallback\";N;s:26:\"\0*\0relationAutoloadContext\";N;s:10:\"timestamps\";b:1;s:13:\"usesUniqueIds\";b:0;s:9:\"\0*\0hidden\";a:0:{}s:10:\"\0*\0visible\";a:0:{}s:11:\"\0*\0fillable\";a:11:{i:0;s:11:\"category_id\";i:1;s:7:\"unit_id\";i:2;s:3:\"sku\";i:3;s:4:\"name\";i:4;s:14:\"purchase_price\";i:5;s:13:\"selling_price\";i:6;s:8:\"quantity\";i:7;s:9:\"min_stock\";i:8;s:9:\"is_active\";i:9;s:11:\"description\";i:10;s:5:\"notes\";}s:10:\"\0*\0guarded\";a:1:{i:0;s:1:\"*\";}}i:32;O:18:\"App\\Models\\Product\":33:{s:13:\"\0*\0connection\";s:5:\"mysql\";s:8:\"\0*\0table\";s:8:\"products\";s:13:\"\0*\0primaryKey\";s:2:\"id\";s:10:\"\0*\0keyType\";s:3:\"int\";s:12:\"incrementing\";b:1;s:7:\"\0*\0with\";a:0:{}s:12:\"\0*\0withCount\";a:0:{}s:19:\"preventsLazyLoading\";b:0;s:10:\"\0*\0perPage\";i:15;s:6:\"exists\";b:1;s:18:\"wasRecentlyCreated\";b:0;s:28:\"\0*\0escapeWhenCastingToString\";b:0;s:13:\"\0*\0attributes\";a:1:{s:13:\"total_product\";i:1;}s:11:\"\0*\0original\";a:1:{s:13:\"total_product\";i:1;}s:10:\"\0*\0changes\";a:0:{}s:11:\"\0*\0previous\";a:0:{}s:8:\"\0*\0casts\";a:5:{s:14:\"purchase_price\";s:7:\"integer\";s:13:\"selling_price\";s:7:\"integer\";s:8:\"quantity\";s:7:\"integer\";s:9:\"min_stock\";s:7:\"integer\";s:9:\"is_active\";s:7:\"boolean\";}s:17:\"\0*\0classCastCache\";a:0:{}s:21:\"\0*\0attributeCastCache\";a:0:{}s:13:\"\0*\0dateFormat\";N;s:10:\"\0*\0appends\";a:0:{}s:19:\"\0*\0dispatchesEvents\";a:0:{}s:14:\"\0*\0observables\";a:0:{}s:12:\"\0*\0relations\";a:0:{}s:10:\"\0*\0touches\";a:0:{}s:27:\"\0*\0relationAutoloadCallback\";N;s:26:\"\0*\0relationAutoloadContext\";N;s:10:\"timestamps\";b:1;s:13:\"usesUniqueIds\";b:0;s:9:\"\0*\0hidden\";a:0:{}s:10:\"\0*\0visible\";a:0:{}s:11:\"\0*\0fillable\";a:11:{i:0;s:11:\"category_id\";i:1;s:7:\"unit_id\";i:2;s:3:\"sku\";i:3;s:4:\"name\";i:4;s:14:\"purchase_price\";i:5;s:13:\"selling_price\";i:6;s:8:\"quantity\";i:7;s:9:\"min_stock\";i:8;s:9:\"is_active\";i:9;s:11:\"description\";i:10;s:5:\"notes\";}s:10:\"\0*\0guarded\";a:1:{i:0;s:1:\"*\";}}i:33;O:18:\"App\\Models\\Product\":33:{s:13:\"\0*\0connection\";s:5:\"mysql\";s:8:\"\0*\0table\";s:8:\"products\";s:13:\"\0*\0primaryKey\";s:2:\"id\";s:10:\"\0*\0keyType\";s:3:\"int\";s:12:\"incrementing\";b:1;s:7:\"\0*\0with\";a:0:{}s:12:\"\0*\0withCount\";a:0:{}s:19:\"preventsLazyLoading\";b:0;s:10:\"\0*\0perPage\";i:15;s:6:\"exists\";b:1;s:18:\"wasRecentlyCreated\";b:0;s:28:\"\0*\0escapeWhenCastingToString\";b:0;s:13:\"\0*\0attributes\";a:1:{s:13:\"total_product\";i:1;}s:11:\"\0*\0original\";a:1:{s:13:\"total_product\";i:1;}s:10:\"\0*\0changes\";a:0:{}s:11:\"\0*\0previous\";a:0:{}s:8:\"\0*\0casts\";a:5:{s:14:\"purchase_price\";s:7:\"integer\";s:13:\"selling_price\";s:7:\"integer\";s:8:\"quantity\";s:7:\"integer\";s:9:\"min_stock\";s:7:\"integer\";s:9:\"is_active\";s:7:\"boolean\";}s:17:\"\0*\0classCastCache\";a:0:{}s:21:\"\0*\0attributeCastCache\";a:0:{}s:13:\"\0*\0dateFormat\";N;s:10:\"\0*\0appends\";a:0:{}s:19:\"\0*\0dispatchesEvents\";a:0:{}s:14:\"\0*\0observables\";a:0:{}s:12:\"\0*\0relations\";a:0:{}s:10:\"\0*\0touches\";a:0:{}s:27:\"\0*\0relationAutoloadCallback\";N;s:26:\"\0*\0relationAutoloadContext\";N;s:10:\"timestamps\";b:1;s:13:\"usesUniqueIds\";b:0;s:9:\"\0*\0hidden\";a:0:{}s:10:\"\0*\0visible\";a:0:{}s:11:\"\0*\0fillable\";a:11:{i:0;s:11:\"category_id\";i:1;s:7:\"unit_id\";i:2;s:3:\"sku\";i:3;s:4:\"name\";i:4;s:14:\"purchase_price\";i:5;s:13:\"selling_price\";i:6;s:8:\"quantity\";i:7;s:9:\"min_stock\";i:8;s:9:\"is_active\";i:9;s:11:\"description\";i:10;s:5:\"notes\";}s:10:\"\0*\0guarded\";a:1:{i:0;s:1:\"*\";}}i:34;O:18:\"App\\Models\\Product\":33:{s:13:\"\0*\0connection\";s:5:\"mysql\";s:8:\"\0*\0table\";s:8:\"products\";s:13:\"\0*\0primaryKey\";s:2:\"id\";s:10:\"\0*\0keyType\";s:3:\"int\";s:12:\"incrementing\";b:1;s:7:\"\0*\0with\";a:0:{}s:12:\"\0*\0withCount\";a:0:{}s:19:\"preventsLazyLoading\";b:0;s:10:\"\0*\0perPage\";i:15;s:6:\"exists\";b:1;s:18:\"wasRecentlyCreated\";b:0;s:28:\"\0*\0escapeWhenCastingToString\";b:0;s:13:\"\0*\0attributes\";a:1:{s:13:\"total_product\";i:1;}s:11:\"\0*\0original\";a:1:{s:13:\"total_product\";i:1;}s:10:\"\0*\0changes\";a:0:{}s:11:\"\0*\0previous\";a:0:{}s:8:\"\0*\0casts\";a:5:{s:14:\"purchase_price\";s:7:\"integer\";s:13:\"selling_price\";s:7:\"integer\";s:8:\"quantity\";s:7:\"integer\";s:9:\"min_stock\";s:7:\"integer\";s:9:\"is_active\";s:7:\"boolean\";}s:17:\"\0*\0classCastCache\";a:0:{}s:21:\"\0*\0attributeCastCache\";a:0:{}s:13:\"\0*\0dateFormat\";N;s:10:\"\0*\0appends\";a:0:{}s:19:\"\0*\0dispatchesEvents\";a:0:{}s:14:\"\0*\0observables\";a:0:{}s:12:\"\0*\0relations\";a:0:{}s:10:\"\0*\0touches\";a:0:{}s:27:\"\0*\0relationAutoloadCallback\";N;s:26:\"\0*\0relationAutoloadContext\";N;s:10:\"timestamps\";b:1;s:13:\"usesUniqueIds\";b:0;s:9:\"\0*\0hidden\";a:0:{}s:10:\"\0*\0visible\";a:0:{}s:11:\"\0*\0fillable\";a:11:{i:0;s:11:\"category_id\";i:1;s:7:\"unit_id\";i:2;s:3:\"sku\";i:3;s:4:\"name\";i:4;s:14:\"purchase_price\";i:5;s:13:\"selling_price\";i:6;s:8:\"quantity\";i:7;s:9:\"min_stock\";i:8;s:9:\"is_active\";i:9;s:11:\"description\";i:10;s:5:\"notes\";}s:10:\"\0*\0guarded\";a:1:{i:0;s:1:\"*\";}}i:35;O:18:\"App\\Models\\Product\":33:{s:13:\"\0*\0connection\";s:5:\"mysql\";s:8:\"\0*\0table\";s:8:\"products\";s:13:\"\0*\0primaryKey\";s:2:\"id\";s:10:\"\0*\0keyType\";s:3:\"int\";s:12:\"incrementing\";b:1;s:7:\"\0*\0with\";a:0:{}s:12:\"\0*\0withCount\";a:0:{}s:19:\"preventsLazyLoading\";b:0;s:10:\"\0*\0perPage\";i:15;s:6:\"exists\";b:1;s:18:\"wasRecentlyCreated\";b:0;s:28:\"\0*\0escapeWhenCastingToString\";b:0;s:13:\"\0*\0attributes\";a:1:{s:13:\"total_product\";i:1;}s:11:\"\0*\0original\";a:1:{s:13:\"total_product\";i:1;}s:10:\"\0*\0changes\";a:0:{}s:11:\"\0*\0previous\";a:0:{}s:8:\"\0*\0casts\";a:5:{s:14:\"purchase_price\";s:7:\"integer\";s:13:\"selling_price\";s:7:\"integer\";s:8:\"quantity\";s:7:\"integer\";s:9:\"min_stock\";s:7:\"integer\";s:9:\"is_active\";s:7:\"boolean\";}s:17:\"\0*\0classCastCache\";a:0:{}s:21:\"\0*\0attributeCastCache\";a:0:{}s:13:\"\0*\0dateFormat\";N;s:10:\"\0*\0appends\";a:0:{}s:19:\"\0*\0dispatchesEvents\";a:0:{}s:14:\"\0*\0observables\";a:0:{}s:12:\"\0*\0relations\";a:0:{}s:10:\"\0*\0touches\";a:0:{}s:27:\"\0*\0relationAutoloadCallback\";N;s:26:\"\0*\0relationAutoloadContext\";N;s:10:\"timestamps\";b:1;s:13:\"usesUniqueIds\";b:0;s:9:\"\0*\0hidden\";a:0:{}s:10:\"\0*\0visible\";a:0:{}s:11:\"\0*\0fillable\";a:11:{i:0;s:11:\"category_id\";i:1;s:7:\"unit_id\";i:2;s:3:\"sku\";i:3;s:4:\"name\";i:4;s:14:\"purchase_price\";i:5;s:13:\"selling_price\";i:6;s:8:\"quantity\";i:7;s:9:\"min_stock\";i:8;s:9:\"is_active\";i:9;s:11:\"description\";i:10;s:5:\"notes\";}s:10:\"\0*\0guarded\";a:1:{i:0;s:1:\"*\";}}i:36;O:18:\"App\\Models\\Product\":33:{s:13:\"\0*\0connection\";s:5:\"mysql\";s:8:\"\0*\0table\";s:8:\"products\";s:13:\"\0*\0primaryKey\";s:2:\"id\";s:10:\"\0*\0keyType\";s:3:\"int\";s:12:\"incrementing\";b:1;s:7:\"\0*\0with\";a:0:{}s:12:\"\0*\0withCount\";a:0:{}s:19:\"preventsLazyLoading\";b:0;s:10:\"\0*\0perPage\";i:15;s:6:\"exists\";b:1;s:18:\"wasRecentlyCreated\";b:0;s:28:\"\0*\0escapeWhenCastingToString\";b:0;s:13:\"\0*\0attributes\";a:1:{s:13:\"total_product\";i:1;}s:11:\"\0*\0original\";a:1:{s:13:\"total_product\";i:1;}s:10:\"\0*\0changes\";a:0:{}s:11:\"\0*\0previous\";a:0:{}s:8:\"\0*\0casts\";a:5:{s:14:\"purchase_price\";s:7:\"integer\";s:13:\"selling_price\";s:7:\"integer\";s:8:\"quantity\";s:7:\"integer\";s:9:\"min_stock\";s:7:\"integer\";s:9:\"is_active\";s:7:\"boolean\";}s:17:\"\0*\0classCastCache\";a:0:{}s:21:\"\0*\0attributeCastCache\";a:0:{}s:13:\"\0*\0dateFormat\";N;s:10:\"\0*\0appends\";a:0:{}s:19:\"\0*\0dispatchesEvents\";a:0:{}s:14:\"\0*\0observables\";a:0:{}s:12:\"\0*\0relations\";a:0:{}s:10:\"\0*\0touches\";a:0:{}s:27:\"\0*\0relationAutoloadCallback\";N;s:26:\"\0*\0relationAutoloadContext\";N;s:10:\"timestamps\";b:1;s:13:\"usesUniqueIds\";b:0;s:9:\"\0*\0hidden\";a:0:{}s:10:\"\0*\0visible\";a:0:{}s:11:\"\0*\0fillable\";a:11:{i:0;s:11:\"category_id\";i:1;s:7:\"unit_id\";i:2;s:3:\"sku\";i:3;s:4:\"name\";i:4;s:14:\"purchase_price\";i:5;s:13:\"selling_price\";i:6;s:8:\"quantity\";i:7;s:9:\"min_stock\";i:8;s:9:\"is_active\";i:9;s:11:\"description\";i:10;s:5:\"notes\";}s:10:\"\0*\0guarded\";a:1:{i:0;s:1:\"*\";}}i:37;O:18:\"App\\Models\\Product\":33:{s:13:\"\0*\0connection\";s:5:\"mysql\";s:8:\"\0*\0table\";s:8:\"products\";s:13:\"\0*\0primaryKey\";s:2:\"id\";s:10:\"\0*\0keyType\";s:3:\"int\";s:12:\"incrementing\";b:1;s:7:\"\0*\0with\";a:0:{}s:12:\"\0*\0withCount\";a:0:{}s:19:\"preventsLazyLoading\";b:0;s:10:\"\0*\0perPage\";i:15;s:6:\"exists\";b:1;s:18:\"wasRecentlyCreated\";b:0;s:28:\"\0*\0escapeWhenCastingToString\";b:0;s:13:\"\0*\0attributes\";a:1:{s:13:\"total_product\";i:1;}s:11:\"\0*\0original\";a:1:{s:13:\"total_product\";i:1;}s:10:\"\0*\0changes\";a:0:{}s:11:\"\0*\0previous\";a:0:{}s:8:\"\0*\0casts\";a:5:{s:14:\"purchase_price\";s:7:\"integer\";s:13:\"selling_price\";s:7:\"integer\";s:8:\"quantity\";s:7:\"integer\";s:9:\"min_stock\";s:7:\"integer\";s:9:\"is_active\";s:7:\"boolean\";}s:17:\"\0*\0classCastCache\";a:0:{}s:21:\"\0*\0attributeCastCache\";a:0:{}s:13:\"\0*\0dateFormat\";N;s:10:\"\0*\0appends\";a:0:{}s:19:\"\0*\0dispatchesEvents\";a:0:{}s:14:\"\0*\0observables\";a:0:{}s:12:\"\0*\0relations\";a:0:{}s:10:\"\0*\0touches\";a:0:{}s:27:\"\0*\0relationAutoloadCallback\";N;s:26:\"\0*\0relationAutoloadContext\";N;s:10:\"timestamps\";b:1;s:13:\"usesUniqueIds\";b:0;s:9:\"\0*\0hidden\";a:0:{}s:10:\"\0*\0visible\";a:0:{}s:11:\"\0*\0fillable\";a:11:{i:0;s:11:\"category_id\";i:1;s:7:\"unit_id\";i:2;s:3:\"sku\";i:3;s:4:\"name\";i:4;s:14:\"purchase_price\";i:5;s:13:\"selling_price\";i:6;s:8:\"quantity\";i:7;s:9:\"min_stock\";i:8;s:9:\"is_active\";i:9;s:11:\"description\";i:10;s:5:\"notes\";}s:10:\"\0*\0guarded\";a:1:{i:0;s:1:\"*\";}}i:38;O:18:\"App\\Models\\Product\":33:{s:13:\"\0*\0connection\";s:5:\"mysql\";s:8:\"\0*\0table\";s:8:\"products\";s:13:\"\0*\0primaryKey\";s:2:\"id\";s:10:\"\0*\0keyType\";s:3:\"int\";s:12:\"incrementing\";b:1;s:7:\"\0*\0with\";a:0:{}s:12:\"\0*\0withCount\";a:0:{}s:19:\"preventsLazyLoading\";b:0;s:10:\"\0*\0perPage\";i:15;s:6:\"exists\";b:1;s:18:\"wasRecentlyCreated\";b:0;s:28:\"\0*\0escapeWhenCastingToString\";b:0;s:13:\"\0*\0attributes\";a:1:{s:13:\"total_product\";i:1;}s:11:\"\0*\0original\";a:1:{s:13:\"total_product\";i:1;}s:10:\"\0*\0changes\";a:0:{}s:11:\"\0*\0previous\";a:0:{}s:8:\"\0*\0casts\";a:5:{s:14:\"purchase_price\";s:7:\"integer\";s:13:\"selling_price\";s:7:\"integer\";s:8:\"quantity\";s:7:\"integer\";s:9:\"min_stock\";s:7:\"integer\";s:9:\"is_active\";s:7:\"boolean\";}s:17:\"\0*\0classCastCache\";a:0:{}s:21:\"\0*\0attributeCastCache\";a:0:{}s:13:\"\0*\0dateFormat\";N;s:10:\"\0*\0appends\";a:0:{}s:19:\"\0*\0dispatchesEvents\";a:0:{}s:14:\"\0*\0observables\";a:0:{}s:12:\"\0*\0relations\";a:0:{}s:10:\"\0*\0touches\";a:0:{}s:27:\"\0*\0relationAutoloadCallback\";N;s:26:\"\0*\0relationAutoloadContext\";N;s:10:\"timestamps\";b:1;s:13:\"usesUniqueIds\";b:0;s:9:\"\0*\0hidden\";a:0:{}s:10:\"\0*\0visible\";a:0:{}s:11:\"\0*\0fillable\";a:11:{i:0;s:11:\"category_id\";i:1;s:7:\"unit_id\";i:2;s:3:\"sku\";i:3;s:4:\"name\";i:4;s:14:\"purchase_price\";i:5;s:13:\"selling_price\";i:6;s:8:\"quantity\";i:7;s:9:\"min_stock\";i:8;s:9:\"is_active\";i:9;s:11:\"description\";i:10;s:5:\"notes\";}s:10:\"\0*\0guarded\";a:1:{i:0;s:1:\"*\";}}i:39;O:18:\"App\\Models\\Product\":33:{s:13:\"\0*\0connection\";s:5:\"mysql\";s:8:\"\0*\0table\";s:8:\"products\";s:13:\"\0*\0primaryKey\";s:2:\"id\";s:10:\"\0*\0keyType\";s:3:\"int\";s:12:\"incrementing\";b:1;s:7:\"\0*\0with\";a:0:{}s:12:\"\0*\0withCount\";a:0:{}s:19:\"preventsLazyLoading\";b:0;s:10:\"\0*\0perPage\";i:15;s:6:\"exists\";b:1;s:18:\"wasRecentlyCreated\";b:0;s:28:\"\0*\0escapeWhenCastingToString\";b:0;s:13:\"\0*\0attributes\";a:1:{s:13:\"total_product\";i:1;}s:11:\"\0*\0original\";a:1:{s:13:\"total_product\";i:1;}s:10:\"\0*\0changes\";a:0:{}s:11:\"\0*\0previous\";a:0:{}s:8:\"\0*\0casts\";a:5:{s:14:\"purchase_price\";s:7:\"integer\";s:13:\"selling_price\";s:7:\"integer\";s:8:\"quantity\";s:7:\"integer\";s:9:\"min_stock\";s:7:\"integer\";s:9:\"is_active\";s:7:\"boolean\";}s:17:\"\0*\0classCastCache\";a:0:{}s:21:\"\0*\0attributeCastCache\";a:0:{}s:13:\"\0*\0dateFormat\";N;s:10:\"\0*\0appends\";a:0:{}s:19:\"\0*\0dispatchesEvents\";a:0:{}s:14:\"\0*\0observables\";a:0:{}s:12:\"\0*\0relations\";a:0:{}s:10:\"\0*\0touches\";a:0:{}s:27:\"\0*\0relationAutoloadCallback\";N;s:26:\"\0*\0relationAutoloadContext\";N;s:10:\"timestamps\";b:1;s:13:\"usesUniqueIds\";b:0;s:9:\"\0*\0hidden\";a:0:{}s:10:\"\0*\0visible\";a:0:{}s:11:\"\0*\0fillable\";a:11:{i:0;s:11:\"category_id\";i:1;s:7:\"unit_id\";i:2;s:3:\"sku\";i:3;s:4:\"name\";i:4;s:14:\"purchase_price\";i:5;s:13:\"selling_price\";i:6;s:8:\"quantity\";i:7;s:9:\"min_stock\";i:8;s:9:\"is_active\";i:9;s:11:\"description\";i:10;s:5:\"notes\";}s:10:\"\0*\0guarded\";a:1:{i:0;s:1:\"*\";}}i:40;O:18:\"App\\Models\\Product\":33:{s:13:\"\0*\0connection\";s:5:\"mysql\";s:8:\"\0*\0table\";s:8:\"products\";s:13:\"\0*\0primaryKey\";s:2:\"id\";s:10:\"\0*\0keyType\";s:3:\"int\";s:12:\"incrementing\";b:1;s:7:\"\0*\0with\";a:0:{}s:12:\"\0*\0withCount\";a:0:{}s:19:\"preventsLazyLoading\";b:0;s:10:\"\0*\0perPage\";i:15;s:6:\"exists\";b:1;s:18:\"wasRecentlyCreated\";b:0;s:28:\"\0*\0escapeWhenCastingToString\";b:0;s:13:\"\0*\0attributes\";a:1:{s:13:\"total_product\";i:1;}s:11:\"\0*\0original\";a:1:{s:13:\"total_product\";i:1;}s:10:\"\0*\0changes\";a:0:{}s:11:\"\0*\0previous\";a:0:{}s:8:\"\0*\0casts\";a:5:{s:14:\"purchase_price\";s:7:\"integer\";s:13:\"selling_price\";s:7:\"integer\";s:8:\"quantity\";s:7:\"integer\";s:9:\"min_stock\";s:7:\"integer\";s:9:\"is_active\";s:7:\"boolean\";}s:17:\"\0*\0classCastCache\";a:0:{}s:21:\"\0*\0attributeCastCache\";a:0:{}s:13:\"\0*\0dateFormat\";N;s:10:\"\0*\0appends\";a:0:{}s:19:\"\0*\0dispatchesEvents\";a:0:{}s:14:\"\0*\0observables\";a:0:{}s:12:\"\0*\0relations\";a:0:{}s:10:\"\0*\0touches\";a:0:{}s:27:\"\0*\0relationAutoloadCallback\";N;s:26:\"\0*\0relationAutoloadContext\";N;s:10:\"timestamps\";b:1;s:13:\"usesUniqueIds\";b:0;s:9:\"\0*\0hidden\";a:0:{}s:10:\"\0*\0visible\";a:0:{}s:11:\"\0*\0fillable\";a:11:{i:0;s:11:\"category_id\";i:1;s:7:\"unit_id\";i:2;s:3:\"sku\";i:3;s:4:\"name\";i:4;s:14:\"purchase_price\";i:5;s:13:\"selling_price\";i:6;s:8:\"quantity\";i:7;s:9:\"min_stock\";i:8;s:9:\"is_active\";i:9;s:11:\"description\";i:10;s:5:\"notes\";}s:10:\"\0*\0guarded\";a:1:{i:0;s:1:\"*\";}}i:41;O:18:\"App\\Models\\Product\":33:{s:13:\"\0*\0connection\";s:5:\"mysql\";s:8:\"\0*\0table\";s:8:\"products\";s:13:\"\0*\0primaryKey\";s:2:\"id\";s:10:\"\0*\0keyType\";s:3:\"int\";s:12:\"incrementing\";b:1;s:7:\"\0*\0with\";a:0:{}s:12:\"\0*\0withCount\";a:0:{}s:19:\"preventsLazyLoading\";b:0;s:10:\"\0*\0perPage\";i:15;s:6:\"exists\";b:1;s:18:\"wasRecentlyCreated\";b:0;s:28:\"\0*\0escapeWhenCastingToString\";b:0;s:13:\"\0*\0attributes\";a:1:{s:13:\"total_product\";i:1;}s:11:\"\0*\0original\";a:1:{s:13:\"total_product\";i:1;}s:10:\"\0*\0changes\";a:0:{}s:11:\"\0*\0previous\";a:0:{}s:8:\"\0*\0casts\";a:5:{s:14:\"purchase_price\";s:7:\"integer\";s:13:\"selling_price\";s:7:\"integer\";s:8:\"quantity\";s:7:\"integer\";s:9:\"min_stock\";s:7:\"integer\";s:9:\"is_active\";s:7:\"boolean\";}s:17:\"\0*\0classCastCache\";a:0:{}s:21:\"\0*\0attributeCastCache\";a:0:{}s:13:\"\0*\0dateFormat\";N;s:10:\"\0*\0appends\";a:0:{}s:19:\"\0*\0dispatchesEvents\";a:0:{}s:14:\"\0*\0observables\";a:0:{}s:12:\"\0*\0relations\";a:0:{}s:10:\"\0*\0touches\";a:0:{}s:27:\"\0*\0relationAutoloadCallback\";N;s:26:\"\0*\0relationAutoloadContext\";N;s:10:\"timestamps\";b:1;s:13:\"usesUniqueIds\";b:0;s:9:\"\0*\0hidden\";a:0:{}s:10:\"\0*\0visible\";a:0:{}s:11:\"\0*\0fillable\";a:11:{i:0;s:11:\"category_id\";i:1;s:7:\"unit_id\";i:2;s:3:\"sku\";i:3;s:4:\"name\";i:4;s:14:\"purchase_price\";i:5;s:13:\"selling_price\";i:6;s:8:\"quantity\";i:7;s:9:\"min_stock\";i:8;s:9:\"is_active\";i:9;s:11:\"description\";i:10;s:5:\"notes\";}s:10:\"\0*\0guarded\";a:1:{i:0;s:1:\"*\";}}i:42;O:18:\"App\\Models\\Product\":33:{s:13:\"\0*\0connection\";s:5:\"mysql\";s:8:\"\0*\0table\";s:8:\"products\";s:13:\"\0*\0primaryKey\";s:2:\"id\";s:10:\"\0*\0keyType\";s:3:\"int\";s:12:\"incrementing\";b:1;s:7:\"\0*\0with\";a:0:{}s:12:\"\0*\0withCount\";a:0:{}s:19:\"preventsLazyLoading\";b:0;s:10:\"\0*\0perPage\";i:15;s:6:\"exists\";b:1;s:18:\"wasRecentlyCreated\";b:0;s:28:\"\0*\0escapeWhenCastingToString\";b:0;s:13:\"\0*\0attributes\";a:1:{s:13:\"total_product\";i:1;}s:11:\"\0*\0original\";a:1:{s:13:\"total_product\";i:1;}s:10:\"\0*\0changes\";a:0:{}s:11:\"\0*\0previous\";a:0:{}s:8:\"\0*\0casts\";a:5:{s:14:\"purchase_price\";s:7:\"integer\";s:13:\"selling_price\";s:7:\"integer\";s:8:\"quantity\";s:7:\"integer\";s:9:\"min_stock\";s:7:\"integer\";s:9:\"is_active\";s:7:\"boolean\";}s:17:\"\0*\0classCastCache\";a:0:{}s:21:\"\0*\0attributeCastCache\";a:0:{}s:13:\"\0*\0dateFormat\";N;s:10:\"\0*\0appends\";a:0:{}s:19:\"\0*\0dispatchesEvents\";a:0:{}s:14:\"\0*\0observables\";a:0:{}s:12:\"\0*\0relations\";a:0:{}s:10:\"\0*\0touches\";a:0:{}s:27:\"\0*\0relationAutoloadCallback\";N;s:26:\"\0*\0relationAutoloadContext\";N;s:10:\"timestamps\";b:1;s:13:\"usesUniqueIds\";b:0;s:9:\"\0*\0hidden\";a:0:{}s:10:\"\0*\0visible\";a:0:{}s:11:\"\0*\0fillable\";a:11:{i:0;s:11:\"category_id\";i:1;s:7:\"unit_id\";i:2;s:3:\"sku\";i:3;s:4:\"name\";i:4;s:14:\"purchase_price\";i:5;s:13:\"selling_price\";i:6;s:8:\"quantity\";i:7;s:9:\"min_stock\";i:8;s:9:\"is_active\";i:9;s:11:\"description\";i:10;s:5:\"notes\";}s:10:\"\0*\0guarded\";a:1:{i:0;s:1:\"*\";}}i:43;O:18:\"App\\Models\\Product\":33:{s:13:\"\0*\0connection\";s:5:\"mysql\";s:8:\"\0*\0table\";s:8:\"products\";s:13:\"\0*\0primaryKey\";s:2:\"id\";s:10:\"\0*\0keyType\";s:3:\"int\";s:12:\"incrementing\";b:1;s:7:\"\0*\0with\";a:0:{}s:12:\"\0*\0withCount\";a:0:{}s:19:\"preventsLazyLoading\";b:0;s:10:\"\0*\0perPage\";i:15;s:6:\"exists\";b:1;s:18:\"wasRecentlyCreated\";b:0;s:28:\"\0*\0escapeWhenCastingToString\";b:0;s:13:\"\0*\0attributes\";a:1:{s:13:\"total_product\";i:1;}s:11:\"\0*\0original\";a:1:{s:13:\"total_product\";i:1;}s:10:\"\0*\0changes\";a:0:{}s:11:\"\0*\0previous\";a:0:{}s:8:\"\0*\0casts\";a:5:{s:14:\"purchase_price\";s:7:\"integer\";s:13:\"selling_price\";s:7:\"integer\";s:8:\"quantity\";s:7:\"integer\";s:9:\"min_stock\";s:7:\"integer\";s:9:\"is_active\";s:7:\"boolean\";}s:17:\"\0*\0classCastCache\";a:0:{}s:21:\"\0*\0attributeCastCache\";a:0:{}s:13:\"\0*\0dateFormat\";N;s:10:\"\0*\0appends\";a:0:{}s:19:\"\0*\0dispatchesEvents\";a:0:{}s:14:\"\0*\0observables\";a:0:{}s:12:\"\0*\0relations\";a:0:{}s:10:\"\0*\0touches\";a:0:{}s:27:\"\0*\0relationAutoloadCallback\";N;s:26:\"\0*\0relationAutoloadContext\";N;s:10:\"timestamps\";b:1;s:13:\"usesUniqueIds\";b:0;s:9:\"\0*\0hidden\";a:0:{}s:10:\"\0*\0visible\";a:0:{}s:11:\"\0*\0fillable\";a:11:{i:0;s:11:\"category_id\";i:1;s:7:\"unit_id\";i:2;s:3:\"sku\";i:3;s:4:\"name\";i:4;s:14:\"purchase_price\";i:5;s:13:\"selling_price\";i:6;s:8:\"quantity\";i:7;s:9:\"min_stock\";i:8;s:9:\"is_active\";i:9;s:11:\"description\";i:10;s:5:\"notes\";}s:10:\"\0*\0guarded\";a:1:{i:0;s:1:\"*\";}}i:44;O:18:\"App\\Models\\Product\":33:{s:13:\"\0*\0connection\";s:5:\"mysql\";s:8:\"\0*\0table\";s:8:\"products\";s:13:\"\0*\0primaryKey\";s:2:\"id\";s:10:\"\0*\0keyType\";s:3:\"int\";s:12:\"incrementing\";b:1;s:7:\"\0*\0with\";a:0:{}s:12:\"\0*\0withCount\";a:0:{}s:19:\"preventsLazyLoading\";b:0;s:10:\"\0*\0perPage\";i:15;s:6:\"exists\";b:1;s:18:\"wasRecentlyCreated\";b:0;s:28:\"\0*\0escapeWhenCastingToString\";b:0;s:13:\"\0*\0attributes\";a:1:{s:13:\"total_product\";i:1;}s:11:\"\0*\0original\";a:1:{s:13:\"total_product\";i:1;}s:10:\"\0*\0changes\";a:0:{}s:11:\"\0*\0previous\";a:0:{}s:8:\"\0*\0casts\";a:5:{s:14:\"purchase_price\";s:7:\"integer\";s:13:\"selling_price\";s:7:\"integer\";s:8:\"quantity\";s:7:\"integer\";s:9:\"min_stock\";s:7:\"integer\";s:9:\"is_active\";s:7:\"boolean\";}s:17:\"\0*\0classCastCache\";a:0:{}s:21:\"\0*\0attributeCastCache\";a:0:{}s:13:\"\0*\0dateFormat\";N;s:10:\"\0*\0appends\";a:0:{}s:19:\"\0*\0dispatchesEvents\";a:0:{}s:14:\"\0*\0observables\";a:0:{}s:12:\"\0*\0relations\";a:0:{}s:10:\"\0*\0touches\";a:0:{}s:27:\"\0*\0relationAutoloadCallback\";N;s:26:\"\0*\0relationAutoloadContext\";N;s:10:\"timestamps\";b:1;s:13:\"usesUniqueIds\";b:0;s:9:\"\0*\0hidden\";a:0:{}s:10:\"\0*\0visible\";a:0:{}s:11:\"\0*\0fillable\";a:11:{i:0;s:11:\"category_id\";i:1;s:7:\"unit_id\";i:2;s:3:\"sku\";i:3;s:4:\"name\";i:4;s:14:\"purchase_price\";i:5;s:13:\"selling_price\";i:6;s:8:\"quantity\";i:7;s:9:\"min_stock\";i:8;s:9:\"is_active\";i:9;s:11:\"description\";i:10;s:5:\"notes\";}s:10:\"\0*\0guarded\";a:1:{i:0;s:1:\"*\";}}i:45;O:18:\"App\\Models\\Product\":33:{s:13:\"\0*\0connection\";s:5:\"mysql\";s:8:\"\0*\0table\";s:8:\"products\";s:13:\"\0*\0primaryKey\";s:2:\"id\";s:10:\"\0*\0keyType\";s:3:\"int\";s:12:\"incrementing\";b:1;s:7:\"\0*\0with\";a:0:{}s:12:\"\0*\0withCount\";a:0:{}s:19:\"preventsLazyLoading\";b:0;s:10:\"\0*\0perPage\";i:15;s:6:\"exists\";b:1;s:18:\"wasRecentlyCreated\";b:0;s:28:\"\0*\0escapeWhenCastingToString\";b:0;s:13:\"\0*\0attributes\";a:1:{s:13:\"total_product\";i:1;}s:11:\"\0*\0original\";a:1:{s:13:\"total_product\";i:1;}s:10:\"\0*\0changes\";a:0:{}s:11:\"\0*\0previous\";a:0:{}s:8:\"\0*\0casts\";a:5:{s:14:\"purchase_price\";s:7:\"integer\";s:13:\"selling_price\";s:7:\"integer\";s:8:\"quantity\";s:7:\"integer\";s:9:\"min_stock\";s:7:\"integer\";s:9:\"is_active\";s:7:\"boolean\";}s:17:\"\0*\0classCastCache\";a:0:{}s:21:\"\0*\0attributeCastCache\";a:0:{}s:13:\"\0*\0dateFormat\";N;s:10:\"\0*\0appends\";a:0:{}s:19:\"\0*\0dispatchesEvents\";a:0:{}s:14:\"\0*\0observables\";a:0:{}s:12:\"\0*\0relations\";a:0:{}s:10:\"\0*\0touches\";a:0:{}s:27:\"\0*\0relationAutoloadCallback\";N;s:26:\"\0*\0relationAutoloadContext\";N;s:10:\"timestamps\";b:1;s:13:\"usesUniqueIds\";b:0;s:9:\"\0*\0hidden\";a:0:{}s:10:\"\0*\0visible\";a:0:{}s:11:\"\0*\0fillable\";a:11:{i:0;s:11:\"category_id\";i:1;s:7:\"unit_id\";i:2;s:3:\"sku\";i:3;s:4:\"name\";i:4;s:14:\"purchase_price\";i:5;s:13:\"selling_price\";i:6;s:8:\"quantity\";i:7;s:9:\"min_stock\";i:8;s:9:\"is_active\";i:9;s:11:\"description\";i:10;s:5:\"notes\";}s:10:\"\0*\0guarded\";a:1:{i:0;s:1:\"*\";}}i:46;O:18:\"App\\Models\\Product\":33:{s:13:\"\0*\0connection\";s:5:\"mysql\";s:8:\"\0*\0table\";s:8:\"products\";s:13:\"\0*\0primaryKey\";s:2:\"id\";s:10:\"\0*\0keyType\";s:3:\"int\";s:12:\"incrementing\";b:1;s:7:\"\0*\0with\";a:0:{}s:12:\"\0*\0withCount\";a:0:{}s:19:\"preventsLazyLoading\";b:0;s:10:\"\0*\0perPage\";i:15;s:6:\"exists\";b:1;s:18:\"wasRecentlyCreated\";b:0;s:28:\"\0*\0escapeWhenCastingToString\";b:0;s:13:\"\0*\0attributes\";a:1:{s:13:\"total_product\";i:1;}s:11:\"\0*\0original\";a:1:{s:13:\"total_product\";i:1;}s:10:\"\0*\0changes\";a:0:{}s:11:\"\0*\0previous\";a:0:{}s:8:\"\0*\0casts\";a:5:{s:14:\"purchase_price\";s:7:\"integer\";s:13:\"selling_price\";s:7:\"integer\";s:8:\"quantity\";s:7:\"integer\";s:9:\"min_stock\";s:7:\"integer\";s:9:\"is_active\";s:7:\"boolean\";}s:17:\"\0*\0classCastCache\";a:0:{}s:21:\"\0*\0attributeCastCache\";a:0:{}s:13:\"\0*\0dateFormat\";N;s:10:\"\0*\0appends\";a:0:{}s:19:\"\0*\0dispatchesEvents\";a:0:{}s:14:\"\0*\0observables\";a:0:{}s:12:\"\0*\0relations\";a:0:{}s:10:\"\0*\0touches\";a:0:{}s:27:\"\0*\0relationAutoloadCallback\";N;s:26:\"\0*\0relationAutoloadContext\";N;s:10:\"timestamps\";b:1;s:13:\"usesUniqueIds\";b:0;s:9:\"\0*\0hidden\";a:0:{}s:10:\"\0*\0visible\";a:0:{}s:11:\"\0*\0fillable\";a:11:{i:0;s:11:\"category_id\";i:1;s:7:\"unit_id\";i:2;s:3:\"sku\";i:3;s:4:\"name\";i:4;s:14:\"purchase_price\";i:5;s:13:\"selling_price\";i:6;s:8:\"quantity\";i:7;s:9:\"min_stock\";i:8;s:9:\"is_active\";i:9;s:11:\"description\";i:10;s:5:\"notes\";}s:10:\"\0*\0guarded\";a:1:{i:0;s:1:\"*\";}}i:47;O:18:\"App\\Models\\Product\":33:{s:13:\"\0*\0connection\";s:5:\"mysql\";s:8:\"\0*\0table\";s:8:\"products\";s:13:\"\0*\0primaryKey\";s:2:\"id\";s:10:\"\0*\0keyType\";s:3:\"int\";s:12:\"incrementing\";b:1;s:7:\"\0*\0with\";a:0:{}s:12:\"\0*\0withCount\";a:0:{}s:19:\"preventsLazyLoading\";b:0;s:10:\"\0*\0perPage\";i:15;s:6:\"exists\";b:1;s:18:\"wasRecentlyCreated\";b:0;s:28:\"\0*\0escapeWhenCastingToString\";b:0;s:13:\"\0*\0attributes\";a:1:{s:13:\"total_product\";i:1;}s:11:\"\0*\0original\";a:1:{s:13:\"total_product\";i:1;}s:10:\"\0*\0changes\";a:0:{}s:11:\"\0*\0previous\";a:0:{}s:8:\"\0*\0casts\";a:5:{s:14:\"purchase_price\";s:7:\"integer\";s:13:\"selling_price\";s:7:\"integer\";s:8:\"quantity\";s:7:\"integer\";s:9:\"min_stock\";s:7:\"integer\";s:9:\"is_active\";s:7:\"boolean\";}s:17:\"\0*\0classCastCache\";a:0:{}s:21:\"\0*\0attributeCastCache\";a:0:{}s:13:\"\0*\0dateFormat\";N;s:10:\"\0*\0appends\";a:0:{}s:19:\"\0*\0dispatchesEvents\";a:0:{}s:14:\"\0*\0observables\";a:0:{}s:12:\"\0*\0relations\";a:0:{}s:10:\"\0*\0touches\";a:0:{}s:27:\"\0*\0relationAutoloadCallback\";N;s:26:\"\0*\0relationAutoloadContext\";N;s:10:\"timestamps\";b:1;s:13:\"usesUniqueIds\";b:0;s:9:\"\0*\0hidden\";a:0:{}s:10:\"\0*\0visible\";a:0:{}s:11:\"\0*\0fillable\";a:11:{i:0;s:11:\"category_id\";i:1;s:7:\"unit_id\";i:2;s:3:\"sku\";i:3;s:4:\"name\";i:4;s:14:\"purchase_price\";i:5;s:13:\"selling_price\";i:6;s:8:\"quantity\";i:7;s:9:\"min_stock\";i:8;s:9:\"is_active\";i:9;s:11:\"description\";i:10;s:5:\"notes\";}s:10:\"\0*\0guarded\";a:1:{i:0;s:1:\"*\";}}i:48;O:18:\"App\\Models\\Product\":33:{s:13:\"\0*\0connection\";s:5:\"mysql\";s:8:\"\0*\0table\";s:8:\"products\";s:13:\"\0*\0primaryKey\";s:2:\"id\";s:10:\"\0*\0keyType\";s:3:\"int\";s:12:\"incrementing\";b:1;s:7:\"\0*\0with\";a:0:{}s:12:\"\0*\0withCount\";a:0:{}s:19:\"preventsLazyLoading\";b:0;s:10:\"\0*\0perPage\";i:15;s:6:\"exists\";b:1;s:18:\"wasRecentlyCreated\";b:0;s:28:\"\0*\0escapeWhenCastingToString\";b:0;s:13:\"\0*\0attributes\";a:1:{s:13:\"total_product\";i:1;}s:11:\"\0*\0original\";a:1:{s:13:\"total_product\";i:1;}s:10:\"\0*\0changes\";a:0:{}s:11:\"\0*\0previous\";a:0:{}s:8:\"\0*\0casts\";a:5:{s:14:\"purchase_price\";s:7:\"integer\";s:13:\"selling_price\";s:7:\"integer\";s:8:\"quantity\";s:7:\"integer\";s:9:\"min_stock\";s:7:\"integer\";s:9:\"is_active\";s:7:\"boolean\";}s:17:\"\0*\0classCastCache\";a:0:{}s:21:\"\0*\0attributeCastCache\";a:0:{}s:13:\"\0*\0dateFormat\";N;s:10:\"\0*\0appends\";a:0:{}s:19:\"\0*\0dispatchesEvents\";a:0:{}s:14:\"\0*\0observables\";a:0:{}s:12:\"\0*\0relations\";a:0:{}s:10:\"\0*\0touches\";a:0:{}s:27:\"\0*\0relationAutoloadCallback\";N;s:26:\"\0*\0relationAutoloadContext\";N;s:10:\"timestamps\";b:1;s:13:\"usesUniqueIds\";b:0;s:9:\"\0*\0hidden\";a:0:{}s:10:\"\0*\0visible\";a:0:{}s:11:\"\0*\0fillable\";a:11:{i:0;s:11:\"category_id\";i:1;s:7:\"unit_id\";i:2;s:3:\"sku\";i:3;s:4:\"name\";i:4;s:14:\"purchase_price\";i:5;s:13:\"selling_price\";i:6;s:8:\"quantity\";i:7;s:9:\"min_stock\";i:8;s:9:\"is_active\";i:9;s:11:\"description\";i:10;s:5:\"notes\";}s:10:\"\0*\0guarded\";a:1:{i:0;s:1:\"*\";}}i:49;O:18:\"App\\Models\\Product\":33:{s:13:\"\0*\0connection\";s:5:\"mysql\";s:8:\"\0*\0table\";s:8:\"products\";s:13:\"\0*\0primaryKey\";s:2:\"id\";s:10:\"\0*\0keyType\";s:3:\"int\";s:12:\"incrementing\";b:1;s:7:\"\0*\0with\";a:0:{}s:12:\"\0*\0withCount\";a:0:{}s:19:\"preventsLazyLoading\";b:0;s:10:\"\0*\0perPage\";i:15;s:6:\"exists\";b:1;s:18:\"wasRecentlyCreated\";b:0;s:28:\"\0*\0escapeWhenCastingToString\";b:0;s:13:\"\0*\0attributes\";a:1:{s:13:\"total_product\";i:1;}s:11:\"\0*\0original\";a:1:{s:13:\"total_product\";i:1;}s:10:\"\0*\0changes\";a:0:{}s:11:\"\0*\0previous\";a:0:{}s:8:\"\0*\0casts\";a:5:{s:14:\"purchase_price\";s:7:\"integer\";s:13:\"selling_price\";s:7:\"integer\";s:8:\"quantity\";s:7:\"integer\";s:9:\"min_stock\";s:7:\"integer\";s:9:\"is_active\";s:7:\"boolean\";}s:17:\"\0*\0classCastCache\";a:0:{}s:21:\"\0*\0attributeCastCache\";a:0:{}s:13:\"\0*\0dateFormat\";N;s:10:\"\0*\0appends\";a:0:{}s:19:\"\0*\0dispatchesEvents\";a:0:{}s:14:\"\0*\0observables\";a:0:{}s:12:\"\0*\0relations\";a:0:{}s:10:\"\0*\0touches\";a:0:{}s:27:\"\0*\0relationAutoloadCallback\";N;s:26:\"\0*\0relationAutoloadContext\";N;s:10:\"timestamps\";b:1;s:13:\"usesUniqueIds\";b:0;s:9:\"\0*\0hidden\";a:0:{}s:10:\"\0*\0visible\";a:0:{}s:11:\"\0*\0fillable\";a:11:{i:0;s:11:\"category_id\";i:1;s:7:\"unit_id\";i:2;s:3:\"sku\";i:3;s:4:\"name\";i:4;s:14:\"purchase_price\";i:5;s:13:\"selling_price\";i:6;s:8:\"quantity\";i:7;s:9:\"min_stock\";i:8;s:9:\"is_active\";i:9;s:11:\"description\";i:10;s:5:\"notes\";}s:10:\"\0*\0guarded\";a:1:{i:0;s:1:\"*\";}}i:50;O:18:\"App\\Models\\Product\":33:{s:13:\"\0*\0connection\";s:5:\"mysql\";s:8:\"\0*\0table\";s:8:\"products\";s:13:\"\0*\0primaryKey\";s:2:\"id\";s:10:\"\0*\0keyType\";s:3:\"int\";s:12:\"incrementing\";b:1;s:7:\"\0*\0with\";a:0:{}s:12:\"\0*\0withCount\";a:0:{}s:19:\"preventsLazyLoading\";b:0;s:10:\"\0*\0perPage\";i:15;s:6:\"exists\";b:1;s:18:\"wasRecentlyCreated\";b:0;s:28:\"\0*\0escapeWhenCastingToString\";b:0;s:13:\"\0*\0attributes\";a:1:{s:13:\"total_product\";i:1;}s:11:\"\0*\0original\";a:1:{s:13:\"total_product\";i:1;}s:10:\"\0*\0changes\";a:0:{}s:11:\"\0*\0previous\";a:0:{}s:8:\"\0*\0casts\";a:5:{s:14:\"purchase_price\";s:7:\"integer\";s:13:\"selling_price\";s:7:\"integer\";s:8:\"quantity\";s:7:\"integer\";s:9:\"min_stock\";s:7:\"integer\";s:9:\"is_active\";s:7:\"boolean\";}s:17:\"\0*\0classCastCache\";a:0:{}s:21:\"\0*\0attributeCastCache\";a:0:{}s:13:\"\0*\0dateFormat\";N;s:10:\"\0*\0appends\";a:0:{}s:19:\"\0*\0dispatchesEvents\";a:0:{}s:14:\"\0*\0observables\";a:0:{}s:12:\"\0*\0relations\";a:0:{}s:10:\"\0*\0touches\";a:0:{}s:27:\"\0*\0relationAutoloadCallback\";N;s:26:\"\0*\0relationAutoloadContext\";N;s:10:\"timestamps\";b:1;s:13:\"usesUniqueIds\";b:0;s:9:\"\0*\0hidden\";a:0:{}s:10:\"\0*\0visible\";a:0:{}s:11:\"\0*\0fillable\";a:11:{i:0;s:11:\"category_id\";i:1;s:7:\"unit_id\";i:2;s:3:\"sku\";i:3;s:4:\"name\";i:4;s:14:\"purchase_price\";i:5;s:13:\"selling_price\";i:6;s:8:\"quantity\";i:7;s:9:\"min_stock\";i:8;s:9:\"is_active\";i:9;s:11:\"description\";i:10;s:5:\"notes\";}s:10:\"\0*\0guarded\";a:1:{i:0;s:1:\"*\";}}i:51;O:18:\"App\\Models\\Product\":33:{s:13:\"\0*\0connection\";s:5:\"mysql\";s:8:\"\0*\0table\";s:8:\"products\";s:13:\"\0*\0primaryKey\";s:2:\"id\";s:10:\"\0*\0keyType\";s:3:\"int\";s:12:\"incrementing\";b:1;s:7:\"\0*\0with\";a:0:{}s:12:\"\0*\0withCount\";a:0:{}s:19:\"preventsLazyLoading\";b:0;s:10:\"\0*\0perPage\";i:15;s:6:\"exists\";b:1;s:18:\"wasRecentlyCreated\";b:0;s:28:\"\0*\0escapeWhenCastingToString\";b:0;s:13:\"\0*\0attributes\";a:1:{s:13:\"total_product\";i:1;}s:11:\"\0*\0original\";a:1:{s:13:\"total_product\";i:1;}s:10:\"\0*\0changes\";a:0:{}s:11:\"\0*\0previous\";a:0:{}s:8:\"\0*\0casts\";a:5:{s:14:\"purchase_price\";s:7:\"integer\";s:13:\"selling_price\";s:7:\"integer\";s:8:\"quantity\";s:7:\"integer\";s:9:\"min_stock\";s:7:\"integer\";s:9:\"is_active\";s:7:\"boolean\";}s:17:\"\0*\0classCastCache\";a:0:{}s:21:\"\0*\0attributeCastCache\";a:0:{}s:13:\"\0*\0dateFormat\";N;s:10:\"\0*\0appends\";a:0:{}s:19:\"\0*\0dispatchesEvents\";a:0:{}s:14:\"\0*\0observables\";a:0:{}s:12:\"\0*\0relations\";a:0:{}s:10:\"\0*\0touches\";a:0:{}s:27:\"\0*\0relationAutoloadCallback\";N;s:26:\"\0*\0relationAutoloadContext\";N;s:10:\"timestamps\";b:1;s:13:\"usesUniqueIds\";b:0;s:9:\"\0*\0hidden\";a:0:{}s:10:\"\0*\0visible\";a:0:{}s:11:\"\0*\0fillable\";a:11:{i:0;s:11:\"category_id\";i:1;s:7:\"unit_id\";i:2;s:3:\"sku\";i:3;s:4:\"name\";i:4;s:14:\"purchase_price\";i:5;s:13:\"selling_price\";i:6;s:8:\"quantity\";i:7;s:9:\"min_stock\";i:8;s:9:\"is_active\";i:9;s:11:\"description\";i:10;s:5:\"notes\";}s:10:\"\0*\0guarded\";a:1:{i:0;s:1:\"*\";}}i:52;O:18:\"App\\Models\\Product\":33:{s:13:\"\0*\0connection\";s:5:\"mysql\";s:8:\"\0*\0table\";s:8:\"products\";s:13:\"\0*\0primaryKey\";s:2:\"id\";s:10:\"\0*\0keyType\";s:3:\"int\";s:12:\"incrementing\";b:1;s:7:\"\0*\0with\";a:0:{}s:12:\"\0*\0withCount\";a:0:{}s:19:\"preventsLazyLoading\";b:0;s:10:\"\0*\0perPage\";i:15;s:6:\"exists\";b:1;s:18:\"wasRecentlyCreated\";b:0;s:28:\"\0*\0escapeWhenCastingToString\";b:0;s:13:\"\0*\0attributes\";a:1:{s:13:\"total_product\";i:1;}s:11:\"\0*\0original\";a:1:{s:13:\"total_product\";i:1;}s:10:\"\0*\0changes\";a:0:{}s:11:\"\0*\0previous\";a:0:{}s:8:\"\0*\0casts\";a:5:{s:14:\"purchase_price\";s:7:\"integer\";s:13:\"selling_price\";s:7:\"integer\";s:8:\"quantity\";s:7:\"integer\";s:9:\"min_stock\";s:7:\"integer\";s:9:\"is_active\";s:7:\"boolean\";}s:17:\"\0*\0classCastCache\";a:0:{}s:21:\"\0*\0attributeCastCache\";a:0:{}s:13:\"\0*\0dateFormat\";N;s:10:\"\0*\0appends\";a:0:{}s:19:\"\0*\0dispatchesEvents\";a:0:{}s:14:\"\0*\0observables\";a:0:{}s:12:\"\0*\0relations\";a:0:{}s:10:\"\0*\0touches\";a:0:{}s:27:\"\0*\0relationAutoloadCallback\";N;s:26:\"\0*\0relationAutoloadContext\";N;s:10:\"timestamps\";b:1;s:13:\"usesUniqueIds\";b:0;s:9:\"\0*\0hidden\";a:0:{}s:10:\"\0*\0visible\";a:0:{}s:11:\"\0*\0fillable\";a:11:{i:0;s:11:\"category_id\";i:1;s:7:\"unit_id\";i:2;s:3:\"sku\";i:3;s:4:\"name\";i:4;s:14:\"purchase_price\";i:5;s:13:\"selling_price\";i:6;s:8:\"quantity\";i:7;s:9:\"min_stock\";i:8;s:9:\"is_active\";i:9;s:11:\"description\";i:10;s:5:\"notes\";}s:10:\"\0*\0guarded\";a:1:{i:0;s:1:\"*\";}}i:53;O:18:\"App\\Models\\Product\":33:{s:13:\"\0*\0connection\";s:5:\"mysql\";s:8:\"\0*\0table\";s:8:\"products\";s:13:\"\0*\0primaryKey\";s:2:\"id\";s:10:\"\0*\0keyType\";s:3:\"int\";s:12:\"incrementing\";b:1;s:7:\"\0*\0with\";a:0:{}s:12:\"\0*\0withCount\";a:0:{}s:19:\"preventsLazyLoading\";b:0;s:10:\"\0*\0perPage\";i:15;s:6:\"exists\";b:1;s:18:\"wasRecentlyCreated\";b:0;s:28:\"\0*\0escapeWhenCastingToString\";b:0;s:13:\"\0*\0attributes\";a:1:{s:13:\"total_product\";i:1;}s:11:\"\0*\0original\";a:1:{s:13:\"total_product\";i:1;}s:10:\"\0*\0changes\";a:0:{}s:11:\"\0*\0previous\";a:0:{}s:8:\"\0*\0casts\";a:5:{s:14:\"purchase_price\";s:7:\"integer\";s:13:\"selling_price\";s:7:\"integer\";s:8:\"quantity\";s:7:\"integer\";s:9:\"min_stock\";s:7:\"integer\";s:9:\"is_active\";s:7:\"boolean\";}s:17:\"\0*\0classCastCache\";a:0:{}s:21:\"\0*\0attributeCastCache\";a:0:{}s:13:\"\0*\0dateFormat\";N;s:10:\"\0*\0appends\";a:0:{}s:19:\"\0*\0dispatchesEvents\";a:0:{}s:14:\"\0*\0observables\";a:0:{}s:12:\"\0*\0relations\";a:0:{}s:10:\"\0*\0touches\";a:0:{}s:27:\"\0*\0relationAutoloadCallback\";N;s:26:\"\0*\0relationAutoloadContext\";N;s:10:\"timestamps\";b:1;s:13:\"usesUniqueIds\";b:0;s:9:\"\0*\0hidden\";a:0:{}s:10:\"\0*\0visible\";a:0:{}s:11:\"\0*\0fillable\";a:11:{i:0;s:11:\"category_id\";i:1;s:7:\"unit_id\";i:2;s:3:\"sku\";i:3;s:4:\"name\";i:4;s:14:\"purchase_price\";i:5;s:13:\"selling_price\";i:6;s:8:\"quantity\";i:7;s:9:\"min_stock\";i:8;s:9:\"is_active\";i:9;s:11:\"description\";i:10;s:5:\"notes\";}s:10:\"\0*\0guarded\";a:1:{i:0;s:1:\"*\";}}i:54;O:18:\"App\\Models\\Product\":33:{s:13:\"\0*\0connection\";s:5:\"mysql\";s:8:\"\0*\0table\";s:8:\"products\";s:13:\"\0*\0primaryKey\";s:2:\"id\";s:10:\"\0*\0keyType\";s:3:\"int\";s:12:\"incrementing\";b:1;s:7:\"\0*\0with\";a:0:{}s:12:\"\0*\0withCount\";a:0:{}s:19:\"preventsLazyLoading\";b:0;s:10:\"\0*\0perPage\";i:15;s:6:\"exists\";b:1;s:18:\"wasRecentlyCreated\";b:0;s:28:\"\0*\0escapeWhenCastingToString\";b:0;s:13:\"\0*\0attributes\";a:1:{s:13:\"total_product\";i:1;}s:11:\"\0*\0original\";a:1:{s:13:\"total_product\";i:1;}s:10:\"\0*\0changes\";a:0:{}s:11:\"\0*\0previous\";a:0:{}s:8:\"\0*\0casts\";a:5:{s:14:\"purchase_price\";s:7:\"integer\";s:13:\"selling_price\";s:7:\"integer\";s:8:\"quantity\";s:7:\"integer\";s:9:\"min_stock\";s:7:\"integer\";s:9:\"is_active\";s:7:\"boolean\";}s:17:\"\0*\0classCastCache\";a:0:{}s:21:\"\0*\0attributeCastCache\";a:0:{}s:13:\"\0*\0dateFormat\";N;s:10:\"\0*\0appends\";a:0:{}s:19:\"\0*\0dispatchesEvents\";a:0:{}s:14:\"\0*\0observables\";a:0:{}s:12:\"\0*\0relations\";a:0:{}s:10:\"\0*\0touches\";a:0:{}s:27:\"\0*\0relationAutoloadCallback\";N;s:26:\"\0*\0relationAutoloadContext\";N;s:10:\"timestamps\";b:1;s:13:\"usesUniqueIds\";b:0;s:9:\"\0*\0hidden\";a:0:{}s:10:\"\0*\0visible\";a:0:{}s:11:\"\0*\0fillable\";a:11:{i:0;s:11:\"category_id\";i:1;s:7:\"unit_id\";i:2;s:3:\"sku\";i:3;s:4:\"name\";i:4;s:14:\"purchase_price\";i:5;s:13:\"selling_price\";i:6;s:8:\"quantity\";i:7;s:9:\"min_stock\";i:8;s:9:\"is_active\";i:9;s:11:\"description\";i:10;s:5:\"notes\";}s:10:\"\0*\0guarded\";a:1:{i:0;s:1:\"*\";}}i:55;O:18:\"App\\Models\\Product\":33:{s:13:\"\0*\0connection\";s:5:\"mysql\";s:8:\"\0*\0table\";s:8:\"products\";s:13:\"\0*\0primaryKey\";s:2:\"id\";s:10:\"\0*\0keyType\";s:3:\"int\";s:12:\"incrementing\";b:1;s:7:\"\0*\0with\";a:0:{}s:12:\"\0*\0withCount\";a:0:{}s:19:\"preventsLazyLoading\";b:0;s:10:\"\0*\0perPage\";i:15;s:6:\"exists\";b:1;s:18:\"wasRecentlyCreated\";b:0;s:28:\"\0*\0escapeWhenCastingToString\";b:0;s:13:\"\0*\0attributes\";a:1:{s:13:\"total_product\";i:1;}s:11:\"\0*\0original\";a:1:{s:13:\"total_product\";i:1;}s:10:\"\0*\0changes\";a:0:{}s:11:\"\0*\0previous\";a:0:{}s:8:\"\0*\0casts\";a:5:{s:14:\"purchase_price\";s:7:\"integer\";s:13:\"selling_price\";s:7:\"integer\";s:8:\"quantity\";s:7:\"integer\";s:9:\"min_stock\";s:7:\"integer\";s:9:\"is_active\";s:7:\"boolean\";}s:17:\"\0*\0classCastCache\";a:0:{}s:21:\"\0*\0attributeCastCache\";a:0:{}s:13:\"\0*\0dateFormat\";N;s:10:\"\0*\0appends\";a:0:{}s:19:\"\0*\0dispatchesEvents\";a:0:{}s:14:\"\0*\0observables\";a:0:{}s:12:\"\0*\0relations\";a:0:{}s:10:\"\0*\0touches\";a:0:{}s:27:\"\0*\0relationAutoloadCallback\";N;s:26:\"\0*\0relationAutoloadContext\";N;s:10:\"timestamps\";b:1;s:13:\"usesUniqueIds\";b:0;s:9:\"\0*\0hidden\";a:0:{}s:10:\"\0*\0visible\";a:0:{}s:11:\"\0*\0fillable\";a:11:{i:0;s:11:\"category_id\";i:1;s:7:\"unit_id\";i:2;s:3:\"sku\";i:3;s:4:\"name\";i:4;s:14:\"purchase_price\";i:5;s:13:\"selling_price\";i:6;s:8:\"quantity\";i:7;s:9:\"min_stock\";i:8;s:9:\"is_active\";i:9;s:11:\"description\";i:10;s:5:\"notes\";}s:10:\"\0*\0guarded\";a:1:{i:0;s:1:\"*\";}}i:56;O:18:\"App\\Models\\Product\":33:{s:13:\"\0*\0connection\";s:5:\"mysql\";s:8:\"\0*\0table\";s:8:\"products\";s:13:\"\0*\0primaryKey\";s:2:\"id\";s:10:\"\0*\0keyType\";s:3:\"int\";s:12:\"incrementing\";b:1;s:7:\"\0*\0with\";a:0:{}s:12:\"\0*\0withCount\";a:0:{}s:19:\"preventsLazyLoading\";b:0;s:10:\"\0*\0perPage\";i:15;s:6:\"exists\";b:1;s:18:\"wasRecentlyCreated\";b:0;s:28:\"\0*\0escapeWhenCastingToString\";b:0;s:13:\"\0*\0attributes\";a:1:{s:13:\"total_product\";i:1;}s:11:\"\0*\0original\";a:1:{s:13:\"total_product\";i:1;}s:10:\"\0*\0changes\";a:0:{}s:11:\"\0*\0previous\";a:0:{}s:8:\"\0*\0casts\";a:5:{s:14:\"purchase_price\";s:7:\"integer\";s:13:\"selling_price\";s:7:\"integer\";s:8:\"quantity\";s:7:\"integer\";s:9:\"min_stock\";s:7:\"integer\";s:9:\"is_active\";s:7:\"boolean\";}s:17:\"\0*\0classCastCache\";a:0:{}s:21:\"\0*\0attributeCastCache\";a:0:{}s:13:\"\0*\0dateFormat\";N;s:10:\"\0*\0appends\";a:0:{}s:19:\"\0*\0dispatchesEvents\";a:0:{}s:14:\"\0*\0observables\";a:0:{}s:12:\"\0*\0relations\";a:0:{}s:10:\"\0*\0touches\";a:0:{}s:27:\"\0*\0relationAutoloadCallback\";N;s:26:\"\0*\0relationAutoloadContext\";N;s:10:\"timestamps\";b:1;s:13:\"usesUniqueIds\";b:0;s:9:\"\0*\0hidden\";a:0:{}s:10:\"\0*\0visible\";a:0:{}s:11:\"\0*\0fillable\";a:11:{i:0;s:11:\"category_id\";i:1;s:7:\"unit_id\";i:2;s:3:\"sku\";i:3;s:4:\"name\";i:4;s:14:\"purchase_price\";i:5;s:13:\"selling_price\";i:6;s:8:\"quantity\";i:7;s:9:\"min_stock\";i:8;s:9:\"is_active\";i:9;s:11:\"description\";i:10;s:5:\"notes\";}s:10:\"\0*\0guarded\";a:1:{i:0;s:1:\"*\";}}i:57;O:18:\"App\\Models\\Product\":33:{s:13:\"\0*\0connection\";s:5:\"mysql\";s:8:\"\0*\0table\";s:8:\"products\";s:13:\"\0*\0primaryKey\";s:2:\"id\";s:10:\"\0*\0keyType\";s:3:\"int\";s:12:\"incrementing\";b:1;s:7:\"\0*\0with\";a:0:{}s:12:\"\0*\0withCount\";a:0:{}s:19:\"preventsLazyLoading\";b:0;s:10:\"\0*\0perPage\";i:15;s:6:\"exists\";b:1;s:18:\"wasRecentlyCreated\";b:0;s:28:\"\0*\0escapeWhenCastingToString\";b:0;s:13:\"\0*\0attributes\";a:1:{s:13:\"total_product\";i:1;}s:11:\"\0*\0original\";a:1:{s:13:\"total_product\";i:1;}s:10:\"\0*\0changes\";a:0:{}s:11:\"\0*\0previous\";a:0:{}s:8:\"\0*\0casts\";a:5:{s:14:\"purchase_price\";s:7:\"integer\";s:13:\"selling_price\";s:7:\"integer\";s:8:\"quantity\";s:7:\"integer\";s:9:\"min_stock\";s:7:\"integer\";s:9:\"is_active\";s:7:\"boolean\";}s:17:\"\0*\0classCastCache\";a:0:{}s:21:\"\0*\0attributeCastCache\";a:0:{}s:13:\"\0*\0dateFormat\";N;s:10:\"\0*\0appends\";a:0:{}s:19:\"\0*\0dispatchesEvents\";a:0:{}s:14:\"\0*\0observables\";a:0:{}s:12:\"\0*\0relations\";a:0:{}s:10:\"\0*\0touches\";a:0:{}s:27:\"\0*\0relationAutoloadCallback\";N;s:26:\"\0*\0relationAutoloadContext\";N;s:10:\"timestamps\";b:1;s:13:\"usesUniqueIds\";b:0;s:9:\"\0*\0hidden\";a:0:{}s:10:\"\0*\0visible\";a:0:{}s:11:\"\0*\0fillable\";a:11:{i:0;s:11:\"category_id\";i:1;s:7:\"unit_id\";i:2;s:3:\"sku\";i:3;s:4:\"name\";i:4;s:14:\"purchase_price\";i:5;s:13:\"selling_price\";i:6;s:8:\"quantity\";i:7;s:9:\"min_stock\";i:8;s:9:\"is_active\";i:9;s:11:\"description\";i:10;s:5:\"notes\";}s:10:\"\0*\0guarded\";a:1:{i:0;s:1:\"*\";}}i:58;O:18:\"App\\Models\\Product\":33:{s:13:\"\0*\0connection\";s:5:\"mysql\";s:8:\"\0*\0table\";s:8:\"products\";s:13:\"\0*\0primaryKey\";s:2:\"id\";s:10:\"\0*\0keyType\";s:3:\"int\";s:12:\"incrementing\";b:1;s:7:\"\0*\0with\";a:0:{}s:12:\"\0*\0withCount\";a:0:{}s:19:\"preventsLazyLoading\";b:0;s:10:\"\0*\0perPage\";i:15;s:6:\"exists\";b:1;s:18:\"wasRecentlyCreated\";b:0;s:28:\"\0*\0escapeWhenCastingToString\";b:0;s:13:\"\0*\0attributes\";a:1:{s:13:\"total_product\";i:1;}s:11:\"\0*\0original\";a:1:{s:13:\"total_product\";i:1;}s:10:\"\0*\0changes\";a:0:{}s:11:\"\0*\0previous\";a:0:{}s:8:\"\0*\0casts\";a:5:{s:14:\"purchase_price\";s:7:\"integer\";s:13:\"selling_price\";s:7:\"integer\";s:8:\"quantity\";s:7:\"integer\";s:9:\"min_stock\";s:7:\"integer\";s:9:\"is_active\";s:7:\"boolean\";}s:17:\"\0*\0classCastCache\";a:0:{}s:21:\"\0*\0attributeCastCache\";a:0:{}s:13:\"\0*\0dateFormat\";N;s:10:\"\0*\0appends\";a:0:{}s:19:\"\0*\0dispatchesEvents\";a:0:{}s:14:\"\0*\0observables\";a:0:{}s:12:\"\0*\0relations\";a:0:{}s:10:\"\0*\0touches\";a:0:{}s:27:\"\0*\0relationAutoloadCallback\";N;s:26:\"\0*\0relationAutoloadContext\";N;s:10:\"timestamps\";b:1;s:13:\"usesUniqueIds\";b:0;s:9:\"\0*\0hidden\";a:0:{}s:10:\"\0*\0visible\";a:0:{}s:11:\"\0*\0fillable\";a:11:{i:0;s:11:\"category_id\";i:1;s:7:\"unit_id\";i:2;s:3:\"sku\";i:3;s:4:\"name\";i:4;s:14:\"purchase_price\";i:5;s:13:\"selling_price\";i:6;s:8:\"quantity\";i:7;s:9:\"min_stock\";i:8;s:9:\"is_active\";i:9;s:11:\"description\";i:10;s:5:\"notes\";}s:10:\"\0*\0guarded\";a:1:{i:0;s:1:\"*\";}}i:59;O:18:\"App\\Models\\Product\":33:{s:13:\"\0*\0connection\";s:5:\"mysql\";s:8:\"\0*\0table\";s:8:\"products\";s:13:\"\0*\0primaryKey\";s:2:\"id\";s:10:\"\0*\0keyType\";s:3:\"int\";s:12:\"incrementing\";b:1;s:7:\"\0*\0with\";a:0:{}s:12:\"\0*\0withCount\";a:0:{}s:19:\"preventsLazyLoading\";b:0;s:10:\"\0*\0perPage\";i:15;s:6:\"exists\";b:1;s:18:\"wasRecentlyCreated\";b:0;s:28:\"\0*\0escapeWhenCastingToString\";b:0;s:13:\"\0*\0attributes\";a:1:{s:13:\"total_product\";i:1;}s:11:\"\0*\0original\";a:1:{s:13:\"total_product\";i:1;}s:10:\"\0*\0changes\";a:0:{}s:11:\"\0*\0previous\";a:0:{}s:8:\"\0*\0casts\";a:5:{s:14:\"purchase_price\";s:7:\"integer\";s:13:\"selling_price\";s:7:\"integer\";s:8:\"quantity\";s:7:\"integer\";s:9:\"min_stock\";s:7:\"integer\";s:9:\"is_active\";s:7:\"boolean\";}s:17:\"\0*\0classCastCache\";a:0:{}s:21:\"\0*\0attributeCastCache\";a:0:{}s:13:\"\0*\0dateFormat\";N;s:10:\"\0*\0appends\";a:0:{}s:19:\"\0*\0dispatchesEvents\";a:0:{}s:14:\"\0*\0observables\";a:0:{}s:12:\"\0*\0relations\";a:0:{}s:10:\"\0*\0touches\";a:0:{}s:27:\"\0*\0relationAutoloadCallback\";N;s:26:\"\0*\0relationAutoloadContext\";N;s:10:\"timestamps\";b:1;s:13:\"usesUniqueIds\";b:0;s:9:\"\0*\0hidden\";a:0:{}s:10:\"\0*\0visible\";a:0:{}s:11:\"\0*\0fillable\";a:11:{i:0;s:11:\"category_id\";i:1;s:7:\"unit_id\";i:2;s:3:\"sku\";i:3;s:4:\"name\";i:4;s:14:\"purchase_price\";i:5;s:13:\"selling_price\";i:6;s:8:\"quantity\";i:7;s:9:\"min_stock\";i:8;s:9:\"is_active\";i:9;s:11:\"description\";i:10;s:5:\"notes\";}s:10:\"\0*\0guarded\";a:1:{i:0;s:1:\"*\";}}i:60;O:18:\"App\\Models\\Product\":33:{s:13:\"\0*\0connection\";s:5:\"mysql\";s:8:\"\0*\0table\";s:8:\"products\";s:13:\"\0*\0primaryKey\";s:2:\"id\";s:10:\"\0*\0keyType\";s:3:\"int\";s:12:\"incrementing\";b:1;s:7:\"\0*\0with\";a:0:{}s:12:\"\0*\0withCount\";a:0:{}s:19:\"preventsLazyLoading\";b:0;s:10:\"\0*\0perPage\";i:15;s:6:\"exists\";b:1;s:18:\"wasRecentlyCreated\";b:0;s:28:\"\0*\0escapeWhenCastingToString\";b:0;s:13:\"\0*\0attributes\";a:1:{s:13:\"total_product\";i:1;}s:11:\"\0*\0original\";a:1:{s:13:\"total_product\";i:1;}s:10:\"\0*\0changes\";a:0:{}s:11:\"\0*\0previous\";a:0:{}s:8:\"\0*\0casts\";a:5:{s:14:\"purchase_price\";s:7:\"integer\";s:13:\"selling_price\";s:7:\"integer\";s:8:\"quantity\";s:7:\"integer\";s:9:\"min_stock\";s:7:\"integer\";s:9:\"is_active\";s:7:\"boolean\";}s:17:\"\0*\0classCastCache\";a:0:{}s:21:\"\0*\0attributeCastCache\";a:0:{}s:13:\"\0*\0dateFormat\";N;s:10:\"\0*\0appends\";a:0:{}s:19:\"\0*\0dispatchesEvents\";a:0:{}s:14:\"\0*\0observables\";a:0:{}s:12:\"\0*\0relations\";a:0:{}s:10:\"\0*\0touches\";a:0:{}s:27:\"\0*\0relationAutoloadCallback\";N;s:26:\"\0*\0relationAutoloadContext\";N;s:10:\"timestamps\";b:1;s:13:\"usesUniqueIds\";b:0;s:9:\"\0*\0hidden\";a:0:{}s:10:\"\0*\0visible\";a:0:{}s:11:\"\0*\0fillable\";a:11:{i:0;s:11:\"category_id\";i:1;s:7:\"unit_id\";i:2;s:3:\"sku\";i:3;s:4:\"name\";i:4;s:14:\"purchase_price\";i:5;s:13:\"selling_price\";i:6;s:8:\"quantity\";i:7;s:9:\"min_stock\";i:8;s:9:\"is_active\";i:9;s:11:\"description\";i:10;s:5:\"notes\";}s:10:\"\0*\0guarded\";a:1:{i:0;s:1:\"*\";}}i:61;O:18:\"App\\Models\\Product\":33:{s:13:\"\0*\0connection\";s:5:\"mysql\";s:8:\"\0*\0table\";s:8:\"products\";s:13:\"\0*\0primaryKey\";s:2:\"id\";s:10:\"\0*\0keyType\";s:3:\"int\";s:12:\"incrementing\";b:1;s:7:\"\0*\0with\";a:0:{}s:12:\"\0*\0withCount\";a:0:{}s:19:\"preventsLazyLoading\";b:0;s:10:\"\0*\0perPage\";i:15;s:6:\"exists\";b:1;s:18:\"wasRecentlyCreated\";b:0;s:28:\"\0*\0escapeWhenCastingToString\";b:0;s:13:\"\0*\0attributes\";a:1:{s:13:\"total_product\";i:1;}s:11:\"\0*\0original\";a:1:{s:13:\"total_product\";i:1;}s:10:\"\0*\0changes\";a:0:{}s:11:\"\0*\0previous\";a:0:{}s:8:\"\0*\0casts\";a:5:{s:14:\"purchase_price\";s:7:\"integer\";s:13:\"selling_price\";s:7:\"integer\";s:8:\"quantity\";s:7:\"integer\";s:9:\"min_stock\";s:7:\"integer\";s:9:\"is_active\";s:7:\"boolean\";}s:17:\"\0*\0classCastCache\";a:0:{}s:21:\"\0*\0attributeCastCache\";a:0:{}s:13:\"\0*\0dateFormat\";N;s:10:\"\0*\0appends\";a:0:{}s:19:\"\0*\0dispatchesEvents\";a:0:{}s:14:\"\0*\0observables\";a:0:{}s:12:\"\0*\0relations\";a:0:{}s:10:\"\0*\0touches\";a:0:{}s:27:\"\0*\0relationAutoloadCallback\";N;s:26:\"\0*\0relationAutoloadContext\";N;s:10:\"timestamps\";b:1;s:13:\"usesUniqueIds\";b:0;s:9:\"\0*\0hidden\";a:0:{}s:10:\"\0*\0visible\";a:0:{}s:11:\"\0*\0fillable\";a:11:{i:0;s:11:\"category_id\";i:1;s:7:\"unit_id\";i:2;s:3:\"sku\";i:3;s:4:\"name\";i:4;s:14:\"purchase_price\";i:5;s:13:\"selling_price\";i:6;s:8:\"quantity\";i:7;s:9:\"min_stock\";i:8;s:9:\"is_active\";i:9;s:11:\"description\";i:10;s:5:\"notes\";}s:10:\"\0*\0guarded\";a:1:{i:0;s:1:\"*\";}}i:62;O:18:\"App\\Models\\Product\":33:{s:13:\"\0*\0connection\";s:5:\"mysql\";s:8:\"\0*\0table\";s:8:\"products\";s:13:\"\0*\0primaryKey\";s:2:\"id\";s:10:\"\0*\0keyType\";s:3:\"int\";s:12:\"incrementing\";b:1;s:7:\"\0*\0with\";a:0:{}s:12:\"\0*\0withCount\";a:0:{}s:19:\"preventsLazyLoading\";b:0;s:10:\"\0*\0perPage\";i:15;s:6:\"exists\";b:1;s:18:\"wasRecentlyCreated\";b:0;s:28:\"\0*\0escapeWhenCastingToString\";b:0;s:13:\"\0*\0attributes\";a:1:{s:13:\"total_product\";i:1;}s:11:\"\0*\0original\";a:1:{s:13:\"total_product\";i:1;}s:10:\"\0*\0changes\";a:0:{}s:11:\"\0*\0previous\";a:0:{}s:8:\"\0*\0casts\";a:5:{s:14:\"purchase_price\";s:7:\"integer\";s:13:\"selling_price\";s:7:\"integer\";s:8:\"quantity\";s:7:\"integer\";s:9:\"min_stock\";s:7:\"integer\";s:9:\"is_active\";s:7:\"boolean\";}s:17:\"\0*\0classCastCache\";a:0:{}s:21:\"\0*\0attributeCastCache\";a:0:{}s:13:\"\0*\0dateFormat\";N;s:10:\"\0*\0appends\";a:0:{}s:19:\"\0*\0dispatchesEvents\";a:0:{}s:14:\"\0*\0observables\";a:0:{}s:12:\"\0*\0relations\";a:0:{}s:10:\"\0*\0touches\";a:0:{}s:27:\"\0*\0relationAutoloadCallback\";N;s:26:\"\0*\0relationAutoloadContext\";N;s:10:\"timestamps\";b:1;s:13:\"usesUniqueIds\";b:0;s:9:\"\0*\0hidden\";a:0:{}s:10:\"\0*\0visible\";a:0:{}s:11:\"\0*\0fillable\";a:11:{i:0;s:11:\"category_id\";i:1;s:7:\"unit_id\";i:2;s:3:\"sku\";i:3;s:4:\"name\";i:4;s:14:\"purchase_price\";i:5;s:13:\"selling_price\";i:6;s:8:\"quantity\";i:7;s:9:\"min_stock\";i:8;s:9:\"is_active\";i:9;s:11:\"description\";i:10;s:5:\"notes\";}s:10:\"\0*\0guarded\";a:1:{i:0;s:1:\"*\";}}i:63;O:18:\"App\\Models\\Product\":33:{s:13:\"\0*\0connection\";s:5:\"mysql\";s:8:\"\0*\0table\";s:8:\"products\";s:13:\"\0*\0primaryKey\";s:2:\"id\";s:10:\"\0*\0keyType\";s:3:\"int\";s:12:\"incrementing\";b:1;s:7:\"\0*\0with\";a:0:{}s:12:\"\0*\0withCount\";a:0:{}s:19:\"preventsLazyLoading\";b:0;s:10:\"\0*\0perPage\";i:15;s:6:\"exists\";b:1;s:18:\"wasRecentlyCreated\";b:0;s:28:\"\0*\0escapeWhenCastingToString\";b:0;s:13:\"\0*\0attributes\";a:1:{s:13:\"total_product\";i:1;}s:11:\"\0*\0original\";a:1:{s:13:\"total_product\";i:1;}s:10:\"\0*\0changes\";a:0:{}s:11:\"\0*\0previous\";a:0:{}s:8:\"\0*\0casts\";a:5:{s:14:\"purchase_price\";s:7:\"integer\";s:13:\"selling_price\";s:7:\"integer\";s:8:\"quantity\";s:7:\"integer\";s:9:\"min_stock\";s:7:\"integer\";s:9:\"is_active\";s:7:\"boolean\";}s:17:\"\0*\0classCastCache\";a:0:{}s:21:\"\0*\0attributeCastCache\";a:0:{}s:13:\"\0*\0dateFormat\";N;s:10:\"\0*\0appends\";a:0:{}s:19:\"\0*\0dispatchesEvents\";a:0:{}s:14:\"\0*\0observables\";a:0:{}s:12:\"\0*\0relations\";a:0:{}s:10:\"\0*\0touches\";a:0:{}s:27:\"\0*\0relationAutoloadCallback\";N;s:26:\"\0*\0relationAutoloadContext\";N;s:10:\"timestamps\";b:1;s:13:\"usesUniqueIds\";b:0;s:9:\"\0*\0hidden\";a:0:{}s:10:\"\0*\0visible\";a:0:{}s:11:\"\0*\0fillable\";a:11:{i:0;s:11:\"category_id\";i:1;s:7:\"unit_id\";i:2;s:3:\"sku\";i:3;s:4:\"name\";i:4;s:14:\"purchase_price\";i:5;s:13:\"selling_price\";i:6;s:8:\"quantity\";i:7;s:9:\"min_stock\";i:8;s:9:\"is_active\";i:9;s:11:\"description\";i:10;s:5:\"notes\";}s:10:\"\0*\0guarded\";a:1:{i:0;s:1:\"*\";}}i:64;O:18:\"App\\Models\\Product\":33:{s:13:\"\0*\0connection\";s:5:\"mysql\";s:8:\"\0*\0table\";s:8:\"products\";s:13:\"\0*\0primaryKey\";s:2:\"id\";s:10:\"\0*\0keyType\";s:3:\"int\";s:12:\"incrementing\";b:1;s:7:\"\0*\0with\";a:0:{}s:12:\"\0*\0withCount\";a:0:{}s:19:\"preventsLazyLoading\";b:0;s:10:\"\0*\0perPage\";i:15;s:6:\"exists\";b:1;s:18:\"wasRecentlyCreated\";b:0;s:28:\"\0*\0escapeWhenCastingToString\";b:0;s:13:\"\0*\0attributes\";a:1:{s:13:\"total_product\";i:1;}s:11:\"\0*\0original\";a:1:{s:13:\"total_product\";i:1;}s:10:\"\0*\0changes\";a:0:{}s:11:\"\0*\0previous\";a:0:{}s:8:\"\0*\0casts\";a:5:{s:14:\"purchase_price\";s:7:\"integer\";s:13:\"selling_price\";s:7:\"integer\";s:8:\"quantity\";s:7:\"integer\";s:9:\"min_stock\";s:7:\"integer\";s:9:\"is_active\";s:7:\"boolean\";}s:17:\"\0*\0classCastCache\";a:0:{}s:21:\"\0*\0attributeCastCache\";a:0:{}s:13:\"\0*\0dateFormat\";N;s:10:\"\0*\0appends\";a:0:{}s:19:\"\0*\0dispatchesEvents\";a:0:{}s:14:\"\0*\0observables\";a:0:{}s:12:\"\0*\0relations\";a:0:{}s:10:\"\0*\0touches\";a:0:{}s:27:\"\0*\0relationAutoloadCallback\";N;s:26:\"\0*\0relationAutoloadContext\";N;s:10:\"timestamps\";b:1;s:13:\"usesUniqueIds\";b:0;s:9:\"\0*\0hidden\";a:0:{}s:10:\"\0*\0visible\";a:0:{}s:11:\"\0*\0fillable\";a:11:{i:0;s:11:\"category_id\";i:1;s:7:\"unit_id\";i:2;s:3:\"sku\";i:3;s:4:\"name\";i:4;s:14:\"purchase_price\";i:5;s:13:\"selling_price\";i:6;s:8:\"quantity\";i:7;s:9:\"min_stock\";i:8;s:9:\"is_active\";i:9;s:11:\"description\";i:10;s:5:\"notes\";}s:10:\"\0*\0guarded\";a:1:{i:0;s:1:\"*\";}}i:65;O:18:\"App\\Models\\Product\":33:{s:13:\"\0*\0connection\";s:5:\"mysql\";s:8:\"\0*\0table\";s:8:\"products\";s:13:\"\0*\0primaryKey\";s:2:\"id\";s:10:\"\0*\0keyType\";s:3:\"int\";s:12:\"incrementing\";b:1;s:7:\"\0*\0with\";a:0:{}s:12:\"\0*\0withCount\";a:0:{}s:19:\"preventsLazyLoading\";b:0;s:10:\"\0*\0perPage\";i:15;s:6:\"exists\";b:1;s:18:\"wasRecentlyCreated\";b:0;s:28:\"\0*\0escapeWhenCastingToString\";b:0;s:13:\"\0*\0attributes\";a:1:{s:13:\"total_product\";i:1;}s:11:\"\0*\0original\";a:1:{s:13:\"total_product\";i:1;}s:10:\"\0*\0changes\";a:0:{}s:11:\"\0*\0previous\";a:0:{}s:8:\"\0*\0casts\";a:5:{s:14:\"purchase_price\";s:7:\"integer\";s:13:\"selling_price\";s:7:\"integer\";s:8:\"quantity\";s:7:\"integer\";s:9:\"min_stock\";s:7:\"integer\";s:9:\"is_active\";s:7:\"boolean\";}s:17:\"\0*\0classCastCache\";a:0:{}s:21:\"\0*\0attributeCastCache\";a:0:{}s:13:\"\0*\0dateFormat\";N;s:10:\"\0*\0appends\";a:0:{}s:19:\"\0*\0dispatchesEvents\";a:0:{}s:14:\"\0*\0observables\";a:0:{}s:12:\"\0*\0relations\";a:0:{}s:10:\"\0*\0touches\";a:0:{}s:27:\"\0*\0relationAutoloadCallback\";N;s:26:\"\0*\0relationAutoloadContext\";N;s:10:\"timestamps\";b:1;s:13:\"usesUniqueIds\";b:0;s:9:\"\0*\0hidden\";a:0:{}s:10:\"\0*\0visible\";a:0:{}s:11:\"\0*\0fillable\";a:11:{i:0;s:11:\"category_id\";i:1;s:7:\"unit_id\";i:2;s:3:\"sku\";i:3;s:4:\"name\";i:4;s:14:\"purchase_price\";i:5;s:13:\"selling_price\";i:6;s:8:\"quantity\";i:7;s:9:\"min_stock\";i:8;s:9:\"is_active\";i:9;s:11:\"description\";i:10;s:5:\"notes\";}s:10:\"\0*\0guarded\";a:1:{i:0;s:1:\"*\";}}i:66;O:18:\"App\\Models\\Product\":33:{s:13:\"\0*\0connection\";s:5:\"mysql\";s:8:\"\0*\0table\";s:8:\"products\";s:13:\"\0*\0primaryKey\";s:2:\"id\";s:10:\"\0*\0keyType\";s:3:\"int\";s:12:\"incrementing\";b:1;s:7:\"\0*\0with\";a:0:{}s:12:\"\0*\0withCount\";a:0:{}s:19:\"preventsLazyLoading\";b:0;s:10:\"\0*\0perPage\";i:15;s:6:\"exists\";b:1;s:18:\"wasRecentlyCreated\";b:0;s:28:\"\0*\0escapeWhenCastingToString\";b:0;s:13:\"\0*\0attributes\";a:1:{s:13:\"total_product\";i:1;}s:11:\"\0*\0original\";a:1:{s:13:\"total_product\";i:1;}s:10:\"\0*\0changes\";a:0:{}s:11:\"\0*\0previous\";a:0:{}s:8:\"\0*\0casts\";a:5:{s:14:\"purchase_price\";s:7:\"integer\";s:13:\"selling_price\";s:7:\"integer\";s:8:\"quantity\";s:7:\"integer\";s:9:\"min_stock\";s:7:\"integer\";s:9:\"is_active\";s:7:\"boolean\";}s:17:\"\0*\0classCastCache\";a:0:{}s:21:\"\0*\0attributeCastCache\";a:0:{}s:13:\"\0*\0dateFormat\";N;s:10:\"\0*\0appends\";a:0:{}s:19:\"\0*\0dispatchesEvents\";a:0:{}s:14:\"\0*\0observables\";a:0:{}s:12:\"\0*\0relations\";a:0:{}s:10:\"\0*\0touches\";a:0:{}s:27:\"\0*\0relationAutoloadCallback\";N;s:26:\"\0*\0relationAutoloadContext\";N;s:10:\"timestamps\";b:1;s:13:\"usesUniqueIds\";b:0;s:9:\"\0*\0hidden\";a:0:{}s:10:\"\0*\0visible\";a:0:{}s:11:\"\0*\0fillable\";a:11:{i:0;s:11:\"category_id\";i:1;s:7:\"unit_id\";i:2;s:3:\"sku\";i:3;s:4:\"name\";i:4;s:14:\"purchase_price\";i:5;s:13:\"selling_price\";i:6;s:8:\"quantity\";i:7;s:9:\"min_stock\";i:8;s:9:\"is_active\";i:9;s:11:\"description\";i:10;s:5:\"notes\";}s:10:\"\0*\0guarded\";a:1:{i:0;s:1:\"*\";}}i:67;O:18:\"App\\Models\\Product\":33:{s:13:\"\0*\0connection\";s:5:\"mysql\";s:8:\"\0*\0table\";s:8:\"products\";s:13:\"\0*\0primaryKey\";s:2:\"id\";s:10:\"\0*\0keyType\";s:3:\"int\";s:12:\"incrementing\";b:1;s:7:\"\0*\0with\";a:0:{}s:12:\"\0*\0withCount\";a:0:{}s:19:\"preventsLazyLoading\";b:0;s:10:\"\0*\0perPage\";i:15;s:6:\"exists\";b:1;s:18:\"wasRecentlyCreated\";b:0;s:28:\"\0*\0escapeWhenCastingToString\";b:0;s:13:\"\0*\0attributes\";a:1:{s:13:\"total_product\";i:1;}s:11:\"\0*\0original\";a:1:{s:13:\"total_product\";i:1;}s:10:\"\0*\0changes\";a:0:{}s:11:\"\0*\0previous\";a:0:{}s:8:\"\0*\0casts\";a:5:{s:14:\"purchase_price\";s:7:\"integer\";s:13:\"selling_price\";s:7:\"integer\";s:8:\"quantity\";s:7:\"integer\";s:9:\"min_stock\";s:7:\"integer\";s:9:\"is_active\";s:7:\"boolean\";}s:17:\"\0*\0classCastCache\";a:0:{}s:21:\"\0*\0attributeCastCache\";a:0:{}s:13:\"\0*\0dateFormat\";N;s:10:\"\0*\0appends\";a:0:{}s:19:\"\0*\0dispatchesEvents\";a:0:{}s:14:\"\0*\0observables\";a:0:{}s:12:\"\0*\0relations\";a:0:{}s:10:\"\0*\0touches\";a:0:{}s:27:\"\0*\0relationAutoloadCallback\";N;s:26:\"\0*\0relationAutoloadContext\";N;s:10:\"timestamps\";b:1;s:13:\"usesUniqueIds\";b:0;s:9:\"\0*\0hidden\";a:0:{}s:10:\"\0*\0visible\";a:0:{}s:11:\"\0*\0fillable\";a:11:{i:0;s:11:\"category_id\";i:1;s:7:\"unit_id\";i:2;s:3:\"sku\";i:3;s:4:\"name\";i:4;s:14:\"purchase_price\";i:5;s:13:\"selling_price\";i:6;s:8:\"quantity\";i:7;s:9:\"min_stock\";i:8;s:9:\"is_active\";i:9;s:11:\"description\";i:10;s:5:\"notes\";}s:10:\"\0*\0guarded\";a:1:{i:0;s:1:\"*\";}}i:68;O:18:\"App\\Models\\Product\":33:{s:13:\"\0*\0connection\";s:5:\"mysql\";s:8:\"\0*\0table\";s:8:\"products\";s:13:\"\0*\0primaryKey\";s:2:\"id\";s:10:\"\0*\0keyType\";s:3:\"int\";s:12:\"incrementing\";b:1;s:7:\"\0*\0with\";a:0:{}s:12:\"\0*\0withCount\";a:0:{}s:19:\"preventsLazyLoading\";b:0;s:10:\"\0*\0perPage\";i:15;s:6:\"exists\";b:1;s:18:\"wasRecentlyCreated\";b:0;s:28:\"\0*\0escapeWhenCastingToString\";b:0;s:13:\"\0*\0attributes\";a:1:{s:13:\"total_product\";i:1;}s:11:\"\0*\0original\";a:1:{s:13:\"total_product\";i:1;}s:10:\"\0*\0changes\";a:0:{}s:11:\"\0*\0previous\";a:0:{}s:8:\"\0*\0casts\";a:5:{s:14:\"purchase_price\";s:7:\"integer\";s:13:\"selling_price\";s:7:\"integer\";s:8:\"quantity\";s:7:\"integer\";s:9:\"min_stock\";s:7:\"integer\";s:9:\"is_active\";s:7:\"boolean\";}s:17:\"\0*\0classCastCache\";a:0:{}s:21:\"\0*\0attributeCastCache\";a:0:{}s:13:\"\0*\0dateFormat\";N;s:10:\"\0*\0appends\";a:0:{}s:19:\"\0*\0dispatchesEvents\";a:0:{}s:14:\"\0*\0observables\";a:0:{}s:12:\"\0*\0relations\";a:0:{}s:10:\"\0*\0touches\";a:0:{}s:27:\"\0*\0relationAutoloadCallback\";N;s:26:\"\0*\0relationAutoloadContext\";N;s:10:\"timestamps\";b:1;s:13:\"usesUniqueIds\";b:0;s:9:\"\0*\0hidden\";a:0:{}s:10:\"\0*\0visible\";a:0:{}s:11:\"\0*\0fillable\";a:11:{i:0;s:11:\"category_id\";i:1;s:7:\"unit_id\";i:2;s:3:\"sku\";i:3;s:4:\"name\";i:4;s:14:\"purchase_price\";i:5;s:13:\"selling_price\";i:6;s:8:\"quantity\";i:7;s:9:\"min_stock\";i:8;s:9:\"is_active\";i:9;s:11:\"description\";i:10;s:5:\"notes\";}s:10:\"\0*\0guarded\";a:1:{i:0;s:1:\"*\";}}i:69;O:18:\"App\\Models\\Product\":33:{s:13:\"\0*\0connection\";s:5:\"mysql\";s:8:\"\0*\0table\";s:8:\"products\";s:13:\"\0*\0primaryKey\";s:2:\"id\";s:10:\"\0*\0keyType\";s:3:\"int\";s:12:\"incrementing\";b:1;s:7:\"\0*\0with\";a:0:{}s:12:\"\0*\0withCount\";a:0:{}s:19:\"preventsLazyLoading\";b:0;s:10:\"\0*\0perPage\";i:15;s:6:\"exists\";b:1;s:18:\"wasRecentlyCreated\";b:0;s:28:\"\0*\0escapeWhenCastingToString\";b:0;s:13:\"\0*\0attributes\";a:1:{s:13:\"total_product\";i:1;}s:11:\"\0*\0original\";a:1:{s:13:\"total_product\";i:1;}s:10:\"\0*\0changes\";a:0:{}s:11:\"\0*\0previous\";a:0:{}s:8:\"\0*\0casts\";a:5:{s:14:\"purchase_price\";s:7:\"integer\";s:13:\"selling_price\";s:7:\"integer\";s:8:\"quantity\";s:7:\"integer\";s:9:\"min_stock\";s:7:\"integer\";s:9:\"is_active\";s:7:\"boolean\";}s:17:\"\0*\0classCastCache\";a:0:{}s:21:\"\0*\0attributeCastCache\";a:0:{}s:13:\"\0*\0dateFormat\";N;s:10:\"\0*\0appends\";a:0:{}s:19:\"\0*\0dispatchesEvents\";a:0:{}s:14:\"\0*\0observables\";a:0:{}s:12:\"\0*\0relations\";a:0:{}s:10:\"\0*\0touches\";a:0:{}s:27:\"\0*\0relationAutoloadCallback\";N;s:26:\"\0*\0relationAutoloadContext\";N;s:10:\"timestamps\";b:1;s:13:\"usesUniqueIds\";b:0;s:9:\"\0*\0hidden\";a:0:{}s:10:\"\0*\0visible\";a:0:{}s:11:\"\0*\0fillable\";a:11:{i:0;s:11:\"category_id\";i:1;s:7:\"unit_id\";i:2;s:3:\"sku\";i:3;s:4:\"name\";i:4;s:14:\"purchase_price\";i:5;s:13:\"selling_price\";i:6;s:8:\"quantity\";i:7;s:9:\"min_stock\";i:8;s:9:\"is_active\";i:9;s:11:\"description\";i:10;s:5:\"notes\";}s:10:\"\0*\0guarded\";a:1:{i:0;s:1:\"*\";}}i:70;O:18:\"App\\Models\\Product\":33:{s:13:\"\0*\0connection\";s:5:\"mysql\";s:8:\"\0*\0table\";s:8:\"products\";s:13:\"\0*\0primaryKey\";s:2:\"id\";s:10:\"\0*\0keyType\";s:3:\"int\";s:12:\"incrementing\";b:1;s:7:\"\0*\0with\";a:0:{}s:12:\"\0*\0withCount\";a:0:{}s:19:\"preventsLazyLoading\";b:0;s:10:\"\0*\0perPage\";i:15;s:6:\"exists\";b:1;s:18:\"wasRecentlyCreated\";b:0;s:28:\"\0*\0escapeWhenCastingToString\";b:0;s:13:\"\0*\0attributes\";a:1:{s:13:\"total_product\";i:1;}s:11:\"\0*\0original\";a:1:{s:13:\"total_product\";i:1;}s:10:\"\0*\0changes\";a:0:{}s:11:\"\0*\0previous\";a:0:{}s:8:\"\0*\0casts\";a:5:{s:14:\"purchase_price\";s:7:\"integer\";s:13:\"selling_price\";s:7:\"integer\";s:8:\"quantity\";s:7:\"integer\";s:9:\"min_stock\";s:7:\"integer\";s:9:\"is_active\";s:7:\"boolean\";}s:17:\"\0*\0classCastCache\";a:0:{}s:21:\"\0*\0attributeCastCache\";a:0:{}s:13:\"\0*\0dateFormat\";N;s:10:\"\0*\0appends\";a:0:{}s:19:\"\0*\0dispatchesEvents\";a:0:{}s:14:\"\0*\0observables\";a:0:{}s:12:\"\0*\0relations\";a:0:{}s:10:\"\0*\0touches\";a:0:{}s:27:\"\0*\0relationAutoloadCallback\";N;s:26:\"\0*\0relationAutoloadContext\";N;s:10:\"timestamps\";b:1;s:13:\"usesUniqueIds\";b:0;s:9:\"\0*\0hidden\";a:0:{}s:10:\"\0*\0visible\";a:0:{}s:11:\"\0*\0fillable\";a:11:{i:0;s:11:\"category_id\";i:1;s:7:\"unit_id\";i:2;s:3:\"sku\";i:3;s:4:\"name\";i:4;s:14:\"purchase_price\";i:5;s:13:\"selling_price\";i:6;s:8:\"quantity\";i:7;s:9:\"min_stock\";i:8;s:9:\"is_active\";i:9;s:11:\"description\";i:10;s:5:\"notes\";}s:10:\"\0*\0guarded\";a:1:{i:0;s:1:\"*\";}}i:71;O:18:\"App\\Models\\Product\":33:{s:13:\"\0*\0connection\";s:5:\"mysql\";s:8:\"\0*\0table\";s:8:\"products\";s:13:\"\0*\0primaryKey\";s:2:\"id\";s:10:\"\0*\0keyType\";s:3:\"int\";s:12:\"incrementing\";b:1;s:7:\"\0*\0with\";a:0:{}s:12:\"\0*\0withCount\";a:0:{}s:19:\"preventsLazyLoading\";b:0;s:10:\"\0*\0perPage\";i:15;s:6:\"exists\";b:1;s:18:\"wasRecentlyCreated\";b:0;s:28:\"\0*\0escapeWhenCastingToString\";b:0;s:13:\"\0*\0attributes\";a:1:{s:13:\"total_product\";i:1;}s:11:\"\0*\0original\";a:1:{s:13:\"total_product\";i:1;}s:10:\"\0*\0changes\";a:0:{}s:11:\"\0*\0previous\";a:0:{}s:8:\"\0*\0casts\";a:5:{s:14:\"purchase_price\";s:7:\"integer\";s:13:\"selling_price\";s:7:\"integer\";s:8:\"quantity\";s:7:\"integer\";s:9:\"min_stock\";s:7:\"integer\";s:9:\"is_active\";s:7:\"boolean\";}s:17:\"\0*\0classCastCache\";a:0:{}s:21:\"\0*\0attributeCastCache\";a:0:{}s:13:\"\0*\0dateFormat\";N;s:10:\"\0*\0appends\";a:0:{}s:19:\"\0*\0dispatchesEvents\";a:0:{}s:14:\"\0*\0observables\";a:0:{}s:12:\"\0*\0relations\";a:0:{}s:10:\"\0*\0touches\";a:0:{}s:27:\"\0*\0relationAutoloadCallback\";N;s:26:\"\0*\0relationAutoloadContext\";N;s:10:\"timestamps\";b:1;s:13:\"usesUniqueIds\";b:0;s:9:\"\0*\0hidden\";a:0:{}s:10:\"\0*\0visible\";a:0:{}s:11:\"\0*\0fillable\";a:11:{i:0;s:11:\"category_id\";i:1;s:7:\"unit_id\";i:2;s:3:\"sku\";i:3;s:4:\"name\";i:4;s:14:\"purchase_price\";i:5;s:13:\"selling_price\";i:6;s:8:\"quantity\";i:7;s:9:\"min_stock\";i:8;s:9:\"is_active\";i:9;s:11:\"description\";i:10;s:5:\"notes\";}s:10:\"\0*\0guarded\";a:1:{i:0;s:1:\"*\";}}i:72;O:18:\"App\\Models\\Product\":33:{s:13:\"\0*\0connection\";s:5:\"mysql\";s:8:\"\0*\0table\";s:8:\"products\";s:13:\"\0*\0primaryKey\";s:2:\"id\";s:10:\"\0*\0keyType\";s:3:\"int\";s:12:\"incrementing\";b:1;s:7:\"\0*\0with\";a:0:{}s:12:\"\0*\0withCount\";a:0:{}s:19:\"preventsLazyLoading\";b:0;s:10:\"\0*\0perPage\";i:15;s:6:\"exists\";b:1;s:18:\"wasRecentlyCreated\";b:0;s:28:\"\0*\0escapeWhenCastingToString\";b:0;s:13:\"\0*\0attributes\";a:1:{s:13:\"total_product\";i:1;}s:11:\"\0*\0original\";a:1:{s:13:\"total_product\";i:1;}s:10:\"\0*\0changes\";a:0:{}s:11:\"\0*\0previous\";a:0:{}s:8:\"\0*\0casts\";a:5:{s:14:\"purchase_price\";s:7:\"integer\";s:13:\"selling_price\";s:7:\"integer\";s:8:\"quantity\";s:7:\"integer\";s:9:\"min_stock\";s:7:\"integer\";s:9:\"is_active\";s:7:\"boolean\";}s:17:\"\0*\0classCastCache\";a:0:{}s:21:\"\0*\0attributeCastCache\";a:0:{}s:13:\"\0*\0dateFormat\";N;s:10:\"\0*\0appends\";a:0:{}s:19:\"\0*\0dispatchesEvents\";a:0:{}s:14:\"\0*\0observables\";a:0:{}s:12:\"\0*\0relations\";a:0:{}s:10:\"\0*\0touches\";a:0:{}s:27:\"\0*\0relationAutoloadCallback\";N;s:26:\"\0*\0relationAutoloadContext\";N;s:10:\"timestamps\";b:1;s:13:\"usesUniqueIds\";b:0;s:9:\"\0*\0hidden\";a:0:{}s:10:\"\0*\0visible\";a:0:{}s:11:\"\0*\0fillable\";a:11:{i:0;s:11:\"category_id\";i:1;s:7:\"unit_id\";i:2;s:3:\"sku\";i:3;s:4:\"name\";i:4;s:14:\"purchase_price\";i:5;s:13:\"selling_price\";i:6;s:8:\"quantity\";i:7;s:9:\"min_stock\";i:8;s:9:\"is_active\";i:9;s:11:\"description\";i:10;s:5:\"notes\";}s:10:\"\0*\0guarded\";a:1:{i:0;s:1:\"*\";}}i:73;O:18:\"App\\Models\\Product\":33:{s:13:\"\0*\0connection\";s:5:\"mysql\";s:8:\"\0*\0table\";s:8:\"products\";s:13:\"\0*\0primaryKey\";s:2:\"id\";s:10:\"\0*\0keyType\";s:3:\"int\";s:12:\"incrementing\";b:1;s:7:\"\0*\0with\";a:0:{}s:12:\"\0*\0withCount\";a:0:{}s:19:\"preventsLazyLoading\";b:0;s:10:\"\0*\0perPage\";i:15;s:6:\"exists\";b:1;s:18:\"wasRecentlyCreated\";b:0;s:28:\"\0*\0escapeWhenCastingToString\";b:0;s:13:\"\0*\0attributes\";a:1:{s:13:\"total_product\";i:1;}s:11:\"\0*\0original\";a:1:{s:13:\"total_product\";i:1;}s:10:\"\0*\0changes\";a:0:{}s:11:\"\0*\0previous\";a:0:{}s:8:\"\0*\0casts\";a:5:{s:14:\"purchase_price\";s:7:\"integer\";s:13:\"selling_price\";s:7:\"integer\";s:8:\"quantity\";s:7:\"integer\";s:9:\"min_stock\";s:7:\"integer\";s:9:\"is_active\";s:7:\"boolean\";}s:17:\"\0*\0classCastCache\";a:0:{}s:21:\"\0*\0attributeCastCache\";a:0:{}s:13:\"\0*\0dateFormat\";N;s:10:\"\0*\0appends\";a:0:{}s:19:\"\0*\0dispatchesEvents\";a:0:{}s:14:\"\0*\0observables\";a:0:{}s:12:\"\0*\0relations\";a:0:{}s:10:\"\0*\0touches\";a:0:{}s:27:\"\0*\0relationAutoloadCallback\";N;s:26:\"\0*\0relationAutoloadContext\";N;s:10:\"timestamps\";b:1;s:13:\"usesUniqueIds\";b:0;s:9:\"\0*\0hidden\";a:0:{}s:10:\"\0*\0visible\";a:0:{}s:11:\"\0*\0fillable\";a:11:{i:0;s:11:\"category_id\";i:1;s:7:\"unit_id\";i:2;s:3:\"sku\";i:3;s:4:\"name\";i:4;s:14:\"purchase_price\";i:5;s:13:\"selling_price\";i:6;s:8:\"quantity\";i:7;s:9:\"min_stock\";i:8;s:9:\"is_active\";i:9;s:11:\"description\";i:10;s:5:\"notes\";}s:10:\"\0*\0guarded\";a:1:{i:0;s:1:\"*\";}}i:74;O:18:\"App\\Models\\Product\":33:{s:13:\"\0*\0connection\";s:5:\"mysql\";s:8:\"\0*\0table\";s:8:\"products\";s:13:\"\0*\0primaryKey\";s:2:\"id\";s:10:\"\0*\0keyType\";s:3:\"int\";s:12:\"incrementing\";b:1;s:7:\"\0*\0with\";a:0:{}s:12:\"\0*\0withCount\";a:0:{}s:19:\"preventsLazyLoading\";b:0;s:10:\"\0*\0perPage\";i:15;s:6:\"exists\";b:1;s:18:\"wasRecentlyCreated\";b:0;s:28:\"\0*\0escapeWhenCastingToString\";b:0;s:13:\"\0*\0attributes\";a:1:{s:13:\"total_product\";i:1;}s:11:\"\0*\0original\";a:1:{s:13:\"total_product\";i:1;}s:10:\"\0*\0changes\";a:0:{}s:11:\"\0*\0previous\";a:0:{}s:8:\"\0*\0casts\";a:5:{s:14:\"purchase_price\";s:7:\"integer\";s:13:\"selling_price\";s:7:\"integer\";s:8:\"quantity\";s:7:\"integer\";s:9:\"min_stock\";s:7:\"integer\";s:9:\"is_active\";s:7:\"boolean\";}s:17:\"\0*\0classCastCache\";a:0:{}s:21:\"\0*\0attributeCastCache\";a:0:{}s:13:\"\0*\0dateFormat\";N;s:10:\"\0*\0appends\";a:0:{}s:19:\"\0*\0dispatchesEvents\";a:0:{}s:14:\"\0*\0observables\";a:0:{}s:12:\"\0*\0relations\";a:0:{}s:10:\"\0*\0touches\";a:0:{}s:27:\"\0*\0relationAutoloadCallback\";N;s:26:\"\0*\0relationAutoloadContext\";N;s:10:\"timestamps\";b:1;s:13:\"usesUniqueIds\";b:0;s:9:\"\0*\0hidden\";a:0:{}s:10:\"\0*\0visible\";a:0:{}s:11:\"\0*\0fillable\";a:11:{i:0;s:11:\"category_id\";i:1;s:7:\"unit_id\";i:2;s:3:\"sku\";i:3;s:4:\"name\";i:4;s:14:\"purchase_price\";i:5;s:13:\"selling_price\";i:6;s:8:\"quantity\";i:7;s:9:\"min_stock\";i:8;s:9:\"is_active\";i:9;s:11:\"description\";i:10;s:5:\"notes\";}s:10:\"\0*\0guarded\";a:1:{i:0;s:1:\"*\";}}i:75;O:18:\"App\\Models\\Product\":33:{s:13:\"\0*\0connection\";s:5:\"mysql\";s:8:\"\0*\0table\";s:8:\"products\";s:13:\"\0*\0primaryKey\";s:2:\"id\";s:10:\"\0*\0keyType\";s:3:\"int\";s:12:\"incrementing\";b:1;s:7:\"\0*\0with\";a:0:{}s:12:\"\0*\0withCount\";a:0:{}s:19:\"preventsLazyLoading\";b:0;s:10:\"\0*\0perPage\";i:15;s:6:\"exists\";b:1;s:18:\"wasRecentlyCreated\";b:0;s:28:\"\0*\0escapeWhenCastingToString\";b:0;s:13:\"\0*\0attributes\";a:1:{s:13:\"total_product\";i:1;}s:11:\"\0*\0original\";a:1:{s:13:\"total_product\";i:1;}s:10:\"\0*\0changes\";a:0:{}s:11:\"\0*\0previous\";a:0:{}s:8:\"\0*\0casts\";a:5:{s:14:\"purchase_price\";s:7:\"integer\";s:13:\"selling_price\";s:7:\"integer\";s:8:\"quantity\";s:7:\"integer\";s:9:\"min_stock\";s:7:\"integer\";s:9:\"is_active\";s:7:\"boolean\";}s:17:\"\0*\0classCastCache\";a:0:{}s:21:\"\0*\0attributeCastCache\";a:0:{}s:13:\"\0*\0dateFormat\";N;s:10:\"\0*\0appends\";a:0:{}s:19:\"\0*\0dispatchesEvents\";a:0:{}s:14:\"\0*\0observables\";a:0:{}s:12:\"\0*\0relations\";a:0:{}s:10:\"\0*\0touches\";a:0:{}s:27:\"\0*\0relationAutoloadCallback\";N;s:26:\"\0*\0relationAutoloadContext\";N;s:10:\"timestamps\";b:1;s:13:\"usesUniqueIds\";b:0;s:9:\"\0*\0hidden\";a:0:{}s:10:\"\0*\0visible\";a:0:{}s:11:\"\0*\0fillable\";a:11:{i:0;s:11:\"category_id\";i:1;s:7:\"unit_id\";i:2;s:3:\"sku\";i:3;s:4:\"name\";i:4;s:14:\"purchase_price\";i:5;s:13:\"selling_price\";i:6;s:8:\"quantity\";i:7;s:9:\"min_stock\";i:8;s:9:\"is_active\";i:9;s:11:\"description\";i:10;s:5:\"notes\";}s:10:\"\0*\0guarded\";a:1:{i:0;s:1:\"*\";}}i:76;O:18:\"App\\Models\\Product\":33:{s:13:\"\0*\0connection\";s:5:\"mysql\";s:8:\"\0*\0table\";s:8:\"products\";s:13:\"\0*\0primaryKey\";s:2:\"id\";s:10:\"\0*\0keyType\";s:3:\"int\";s:12:\"incrementing\";b:1;s:7:\"\0*\0with\";a:0:{}s:12:\"\0*\0withCount\";a:0:{}s:19:\"preventsLazyLoading\";b:0;s:10:\"\0*\0perPage\";i:15;s:6:\"exists\";b:1;s:18:\"wasRecentlyCreated\";b:0;s:28:\"\0*\0escapeWhenCastingToString\";b:0;s:13:\"\0*\0attributes\";a:1:{s:13:\"total_product\";i:1;}s:11:\"\0*\0original\";a:1:{s:13:\"total_product\";i:1;}s:10:\"\0*\0changes\";a:0:{}s:11:\"\0*\0previous\";a:0:{}s:8:\"\0*\0casts\";a:5:{s:14:\"purchase_price\";s:7:\"integer\";s:13:\"selling_price\";s:7:\"integer\";s:8:\"quantity\";s:7:\"integer\";s:9:\"min_stock\";s:7:\"integer\";s:9:\"is_active\";s:7:\"boolean\";}s:17:\"\0*\0classCastCache\";a:0:{}s:21:\"\0*\0attributeCastCache\";a:0:{}s:13:\"\0*\0dateFormat\";N;s:10:\"\0*\0appends\";a:0:{}s:19:\"\0*\0dispatchesEvents\";a:0:{}s:14:\"\0*\0observables\";a:0:{}s:12:\"\0*\0relations\";a:0:{}s:10:\"\0*\0touches\";a:0:{}s:27:\"\0*\0relationAutoloadCallback\";N;s:26:\"\0*\0relationAutoloadContext\";N;s:10:\"timestamps\";b:1;s:13:\"usesUniqueIds\";b:0;s:9:\"\0*\0hidden\";a:0:{}s:10:\"\0*\0visible\";a:0:{}s:11:\"\0*\0fillable\";a:11:{i:0;s:11:\"category_id\";i:1;s:7:\"unit_id\";i:2;s:3:\"sku\";i:3;s:4:\"name\";i:4;s:14:\"purchase_price\";i:5;s:13:\"selling_price\";i:6;s:8:\"quantity\";i:7;s:9:\"min_stock\";i:8;s:9:\"is_active\";i:9;s:11:\"description\";i:10;s:5:\"notes\";}s:10:\"\0*\0guarded\";a:1:{i:0;s:1:\"*\";}}i:77;O:18:\"App\\Models\\Product\":33:{s:13:\"\0*\0connection\";s:5:\"mysql\";s:8:\"\0*\0table\";s:8:\"products\";s:13:\"\0*\0primaryKey\";s:2:\"id\";s:10:\"\0*\0keyType\";s:3:\"int\";s:12:\"incrementing\";b:1;s:7:\"\0*\0with\";a:0:{}s:12:\"\0*\0withCount\";a:0:{}s:19:\"preventsLazyLoading\";b:0;s:10:\"\0*\0perPage\";i:15;s:6:\"exists\";b:1;s:18:\"wasRecentlyCreated\";b:0;s:28:\"\0*\0escapeWhenCastingToString\";b:0;s:13:\"\0*\0attributes\";a:1:{s:13:\"total_product\";i:1;}s:11:\"\0*\0original\";a:1:{s:13:\"total_product\";i:1;}s:10:\"\0*\0changes\";a:0:{}s:11:\"\0*\0previous\";a:0:{}s:8:\"\0*\0casts\";a:5:{s:14:\"purchase_price\";s:7:\"integer\";s:13:\"selling_price\";s:7:\"integer\";s:8:\"quantity\";s:7:\"integer\";s:9:\"min_stock\";s:7:\"integer\";s:9:\"is_active\";s:7:\"boolean\";}s:17:\"\0*\0classCastCache\";a:0:{}s:21:\"\0*\0attributeCastCache\";a:0:{}s:13:\"\0*\0dateFormat\";N;s:10:\"\0*\0appends\";a:0:{}s:19:\"\0*\0dispatchesEvents\";a:0:{}s:14:\"\0*\0observables\";a:0:{}s:12:\"\0*\0relations\";a:0:{}s:10:\"\0*\0touches\";a:0:{}s:27:\"\0*\0relationAutoloadCallback\";N;s:26:\"\0*\0relationAutoloadContext\";N;s:10:\"timestamps\";b:1;s:13:\"usesUniqueIds\";b:0;s:9:\"\0*\0hidden\";a:0:{}s:10:\"\0*\0visible\";a:0:{}s:11:\"\0*\0fillable\";a:11:{i:0;s:11:\"category_id\";i:1;s:7:\"unit_id\";i:2;s:3:\"sku\";i:3;s:4:\"name\";i:4;s:14:\"purchase_price\";i:5;s:13:\"selling_price\";i:6;s:8:\"quantity\";i:7;s:9:\"min_stock\";i:8;s:9:\"is_active\";i:9;s:11:\"description\";i:10;s:5:\"notes\";}s:10:\"\0*\0guarded\";a:1:{i:0;s:1:\"*\";}}i:78;O:18:\"App\\Models\\Product\":33:{s:13:\"\0*\0connection\";s:5:\"mysql\";s:8:\"\0*\0table\";s:8:\"products\";s:13:\"\0*\0primaryKey\";s:2:\"id\";s:10:\"\0*\0keyType\";s:3:\"int\";s:12:\"incrementing\";b:1;s:7:\"\0*\0with\";a:0:{}s:12:\"\0*\0withCount\";a:0:{}s:19:\"preventsLazyLoading\";b:0;s:10:\"\0*\0perPage\";i:15;s:6:\"exists\";b:1;s:18:\"wasRecentlyCreated\";b:0;s:28:\"\0*\0escapeWhenCastingToString\";b:0;s:13:\"\0*\0attributes\";a:1:{s:13:\"total_product\";i:1;}s:11:\"\0*\0original\";a:1:{s:13:\"total_product\";i:1;}s:10:\"\0*\0changes\";a:0:{}s:11:\"\0*\0previous\";a:0:{}s:8:\"\0*\0casts\";a:5:{s:14:\"purchase_price\";s:7:\"integer\";s:13:\"selling_price\";s:7:\"integer\";s:8:\"quantity\";s:7:\"integer\";s:9:\"min_stock\";s:7:\"integer\";s:9:\"is_active\";s:7:\"boolean\";}s:17:\"\0*\0classCastCache\";a:0:{}s:21:\"\0*\0attributeCastCache\";a:0:{}s:13:\"\0*\0dateFormat\";N;s:10:\"\0*\0appends\";a:0:{}s:19:\"\0*\0dispatchesEvents\";a:0:{}s:14:\"\0*\0observables\";a:0:{}s:12:\"\0*\0relations\";a:0:{}s:10:\"\0*\0touches\";a:0:{}s:27:\"\0*\0relationAutoloadCallback\";N;s:26:\"\0*\0relationAutoloadContext\";N;s:10:\"timestamps\";b:1;s:13:\"usesUniqueIds\";b:0;s:9:\"\0*\0hidden\";a:0:{}s:10:\"\0*\0visible\";a:0:{}s:11:\"\0*\0fillable\";a:11:{i:0;s:11:\"category_id\";i:1;s:7:\"unit_id\";i:2;s:3:\"sku\";i:3;s:4:\"name\";i:4;s:14:\"purchase_price\";i:5;s:13:\"selling_price\";i:6;s:8:\"quantity\";i:7;s:9:\"min_stock\";i:8;s:9:\"is_active\";i:9;s:11:\"description\";i:10;s:5:\"notes\";}s:10:\"\0*\0guarded\";a:1:{i:0;s:1:\"*\";}}i:79;O:18:\"App\\Models\\Product\":33:{s:13:\"\0*\0connection\";s:5:\"mysql\";s:8:\"\0*\0table\";s:8:\"products\";s:13:\"\0*\0primaryKey\";s:2:\"id\";s:10:\"\0*\0keyType\";s:3:\"int\";s:12:\"incrementing\";b:1;s:7:\"\0*\0with\";a:0:{}s:12:\"\0*\0withCount\";a:0:{}s:19:\"preventsLazyLoading\";b:0;s:10:\"\0*\0perPage\";i:15;s:6:\"exists\";b:1;s:18:\"wasRecentlyCreated\";b:0;s:28:\"\0*\0escapeWhenCastingToString\";b:0;s:13:\"\0*\0attributes\";a:1:{s:13:\"total_product\";i:1;}s:11:\"\0*\0original\";a:1:{s:13:\"total_product\";i:1;}s:10:\"\0*\0changes\";a:0:{}s:11:\"\0*\0previous\";a:0:{}s:8:\"\0*\0casts\";a:5:{s:14:\"purchase_price\";s:7:\"integer\";s:13:\"selling_price\";s:7:\"integer\";s:8:\"quantity\";s:7:\"integer\";s:9:\"min_stock\";s:7:\"integer\";s:9:\"is_active\";s:7:\"boolean\";}s:17:\"\0*\0classCastCache\";a:0:{}s:21:\"\0*\0attributeCastCache\";a:0:{}s:13:\"\0*\0dateFormat\";N;s:10:\"\0*\0appends\";a:0:{}s:19:\"\0*\0dispatchesEvents\";a:0:{}s:14:\"\0*\0observables\";a:0:{}s:12:\"\0*\0relations\";a:0:{}s:10:\"\0*\0touches\";a:0:{}s:27:\"\0*\0relationAutoloadCallback\";N;s:26:\"\0*\0relationAutoloadContext\";N;s:10:\"timestamps\";b:1;s:13:\"usesUniqueIds\";b:0;s:9:\"\0*\0hidden\";a:0:{}s:10:\"\0*\0visible\";a:0:{}s:11:\"\0*\0fillable\";a:11:{i:0;s:11:\"category_id\";i:1;s:7:\"unit_id\";i:2;s:3:\"sku\";i:3;s:4:\"name\";i:4;s:14:\"purchase_price\";i:5;s:13:\"selling_price\";i:6;s:8:\"quantity\";i:7;s:9:\"min_stock\";i:8;s:9:\"is_active\";i:9;s:11:\"description\";i:10;s:5:\"notes\";}s:10:\"\0*\0guarded\";a:1:{i:0;s:1:\"*\";}}i:80;O:18:\"App\\Models\\Product\":33:{s:13:\"\0*\0connection\";s:5:\"mysql\";s:8:\"\0*\0table\";s:8:\"products\";s:13:\"\0*\0primaryKey\";s:2:\"id\";s:10:\"\0*\0keyType\";s:3:\"int\";s:12:\"incrementing\";b:1;s:7:\"\0*\0with\";a:0:{}s:12:\"\0*\0withCount\";a:0:{}s:19:\"preventsLazyLoading\";b:0;s:10:\"\0*\0perPage\";i:15;s:6:\"exists\";b:1;s:18:\"wasRecentlyCreated\";b:0;s:28:\"\0*\0escapeWhenCastingToString\";b:0;s:13:\"\0*\0attributes\";a:1:{s:13:\"total_product\";i:1;}s:11:\"\0*\0original\";a:1:{s:13:\"total_product\";i:1;}s:10:\"\0*\0changes\";a:0:{}s:11:\"\0*\0previous\";a:0:{}s:8:\"\0*\0casts\";a:5:{s:14:\"purchase_price\";s:7:\"integer\";s:13:\"selling_price\";s:7:\"integer\";s:8:\"quantity\";s:7:\"integer\";s:9:\"min_stock\";s:7:\"integer\";s:9:\"is_active\";s:7:\"boolean\";}s:17:\"\0*\0classCastCache\";a:0:{}s:21:\"\0*\0attributeCastCache\";a:0:{}s:13:\"\0*\0dateFormat\";N;s:10:\"\0*\0appends\";a:0:{}s:19:\"\0*\0dispatchesEvents\";a:0:{}s:14:\"\0*\0observables\";a:0:{}s:12:\"\0*\0relations\";a:0:{}s:10:\"\0*\0touches\";a:0:{}s:27:\"\0*\0relationAutoloadCallback\";N;s:26:\"\0*\0relationAutoloadContext\";N;s:10:\"timestamps\";b:1;s:13:\"usesUniqueIds\";b:0;s:9:\"\0*\0hidden\";a:0:{}s:10:\"\0*\0visible\";a:0:{}s:11:\"\0*\0fillable\";a:11:{i:0;s:11:\"category_id\";i:1;s:7:\"unit_id\";i:2;s:3:\"sku\";i:3;s:4:\"name\";i:4;s:14:\"purchase_price\";i:5;s:13:\"selling_price\";i:6;s:8:\"quantity\";i:7;s:9:\"min_stock\";i:8;s:9:\"is_active\";i:9;s:11:\"description\";i:10;s:5:\"notes\";}s:10:\"\0*\0guarded\";a:1:{i:0;s:1:\"*\";}}i:81;O:18:\"App\\Models\\Product\":33:{s:13:\"\0*\0connection\";s:5:\"mysql\";s:8:\"\0*\0table\";s:8:\"products\";s:13:\"\0*\0primaryKey\";s:2:\"id\";s:10:\"\0*\0keyType\";s:3:\"int\";s:12:\"incrementing\";b:1;s:7:\"\0*\0with\";a:0:{}s:12:\"\0*\0withCount\";a:0:{}s:19:\"preventsLazyLoading\";b:0;s:10:\"\0*\0perPage\";i:15;s:6:\"exists\";b:1;s:18:\"wasRecentlyCreated\";b:0;s:28:\"\0*\0escapeWhenCastingToString\";b:0;s:13:\"\0*\0attributes\";a:1:{s:13:\"total_product\";i:1;}s:11:\"\0*\0original\";a:1:{s:13:\"total_product\";i:1;}s:10:\"\0*\0changes\";a:0:{}s:11:\"\0*\0previous\";a:0:{}s:8:\"\0*\0casts\";a:5:{s:14:\"purchase_price\";s:7:\"integer\";s:13:\"selling_price\";s:7:\"integer\";s:8:\"quantity\";s:7:\"integer\";s:9:\"min_stock\";s:7:\"integer\";s:9:\"is_active\";s:7:\"boolean\";}s:17:\"\0*\0classCastCache\";a:0:{}s:21:\"\0*\0attributeCastCache\";a:0:{}s:13:\"\0*\0dateFormat\";N;s:10:\"\0*\0appends\";a:0:{}s:19:\"\0*\0dispatchesEvents\";a:0:{}s:14:\"\0*\0observables\";a:0:{}s:12:\"\0*\0relations\";a:0:{}s:10:\"\0*\0touches\";a:0:{}s:27:\"\0*\0relationAutoloadCallback\";N;s:26:\"\0*\0relationAutoloadContext\";N;s:10:\"timestamps\";b:1;s:13:\"usesUniqueIds\";b:0;s:9:\"\0*\0hidden\";a:0:{}s:10:\"\0*\0visible\";a:0:{}s:11:\"\0*\0fillable\";a:11:{i:0;s:11:\"category_id\";i:1;s:7:\"unit_id\";i:2;s:3:\"sku\";i:3;s:4:\"name\";i:4;s:14:\"purchase_price\";i:5;s:13:\"selling_price\";i:6;s:8:\"quantity\";i:7;s:9:\"min_stock\";i:8;s:9:\"is_active\";i:9;s:11:\"description\";i:10;s:5:\"notes\";}s:10:\"\0*\0guarded\";a:1:{i:0;s:1:\"*\";}}i:82;O:18:\"App\\Models\\Product\":33:{s:13:\"\0*\0connection\";s:5:\"mysql\";s:8:\"\0*\0table\";s:8:\"products\";s:13:\"\0*\0primaryKey\";s:2:\"id\";s:10:\"\0*\0keyType\";s:3:\"int\";s:12:\"incrementing\";b:1;s:7:\"\0*\0with\";a:0:{}s:12:\"\0*\0withCount\";a:0:{}s:19:\"preventsLazyLoading\";b:0;s:10:\"\0*\0perPage\";i:15;s:6:\"exists\";b:1;s:18:\"wasRecentlyCreated\";b:0;s:28:\"\0*\0escapeWhenCastingToString\";b:0;s:13:\"\0*\0attributes\";a:1:{s:13:\"total_product\";i:1;}s:11:\"\0*\0original\";a:1:{s:13:\"total_product\";i:1;}s:10:\"\0*\0changes\";a:0:{}s:11:\"\0*\0previous\";a:0:{}s:8:\"\0*\0casts\";a:5:{s:14:\"purchase_price\";s:7:\"integer\";s:13:\"selling_price\";s:7:\"integer\";s:8:\"quantity\";s:7:\"integer\";s:9:\"min_stock\";s:7:\"integer\";s:9:\"is_active\";s:7:\"boolean\";}s:17:\"\0*\0classCastCache\";a:0:{}s:21:\"\0*\0attributeCastCache\";a:0:{}s:13:\"\0*\0dateFormat\";N;s:10:\"\0*\0appends\";a:0:{}s:19:\"\0*\0dispatchesEvents\";a:0:{}s:14:\"\0*\0observables\";a:0:{}s:12:\"\0*\0relations\";a:0:{}s:10:\"\0*\0touches\";a:0:{}s:27:\"\0*\0relationAutoloadCallback\";N;s:26:\"\0*\0relationAutoloadContext\";N;s:10:\"timestamps\";b:1;s:13:\"usesUniqueIds\";b:0;s:9:\"\0*\0hidden\";a:0:{}s:10:\"\0*\0visible\";a:0:{}s:11:\"\0*\0fillable\";a:11:{i:0;s:11:\"category_id\";i:1;s:7:\"unit_id\";i:2;s:3:\"sku\";i:3;s:4:\"name\";i:4;s:14:\"purchase_price\";i:5;s:13:\"selling_price\";i:6;s:8:\"quantity\";i:7;s:9:\"min_stock\";i:8;s:9:\"is_active\";i:9;s:11:\"description\";i:10;s:5:\"notes\";}s:10:\"\0*\0guarded\";a:1:{i:0;s:1:\"*\";}}i:83;O:18:\"App\\Models\\Product\":33:{s:13:\"\0*\0connection\";s:5:\"mysql\";s:8:\"\0*\0table\";s:8:\"products\";s:13:\"\0*\0primaryKey\";s:2:\"id\";s:10:\"\0*\0keyType\";s:3:\"int\";s:12:\"incrementing\";b:1;s:7:\"\0*\0with\";a:0:{}s:12:\"\0*\0withCount\";a:0:{}s:19:\"preventsLazyLoading\";b:0;s:10:\"\0*\0perPage\";i:15;s:6:\"exists\";b:1;s:18:\"wasRecentlyCreated\";b:0;s:28:\"\0*\0escapeWhenCastingToString\";b:0;s:13:\"\0*\0attributes\";a:1:{s:13:\"total_product\";i:1;}s:11:\"\0*\0original\";a:1:{s:13:\"total_product\";i:1;}s:10:\"\0*\0changes\";a:0:{}s:11:\"\0*\0previous\";a:0:{}s:8:\"\0*\0casts\";a:5:{s:14:\"purchase_price\";s:7:\"integer\";s:13:\"selling_price\";s:7:\"integer\";s:8:\"quantity\";s:7:\"integer\";s:9:\"min_stock\";s:7:\"integer\";s:9:\"is_active\";s:7:\"boolean\";}s:17:\"\0*\0classCastCache\";a:0:{}s:21:\"\0*\0attributeCastCache\";a:0:{}s:13:\"\0*\0dateFormat\";N;s:10:\"\0*\0appends\";a:0:{}s:19:\"\0*\0dispatchesEvents\";a:0:{}s:14:\"\0*\0observables\";a:0:{}s:12:\"\0*\0relations\";a:0:{}s:10:\"\0*\0touches\";a:0:{}s:27:\"\0*\0relationAutoloadCallback\";N;s:26:\"\0*\0relationAutoloadContext\";N;s:10:\"timestamps\";b:1;s:13:\"usesUniqueIds\";b:0;s:9:\"\0*\0hidden\";a:0:{}s:10:\"\0*\0visible\";a:0:{}s:11:\"\0*\0fillable\";a:11:{i:0;s:11:\"category_id\";i:1;s:7:\"unit_id\";i:2;s:3:\"sku\";i:3;s:4:\"name\";i:4;s:14:\"purchase_price\";i:5;s:13:\"selling_price\";i:6;s:8:\"quantity\";i:7;s:9:\"min_stock\";i:8;s:9:\"is_active\";i:9;s:11:\"description\";i:10;s:5:\"notes\";}s:10:\"\0*\0guarded\";a:1:{i:0;s:1:\"*\";}}i:84;O:18:\"App\\Models\\Product\":33:{s:13:\"\0*\0connection\";s:5:\"mysql\";s:8:\"\0*\0table\";s:8:\"products\";s:13:\"\0*\0primaryKey\";s:2:\"id\";s:10:\"\0*\0keyType\";s:3:\"int\";s:12:\"incrementing\";b:1;s:7:\"\0*\0with\";a:0:{}s:12:\"\0*\0withCount\";a:0:{}s:19:\"preventsLazyLoading\";b:0;s:10:\"\0*\0perPage\";i:15;s:6:\"exists\";b:1;s:18:\"wasRecentlyCreated\";b:0;s:28:\"\0*\0escapeWhenCastingToString\";b:0;s:13:\"\0*\0attributes\";a:1:{s:13:\"total_product\";i:1;}s:11:\"\0*\0original\";a:1:{s:13:\"total_product\";i:1;}s:10:\"\0*\0changes\";a:0:{}s:11:\"\0*\0previous\";a:0:{}s:8:\"\0*\0casts\";a:5:{s:14:\"purchase_price\";s:7:\"integer\";s:13:\"selling_price\";s:7:\"integer\";s:8:\"quantity\";s:7:\"integer\";s:9:\"min_stock\";s:7:\"integer\";s:9:\"is_active\";s:7:\"boolean\";}s:17:\"\0*\0classCastCache\";a:0:{}s:21:\"\0*\0attributeCastCache\";a:0:{}s:13:\"\0*\0dateFormat\";N;s:10:\"\0*\0appends\";a:0:{}s:19:\"\0*\0dispatchesEvents\";a:0:{}s:14:\"\0*\0observables\";a:0:{}s:12:\"\0*\0relations\";a:0:{}s:10:\"\0*\0touches\";a:0:{}s:27:\"\0*\0relationAutoloadCallback\";N;s:26:\"\0*\0relationAutoloadContext\";N;s:10:\"timestamps\";b:1;s:13:\"usesUniqueIds\";b:0;s:9:\"\0*\0hidden\";a:0:{}s:10:\"\0*\0visible\";a:0:{}s:11:\"\0*\0fillable\";a:11:{i:0;s:11:\"category_id\";i:1;s:7:\"unit_id\";i:2;s:3:\"sku\";i:3;s:4:\"name\";i:4;s:14:\"purchase_price\";i:5;s:13:\"selling_price\";i:6;s:8:\"quantity\";i:7;s:9:\"min_stock\";i:8;s:9:\"is_active\";i:9;s:11:\"description\";i:10;s:5:\"notes\";}s:10:\"\0*\0guarded\";a:1:{i:0;s:1:\"*\";}}i:85;O:18:\"App\\Models\\Product\":33:{s:13:\"\0*\0connection\";s:5:\"mysql\";s:8:\"\0*\0table\";s:8:\"products\";s:13:\"\0*\0primaryKey\";s:2:\"id\";s:10:\"\0*\0keyType\";s:3:\"int\";s:12:\"incrementing\";b:1;s:7:\"\0*\0with\";a:0:{}s:12:\"\0*\0withCount\";a:0:{}s:19:\"preventsLazyLoading\";b:0;s:10:\"\0*\0perPage\";i:15;s:6:\"exists\";b:1;s:18:\"wasRecentlyCreated\";b:0;s:28:\"\0*\0escapeWhenCastingToString\";b:0;s:13:\"\0*\0attributes\";a:1:{s:13:\"total_product\";i:1;}s:11:\"\0*\0original\";a:1:{s:13:\"total_product\";i:1;}s:10:\"\0*\0changes\";a:0:{}s:11:\"\0*\0previous\";a:0:{}s:8:\"\0*\0casts\";a:5:{s:14:\"purchase_price\";s:7:\"integer\";s:13:\"selling_price\";s:7:\"integer\";s:8:\"quantity\";s:7:\"integer\";s:9:\"min_stock\";s:7:\"integer\";s:9:\"is_active\";s:7:\"boolean\";}s:17:\"\0*\0classCastCache\";a:0:{}s:21:\"\0*\0attributeCastCache\";a:0:{}s:13:\"\0*\0dateFormat\";N;s:10:\"\0*\0appends\";a:0:{}s:19:\"\0*\0dispatchesEvents\";a:0:{}s:14:\"\0*\0observables\";a:0:{}s:12:\"\0*\0relations\";a:0:{}s:10:\"\0*\0touches\";a:0:{}s:27:\"\0*\0relationAutoloadCallback\";N;s:26:\"\0*\0relationAutoloadContext\";N;s:10:\"timestamps\";b:1;s:13:\"usesUniqueIds\";b:0;s:9:\"\0*\0hidden\";a:0:{}s:10:\"\0*\0visible\";a:0:{}s:11:\"\0*\0fillable\";a:11:{i:0;s:11:\"category_id\";i:1;s:7:\"unit_id\";i:2;s:3:\"sku\";i:3;s:4:\"name\";i:4;s:14:\"purchase_price\";i:5;s:13:\"selling_price\";i:6;s:8:\"quantity\";i:7;s:9:\"min_stock\";i:8;s:9:\"is_active\";i:9;s:11:\"description\";i:10;s:5:\"notes\";}s:10:\"\0*\0guarded\";a:1:{i:0;s:1:\"*\";}}i:86;O:18:\"App\\Models\\Product\":33:{s:13:\"\0*\0connection\";s:5:\"mysql\";s:8:\"\0*\0table\";s:8:\"products\";s:13:\"\0*\0primaryKey\";s:2:\"id\";s:10:\"\0*\0keyType\";s:3:\"int\";s:12:\"incrementing\";b:1;s:7:\"\0*\0with\";a:0:{}s:12:\"\0*\0withCount\";a:0:{}s:19:\"preventsLazyLoading\";b:0;s:10:\"\0*\0perPage\";i:15;s:6:\"exists\";b:1;s:18:\"wasRecentlyCreated\";b:0;s:28:\"\0*\0escapeWhenCastingToString\";b:0;s:13:\"\0*\0attributes\";a:1:{s:13:\"total_product\";i:1;}s:11:\"\0*\0original\";a:1:{s:13:\"total_product\";i:1;}s:10:\"\0*\0changes\";a:0:{}s:11:\"\0*\0previous\";a:0:{}s:8:\"\0*\0casts\";a:5:{s:14:\"purchase_price\";s:7:\"integer\";s:13:\"selling_price\";s:7:\"integer\";s:8:\"quantity\";s:7:\"integer\";s:9:\"min_stock\";s:7:\"integer\";s:9:\"is_active\";s:7:\"boolean\";}s:17:\"\0*\0classCastCache\";a:0:{}s:21:\"\0*\0attributeCastCache\";a:0:{}s:13:\"\0*\0dateFormat\";N;s:10:\"\0*\0appends\";a:0:{}s:19:\"\0*\0dispatchesEvents\";a:0:{}s:14:\"\0*\0observables\";a:0:{}s:12:\"\0*\0relations\";a:0:{}s:10:\"\0*\0touches\";a:0:{}s:27:\"\0*\0relationAutoloadCallback\";N;s:26:\"\0*\0relationAutoloadContext\";N;s:10:\"timestamps\";b:1;s:13:\"usesUniqueIds\";b:0;s:9:\"\0*\0hidden\";a:0:{}s:10:\"\0*\0visible\";a:0:{}s:11:\"\0*\0fillable\";a:11:{i:0;s:11:\"category_id\";i:1;s:7:\"unit_id\";i:2;s:3:\"sku\";i:3;s:4:\"name\";i:4;s:14:\"purchase_price\";i:5;s:13:\"selling_price\";i:6;s:8:\"quantity\";i:7;s:9:\"min_stock\";i:8;s:9:\"is_active\";i:9;s:11:\"description\";i:10;s:5:\"notes\";}s:10:\"\0*\0guarded\";a:1:{i:0;s:1:\"*\";}}i:87;O:18:\"App\\Models\\Product\":33:{s:13:\"\0*\0connection\";s:5:\"mysql\";s:8:\"\0*\0table\";s:8:\"products\";s:13:\"\0*\0primaryKey\";s:2:\"id\";s:10:\"\0*\0keyType\";s:3:\"int\";s:12:\"incrementing\";b:1;s:7:\"\0*\0with\";a:0:{}s:12:\"\0*\0withCount\";a:0:{}s:19:\"preventsLazyLoading\";b:0;s:10:\"\0*\0perPage\";i:15;s:6:\"exists\";b:1;s:18:\"wasRecentlyCreated\";b:0;s:28:\"\0*\0escapeWhenCastingToString\";b:0;s:13:\"\0*\0attributes\";a:1:{s:13:\"total_product\";i:1;}s:11:\"\0*\0original\";a:1:{s:13:\"total_product\";i:1;}s:10:\"\0*\0changes\";a:0:{}s:11:\"\0*\0previous\";a:0:{}s:8:\"\0*\0casts\";a:5:{s:14:\"purchase_price\";s:7:\"integer\";s:13:\"selling_price\";s:7:\"integer\";s:8:\"quantity\";s:7:\"integer\";s:9:\"min_stock\";s:7:\"integer\";s:9:\"is_active\";s:7:\"boolean\";}s:17:\"\0*\0classCastCache\";a:0:{}s:21:\"\0*\0attributeCastCache\";a:0:{}s:13:\"\0*\0dateFormat\";N;s:10:\"\0*\0appends\";a:0:{}s:19:\"\0*\0dispatchesEvents\";a:0:{}s:14:\"\0*\0observables\";a:0:{}s:12:\"\0*\0relations\";a:0:{}s:10:\"\0*\0touches\";a:0:{}s:27:\"\0*\0relationAutoloadCallback\";N;s:26:\"\0*\0relationAutoloadContext\";N;s:10:\"timestamps\";b:1;s:13:\"usesUniqueIds\";b:0;s:9:\"\0*\0hidden\";a:0:{}s:10:\"\0*\0visible\";a:0:{}s:11:\"\0*\0fillable\";a:11:{i:0;s:11:\"category_id\";i:1;s:7:\"unit_id\";i:2;s:3:\"sku\";i:3;s:4:\"name\";i:4;s:14:\"purchase_price\";i:5;s:13:\"selling_price\";i:6;s:8:\"quantity\";i:7;s:9:\"min_stock\";i:8;s:9:\"is_active\";i:9;s:11:\"description\";i:10;s:5:\"notes\";}s:10:\"\0*\0guarded\";a:1:{i:0;s:1:\"*\";}}i:88;O:18:\"App\\Models\\Product\":33:{s:13:\"\0*\0connection\";s:5:\"mysql\";s:8:\"\0*\0table\";s:8:\"products\";s:13:\"\0*\0primaryKey\";s:2:\"id\";s:10:\"\0*\0keyType\";s:3:\"int\";s:12:\"incrementing\";b:1;s:7:\"\0*\0with\";a:0:{}s:12:\"\0*\0withCount\";a:0:{}s:19:\"preventsLazyLoading\";b:0;s:10:\"\0*\0perPage\";i:15;s:6:\"exists\";b:1;s:18:\"wasRecentlyCreated\";b:0;s:28:\"\0*\0escapeWhenCastingToString\";b:0;s:13:\"\0*\0attributes\";a:1:{s:13:\"total_product\";i:1;}s:11:\"\0*\0original\";a:1:{s:13:\"total_product\";i:1;}s:10:\"\0*\0changes\";a:0:{}s:11:\"\0*\0previous\";a:0:{}s:8:\"\0*\0casts\";a:5:{s:14:\"purchase_price\";s:7:\"integer\";s:13:\"selling_price\";s:7:\"integer\";s:8:\"quantity\";s:7:\"integer\";s:9:\"min_stock\";s:7:\"integer\";s:9:\"is_active\";s:7:\"boolean\";}s:17:\"\0*\0classCastCache\";a:0:{}s:21:\"\0*\0attributeCastCache\";a:0:{}s:13:\"\0*\0dateFormat\";N;s:10:\"\0*\0appends\";a:0:{}s:19:\"\0*\0dispatchesEvents\";a:0:{}s:14:\"\0*\0observables\";a:0:{}s:12:\"\0*\0relations\";a:0:{}s:10:\"\0*\0touches\";a:0:{}s:27:\"\0*\0relationAutoloadCallback\";N;s:26:\"\0*\0relationAutoloadContext\";N;s:10:\"timestamps\";b:1;s:13:\"usesUniqueIds\";b:0;s:9:\"\0*\0hidden\";a:0:{}s:10:\"\0*\0visible\";a:0:{}s:11:\"\0*\0fillable\";a:11:{i:0;s:11:\"category_id\";i:1;s:7:\"unit_id\";i:2;s:3:\"sku\";i:3;s:4:\"name\";i:4;s:14:\"purchase_price\";i:5;s:13:\"selling_price\";i:6;s:8:\"quantity\";i:7;s:9:\"min_stock\";i:8;s:9:\"is_active\";i:9;s:11:\"description\";i:10;s:5:\"notes\";}s:10:\"\0*\0guarded\";a:1:{i:0;s:1:\"*\";}}i:89;O:18:\"App\\Models\\Product\":33:{s:13:\"\0*\0connection\";s:5:\"mysql\";s:8:\"\0*\0table\";s:8:\"products\";s:13:\"\0*\0primaryKey\";s:2:\"id\";s:10:\"\0*\0keyType\";s:3:\"int\";s:12:\"incrementing\";b:1;s:7:\"\0*\0with\";a:0:{}s:12:\"\0*\0withCount\";a:0:{}s:19:\"preventsLazyLoading\";b:0;s:10:\"\0*\0perPage\";i:15;s:6:\"exists\";b:1;s:18:\"wasRecentlyCreated\";b:0;s:28:\"\0*\0escapeWhenCastingToString\";b:0;s:13:\"\0*\0attributes\";a:1:{s:13:\"total_product\";i:1;}s:11:\"\0*\0original\";a:1:{s:13:\"total_product\";i:1;}s:10:\"\0*\0changes\";a:0:{}s:11:\"\0*\0previous\";a:0:{}s:8:\"\0*\0casts\";a:5:{s:14:\"purchase_price\";s:7:\"integer\";s:13:\"selling_price\";s:7:\"integer\";s:8:\"quantity\";s:7:\"integer\";s:9:\"min_stock\";s:7:\"integer\";s:9:\"is_active\";s:7:\"boolean\";}s:17:\"\0*\0classCastCache\";a:0:{}s:21:\"\0*\0attributeCastCache\";a:0:{}s:13:\"\0*\0dateFormat\";N;s:10:\"\0*\0appends\";a:0:{}s:19:\"\0*\0dispatchesEvents\";a:0:{}s:14:\"\0*\0observables\";a:0:{}s:12:\"\0*\0relations\";a:0:{}s:10:\"\0*\0touches\";a:0:{}s:27:\"\0*\0relationAutoloadCallback\";N;s:26:\"\0*\0relationAutoloadContext\";N;s:10:\"timestamps\";b:1;s:13:\"usesUniqueIds\";b:0;s:9:\"\0*\0hidden\";a:0:{}s:10:\"\0*\0visible\";a:0:{}s:11:\"\0*\0fillable\";a:11:{i:0;s:11:\"category_id\";i:1;s:7:\"unit_id\";i:2;s:3:\"sku\";i:3;s:4:\"name\";i:4;s:14:\"purchase_price\";i:5;s:13:\"selling_price\";i:6;s:8:\"quantity\";i:7;s:9:\"min_stock\";i:8;s:9:\"is_active\";i:9;s:11:\"description\";i:10;s:5:\"notes\";}s:10:\"\0*\0guarded\";a:1:{i:0;s:1:\"*\";}}i:90;O:18:\"App\\Models\\Product\":33:{s:13:\"\0*\0connection\";s:5:\"mysql\";s:8:\"\0*\0table\";s:8:\"products\";s:13:\"\0*\0primaryKey\";s:2:\"id\";s:10:\"\0*\0keyType\";s:3:\"int\";s:12:\"incrementing\";b:1;s:7:\"\0*\0with\";a:0:{}s:12:\"\0*\0withCount\";a:0:{}s:19:\"preventsLazyLoading\";b:0;s:10:\"\0*\0perPage\";i:15;s:6:\"exists\";b:1;s:18:\"wasRecentlyCreated\";b:0;s:28:\"\0*\0escapeWhenCastingToString\";b:0;s:13:\"\0*\0attributes\";a:1:{s:13:\"total_product\";i:1;}s:11:\"\0*\0original\";a:1:{s:13:\"total_product\";i:1;}s:10:\"\0*\0changes\";a:0:{}s:11:\"\0*\0previous\";a:0:{}s:8:\"\0*\0casts\";a:5:{s:14:\"purchase_price\";s:7:\"integer\";s:13:\"selling_price\";s:7:\"integer\";s:8:\"quantity\";s:7:\"integer\";s:9:\"min_stock\";s:7:\"integer\";s:9:\"is_active\";s:7:\"boolean\";}s:17:\"\0*\0classCastCache\";a:0:{}s:21:\"\0*\0attributeCastCache\";a:0:{}s:13:\"\0*\0dateFormat\";N;s:10:\"\0*\0appends\";a:0:{}s:19:\"\0*\0dispatchesEvents\";a:0:{}s:14:\"\0*\0observables\";a:0:{}s:12:\"\0*\0relations\";a:0:{}s:10:\"\0*\0touches\";a:0:{}s:27:\"\0*\0relationAutoloadCallback\";N;s:26:\"\0*\0relationAutoloadContext\";N;s:10:\"timestamps\";b:1;s:13:\"usesUniqueIds\";b:0;s:9:\"\0*\0hidden\";a:0:{}s:10:\"\0*\0visible\";a:0:{}s:11:\"\0*\0fillable\";a:11:{i:0;s:11:\"category_id\";i:1;s:7:\"unit_id\";i:2;s:3:\"sku\";i:3;s:4:\"name\";i:4;s:14:\"purchase_price\";i:5;s:13:\"selling_price\";i:6;s:8:\"quantity\";i:7;s:9:\"min_stock\";i:8;s:9:\"is_active\";i:9;s:11:\"description\";i:10;s:5:\"notes\";}s:10:\"\0*\0guarded\";a:1:{i:0;s:1:\"*\";}}i:91;O:18:\"App\\Models\\Product\":33:{s:13:\"\0*\0connection\";s:5:\"mysql\";s:8:\"\0*\0table\";s:8:\"products\";s:13:\"\0*\0primaryKey\";s:2:\"id\";s:10:\"\0*\0keyType\";s:3:\"int\";s:12:\"incrementing\";b:1;s:7:\"\0*\0with\";a:0:{}s:12:\"\0*\0withCount\";a:0:{}s:19:\"preventsLazyLoading\";b:0;s:10:\"\0*\0perPage\";i:15;s:6:\"exists\";b:1;s:18:\"wasRecentlyCreated\";b:0;s:28:\"\0*\0escapeWhenCastingToString\";b:0;s:13:\"\0*\0attributes\";a:1:{s:13:\"total_product\";i:1;}s:11:\"\0*\0original\";a:1:{s:13:\"total_product\";i:1;}s:10:\"\0*\0changes\";a:0:{}s:11:\"\0*\0previous\";a:0:{}s:8:\"\0*\0casts\";a:5:{s:14:\"purchase_price\";s:7:\"integer\";s:13:\"selling_price\";s:7:\"integer\";s:8:\"quantity\";s:7:\"integer\";s:9:\"min_stock\";s:7:\"integer\";s:9:\"is_active\";s:7:\"boolean\";}s:17:\"\0*\0classCastCache\";a:0:{}s:21:\"\0*\0attributeCastCache\";a:0:{}s:13:\"\0*\0dateFormat\";N;s:10:\"\0*\0appends\";a:0:{}s:19:\"\0*\0dispatchesEvents\";a:0:{}s:14:\"\0*\0observables\";a:0:{}s:12:\"\0*\0relations\";a:0:{}s:10:\"\0*\0touches\";a:0:{}s:27:\"\0*\0relationAutoloadCallback\";N;s:26:\"\0*\0relationAutoloadContext\";N;s:10:\"timestamps\";b:1;s:13:\"usesUniqueIds\";b:0;s:9:\"\0*\0hidden\";a:0:{}s:10:\"\0*\0visible\";a:0:{}s:11:\"\0*\0fillable\";a:11:{i:0;s:11:\"category_id\";i:1;s:7:\"unit_id\";i:2;s:3:\"sku\";i:3;s:4:\"name\";i:4;s:14:\"purchase_price\";i:5;s:13:\"selling_price\";i:6;s:8:\"quantity\";i:7;s:9:\"min_stock\";i:8;s:9:\"is_active\";i:9;s:11:\"description\";i:10;s:5:\"notes\";}s:10:\"\0*\0guarded\";a:1:{i:0;s:1:\"*\";}}}s:28:\"\0*\0escapeWhenCastingToString\";b:0;}', 1777778647);
INSERT INTO `cache` (`key`, `value`, `expiration`) VALUES
('laravel-cache-dashboard_low_stock', 'a:3:{i:0;a:15:{s:2:\"id\";i:41;s:11:\"category_id\";i:2;s:7:\"unit_id\";i:5;s:3:\"sku\";s:13:\"P.260502.PMYY\";s:4:\"name\";s:27:\"Triplek Melaminto Putih 3mm\";s:14:\"purchase_price\";i:108375;s:13:\"selling_price\";i:127500;s:8:\"quantity\";i:1;s:9:\"min_stock\";i:5;s:9:\"is_active\";b:1;s:11:\"description\";s:47:\"Stok tersedia untuk Triplek Melaminto Putih 3mm\";s:7:\"tanggal\";s:10:\"2026-05-05\";s:5:\"notes\";N;s:10:\"created_at\";s:27:\"2026-05-02T22:58:13.000000Z\";s:10:\"updated_at\";s:27:\"2026-05-03T02:45:48.000000Z\";}i:1;a:15:{s:2:\"id\";i:15;s:11:\"category_id\";i:1;s:7:\"unit_id\";i:6;s:3:\"sku\";s:13:\"P.260502.VZSM\";s:4:\"name\";s:37:\"MU-301 Tiga Roda Plester Hebel (40kg)\";s:14:\"purchase_price\";i:82450;s:13:\"selling_price\";i:97000;s:8:\"quantity\";i:4;s:9:\"min_stock\";i:5;s:9:\"is_active\";b:1;s:11:\"description\";s:57:\"Stok tersedia untuk MU-301 Tiga Roda Plester Hebel (40kg)\";s:7:\"tanggal\";s:10:\"2026-05-05\";s:5:\"notes\";N;s:10:\"created_at\";s:27:\"2026-05-02T22:58:10.000000Z\";s:10:\"updated_at\";s:27:\"2026-05-05T06:09:48.000000Z\";}i:2;a:15:{s:2:\"id\";i:87;s:11:\"category_id\";i:6;s:7:\"unit_id\";i:2;s:3:\"sku\";s:13:\"P.260502.NWHK\";s:4:\"name\";s:21:\"Paku Kayu Ukuran 10cm\";s:14:\"purchase_price\";i:17000;s:13:\"selling_price\";i:20000;s:8:\"quantity\";i:4;s:9:\"min_stock\";i:5;s:9:\"is_active\";b:1;s:11:\"description\";s:41:\"Stok tersedia untuk Paku Kayu Ukuran 10cm\";s:7:\"tanggal\";s:10:\"2026-05-05\";s:5:\"notes\";N;s:10:\"created_at\";s:27:\"2026-05-02T22:58:17.000000Z\";s:10:\"updated_at\";s:27:\"2026-05-03T02:43:39.000000Z\";}}', 1777984430),
('laravel-cache-dashboard_recent_sales', 'a:11:{i:0;a:17:{s:2:\"id\";i:7;s:14:\"invoice_number\";s:15:\"INV.260505.0001\";s:11:\"customer_id\";i:20;s:10:\"created_by\";i:1;s:9:\"sale_date\";s:27:\"2026-05-05T00:00:00.000000Z\";s:6:\"status\";s:9:\"completed\";s:8:\"subtotal\";i:81141000;s:15:\"global_discount\";i:0;s:14:\"total_discount\";i:0;s:5:\"total\";i:81141000;s:13:\"cash_received\";i:81841000;s:6:\"change\";i:700000;s:14:\"payment_method\";s:4:\"cash\";s:5:\"notes\";N;s:10:\"created_at\";s:27:\"2026-05-05T04:36:32.000000Z\";s:10:\"updated_at\";s:27:\"2026-05-05T04:36:32.000000Z\";s:8:\"customer\";a:2:{s:2:\"id\";i:20;s:4:\"name\";s:12:\"Roy Borer IV\";}}i:1;a:17:{s:2:\"id\";i:8;s:14:\"invoice_number\";s:15:\"INV.260505.0002\";s:11:\"customer_id\";i:18;s:10:\"created_by\";i:1;s:9:\"sale_date\";s:27:\"2026-05-05T00:00:00.000000Z\";s:6:\"status\";s:9:\"completed\";s:8:\"subtotal\";i:3500000;s:15:\"global_discount\";i:0;s:14:\"total_discount\";i:0;s:5:\"total\";i:3500000;s:13:\"cash_received\";i:3500000;s:6:\"change\";i:0;s:14:\"payment_method\";s:4:\"cash\";s:5:\"notes\";N;s:10:\"created_at\";s:27:\"2026-05-05T05:27:01.000000Z\";s:10:\"updated_at\";s:27:\"2026-05-05T05:27:02.000000Z\";s:8:\"customer\";a:2:{s:2:\"id\";i:18;s:4:\"name\";s:12:\"Maryse Ratke\";}}i:2;a:17:{s:2:\"id\";i:9;s:14:\"invoice_number\";s:15:\"INV.260505.0003\";s:11:\"customer_id\";i:8;s:10:\"created_by\";i:1;s:9:\"sale_date\";s:27:\"2026-05-05T00:00:00.000000Z\";s:6:\"status\";s:9:\"completed\";s:8:\"subtotal\";i:1090000;s:15:\"global_discount\";i:0;s:14:\"total_discount\";i:0;s:5:\"total\";i:1090000;s:13:\"cash_received\";i:1090000;s:6:\"change\";i:0;s:14:\"payment_method\";s:4:\"cash\";s:5:\"notes\";N;s:10:\"created_at\";s:27:\"2026-05-05T05:36:46.000000Z\";s:10:\"updated_at\";s:27:\"2026-05-05T05:36:46.000000Z\";s:8:\"customer\";a:2:{s:2:\"id\";i:8;s:4:\"name\";s:12:\"Art Schaefer\";}}i:3;a:17:{s:2:\"id\";i:10;s:14:\"invoice_number\";s:15:\"INV.260505.0004\";s:11:\"customer_id\";N;s:10:\"created_by\";i:1;s:9:\"sale_date\";s:27:\"2026-05-05T00:00:00.000000Z\";s:6:\"status\";s:9:\"cancelled\";s:8:\"subtotal\";i:2660000;s:15:\"global_discount\";i:0;s:14:\"total_discount\";i:0;s:5:\"total\";i:2660000;s:13:\"cash_received\";i:2660000;s:6:\"change\";i:0;s:14:\"payment_method\";s:4:\"cash\";s:5:\"notes\";s:18:\"[Cancelled]: salah\";s:10:\"created_at\";s:27:\"2026-05-05T06:07:09.000000Z\";s:10:\"updated_at\";s:27:\"2026-05-05T06:38:10.000000Z\";s:8:\"customer\";N;}i:4;a:17:{s:2:\"id\";i:15;s:14:\"invoice_number\";s:15:\"INV.260505.0005\";s:11:\"customer_id\";N;s:10:\"created_by\";i:1;s:9:\"sale_date\";s:27:\"2026-05-05T00:00:00.000000Z\";s:6:\"status\";s:9:\"completed\";s:8:\"subtotal\";i:22291000;s:15:\"global_discount\";i:0;s:14:\"total_discount\";i:0;s:5:\"total\";i:22291000;s:13:\"cash_received\";i:24951000;s:6:\"change\";i:2660000;s:14:\"payment_method\";s:4:\"cash\";s:5:\"notes\";N;s:10:\"created_at\";s:27:\"2026-05-05T06:09:48.000000Z\";s:10:\"updated_at\";s:27:\"2026-05-05T06:09:48.000000Z\";s:8:\"customer\";N;}i:5;a:17:{s:2:\"id\";i:3;s:14:\"invoice_number\";s:15:\"INV.260503.0001\";s:11:\"customer_id\";i:13;s:10:\"created_by\";i:1;s:9:\"sale_date\";s:27:\"2026-05-03T00:00:00.000000Z\";s:6:\"status\";s:9:\"completed\";s:8:\"subtotal\";i:12773800;s:15:\"global_discount\";i:0;s:14:\"total_discount\";i:0;s:5:\"total\";i:12773800;s:13:\"cash_received\";i:12773800;s:6:\"change\";i:0;s:14:\"payment_method\";s:4:\"cash\";s:5:\"notes\";s:9:\"order now\";s:10:\"created_at\";s:27:\"2026-05-03T01:27:27.000000Z\";s:10:\"updated_at\";s:27:\"2026-05-03T01:27:27.000000Z\";s:8:\"customer\";a:2:{s:2:\"id\";i:13;s:4:\"name\";s:17:\"Ms. Mathilde Mann\";}}i:6;a:17:{s:2:\"id\";i:4;s:14:\"invoice_number\";s:15:\"INV.260503.0002\";s:11:\"customer_id\";i:5;s:10:\"created_by\";i:1;s:9:\"sale_date\";s:27:\"2026-05-03T00:00:00.000000Z\";s:6:\"status\";s:9:\"completed\";s:8:\"subtotal\";i:20232000;s:15:\"global_discount\";i:0;s:14:\"total_discount\";i:0;s:5:\"total\";i:20232000;s:13:\"cash_received\";i:20232000;s:6:\"change\";i:0;s:14:\"payment_method\";s:4:\"cash\";s:5:\"notes\";s:9:\"order now\";s:10:\"created_at\";s:27:\"2026-05-03T01:31:48.000000Z\";s:10:\"updated_at\";s:27:\"2026-05-03T01:31:49.000000Z\";s:8:\"customer\";a:2:{s:2:\"id\";i:5;s:4:\"name\";s:25:\"Prof. Vicenta Kuhlman Jr.\";}}i:7;a:17:{s:2:\"id\";i:5;s:14:\"invoice_number\";s:15:\"INV.260503.0003\";s:11:\"customer_id\";i:14;s:10:\"created_by\";i:1;s:9:\"sale_date\";s:27:\"2026-05-03T00:00:00.000000Z\";s:6:\"status\";s:9:\"completed\";s:8:\"subtotal\";i:4032000;s:15:\"global_discount\";i:0;s:14:\"total_discount\";i:0;s:5:\"total\";i:4032000;s:13:\"cash_received\";i:4032000;s:6:\"change\";i:0;s:14:\"payment_method\";s:4:\"cash\";s:5:\"notes\";s:10:\"bayar dong\";s:10:\"created_at\";s:27:\"2026-05-03T01:36:33.000000Z\";s:10:\"updated_at\";s:27:\"2026-05-03T01:36:33.000000Z\";s:8:\"customer\";a:2:{s:2:\"id\";i:14;s:4:\"name\";s:15:\"Lorenza Weimann\";}}i:8;a:17:{s:2:\"id\";i:6;s:14:\"invoice_number\";s:15:\"INV.260503.0004\";s:11:\"customer_id\";i:19;s:10:\"created_by\";i:1;s:9:\"sale_date\";s:27:\"2026-05-03T00:00:00.000000Z\";s:6:\"status\";s:9:\"completed\";s:8:\"subtotal\";i:892500;s:15:\"global_discount\";i:0;s:14:\"total_discount\";i:0;s:5:\"total\";i:892500;s:13:\"cash_received\";i:892500;s:6:\"change\";i:0;s:14:\"payment_method\";s:4:\"cash\";s:5:\"notes\";s:2:\"ok\";s:10:\"created_at\";s:27:\"2026-05-03T02:45:48.000000Z\";s:10:\"updated_at\";s:27:\"2026-05-03T02:45:49.000000Z\";s:8:\"customer\";a:2:{s:2:\"id\";i:19;s:4:\"name\";s:13:\"Coralie Towne\";}}i:9;a:17:{s:2:\"id\";i:1;s:14:\"invoice_number\";s:15:\"INV.260502.0001\";s:11:\"customer_id\";i:4;s:10:\"created_by\";i:1;s:9:\"sale_date\";s:27:\"2026-05-02T00:00:00.000000Z\";s:6:\"status\";s:9:\"completed\";s:8:\"subtotal\";i:5337500;s:15:\"global_discount\";i:0;s:14:\"total_discount\";i:0;s:5:\"total\";i:5337500;s:13:\"cash_received\";i:5337500;s:6:\"change\";i:0;s:14:\"payment_method\";s:4:\"cash\";s:5:\"notes\";N;s:10:\"created_at\";s:27:\"2026-05-02T23:04:43.000000Z\";s:10:\"updated_at\";s:27:\"2026-05-02T23:04:43.000000Z\";s:8:\"customer\";a:2:{s:2:\"id\";i:4;s:4:\"name\";s:12:\"Andrew Smith\";}}i:10;a:17:{s:2:\"id\";i:2;s:14:\"invoice_number\";s:15:\"INV.260502.0002\";s:11:\"customer_id\";i:18;s:10:\"created_by\";i:1;s:9:\"sale_date\";s:27:\"2026-05-02T00:00:00.000000Z\";s:6:\"status\";s:9:\"completed\";s:8:\"subtotal\";i:13646000;s:15:\"global_discount\";i:0;s:14:\"total_discount\";i:0;s:5:\"total\";i:13646000;s:13:\"cash_received\";i:13646000;s:6:\"change\";i:0;s:14:\"payment_method\";s:4:\"cash\";s:5:\"notes\";s:4:\"cash\";s:10:\"created_at\";s:27:\"2026-05-02T23:31:36.000000Z\";s:10:\"updated_at\";s:27:\"2026-05-02T23:31:37.000000Z\";s:8:\"customer\";a:2:{s:2:\"id\";i:18;s:4:\"name\";s:12:\"Maryse Ratke\";}}}', 1777984190),
('laravel-cache-dashboard_sales_custom_20260101_20260505', 'a:3:{s:13:\"total_revenue\";d:56913800;s:5:\"count\";i:6;s:12:\"gross_profit\";d:8537068;}', 1777919567),
('laravel-cache-dashboard_sales_custom_20260501_20260503', 'a:3:{s:13:\"total_revenue\";d:56913800;s:5:\"count\";i:6;s:12:\"gross_profit\";d:8537068;}', 1777782372),
('laravel-cache-dashboard_sales_custom_20260502_20260503', 'a:3:{s:13:\"total_revenue\";d:56913800;s:5:\"count\";i:6;s:12:\"gross_profit\";d:8537068;}', 1777783392),
('laravel-cache-dashboard_sales_custom_20260503_20260503', 'a:3:{s:13:\"total_revenue\";d:37930300;s:5:\"count\";i:4;s:12:\"gross_profit\";d:5689543;}', 1777957010),
('laravel-cache-dashboard_sales_custom_20260504_20260504', 'a:3:{s:13:\"total_revenue\";d:0;s:5:\"count\";i:0;s:12:\"gross_profit\";d:0;}', 1777772745),
('laravel-cache-dashboard_sales_custom_20260504_20260505', 'a:3:{s:13:\"total_revenue\";d:81141000;s:5:\"count\";i:1;s:12:\"gross_profit\";d:12171150;}', 1777956903),
('laravel-cache-dashboard_sales_custom_20260505_20260505', 'a:3:{s:13:\"total_revenue\";d:81141000;s:5:\"count\";i:1;s:12:\"gross_profit\";d:12171150;}', 1777957016),
('laravel-cache-dashboard_sales_last_month_20260401_20260430', 'a:3:{s:13:\"total_revenue\";d:0;s:5:\"count\";i:0;s:12:\"gross_profit\";d:0;}', 1777915218),
('laravel-cache-dashboard_sales_this_month_20260501_20260531', 'a:3:{s:13:\"total_revenue\";d:164935800;s:5:\"count\";i:10;s:12:\"gross_profit\";d:24740368;}', 1777982652),
('laravel-cache-dashboard_sales_this_week_20260427_20260503', 'a:3:{s:13:\"total_revenue\";d:56913800;s:5:\"count\";i:6;s:12:\"gross_profit\";d:8537068;}', 1777819974),
('laravel-cache-dashboard_sales_this_week_20260504_20260510', 'a:3:{s:13:\"total_revenue\";d:108022000;s:5:\"count\";i:4;s:12:\"gross_profit\";d:16203300;}', 1777985029),
('laravel-cache-dashboard_sales_today_20260503_20260503', 'a:3:{s:13:\"total_revenue\";d:37930300;s:5:\"count\";i:4;s:12:\"gross_profit\";d:5689543;}', 1777829356),
('laravel-cache-dashboard_sales_today_20260504_20260504', 'a:3:{s:13:\"total_revenue\";d:0;s:5:\"count\";i:0;s:12:\"gross_profit\";d:0;}', 1777932801),
('laravel-cache-dashboard_sales_today_20260505_20260505', 'a:3:{s:13:\"total_revenue\";d:108022000;s:5:\"count\";i:4;s:12:\"gross_profit\";d:16203300;}', 1777982644),
('laravel-cache-dashboard_sales_trend_20260101_20260505', 'a:125:{s:10:\"2026-01-01\";i:0;s:10:\"2026-01-02\";i:0;s:10:\"2026-01-03\";i:0;s:10:\"2026-01-04\";i:0;s:10:\"2026-01-05\";i:0;s:10:\"2026-01-06\";i:0;s:10:\"2026-01-07\";i:0;s:10:\"2026-01-08\";i:0;s:10:\"2026-01-09\";i:0;s:10:\"2026-01-10\";i:0;s:10:\"2026-01-11\";i:0;s:10:\"2026-01-12\";i:0;s:10:\"2026-01-13\";i:0;s:10:\"2026-01-14\";i:0;s:10:\"2026-01-15\";i:0;s:10:\"2026-01-16\";i:0;s:10:\"2026-01-17\";i:0;s:10:\"2026-01-18\";i:0;s:10:\"2026-01-19\";i:0;s:10:\"2026-01-20\";i:0;s:10:\"2026-01-21\";i:0;s:10:\"2026-01-22\";i:0;s:10:\"2026-01-23\";i:0;s:10:\"2026-01-24\";i:0;s:10:\"2026-01-25\";i:0;s:10:\"2026-01-26\";i:0;s:10:\"2026-01-27\";i:0;s:10:\"2026-01-28\";i:0;s:10:\"2026-01-29\";i:0;s:10:\"2026-01-30\";i:0;s:10:\"2026-01-31\";i:0;s:10:\"2026-02-01\";i:0;s:10:\"2026-02-02\";i:0;s:10:\"2026-02-03\";i:0;s:10:\"2026-02-04\";i:0;s:10:\"2026-02-05\";i:0;s:10:\"2026-02-06\";i:0;s:10:\"2026-02-07\";i:0;s:10:\"2026-02-08\";i:0;s:10:\"2026-02-09\";i:0;s:10:\"2026-02-10\";i:0;s:10:\"2026-02-11\";i:0;s:10:\"2026-02-12\";i:0;s:10:\"2026-02-13\";i:0;s:10:\"2026-02-14\";i:0;s:10:\"2026-02-15\";i:0;s:10:\"2026-02-16\";i:0;s:10:\"2026-02-17\";i:0;s:10:\"2026-02-18\";i:0;s:10:\"2026-02-19\";i:0;s:10:\"2026-02-20\";i:0;s:10:\"2026-02-21\";i:0;s:10:\"2026-02-22\";i:0;s:10:\"2026-02-23\";i:0;s:10:\"2026-02-24\";i:0;s:10:\"2026-02-25\";i:0;s:10:\"2026-02-26\";i:0;s:10:\"2026-02-27\";i:0;s:10:\"2026-02-28\";i:0;s:10:\"2026-03-01\";i:0;s:10:\"2026-03-02\";i:0;s:10:\"2026-03-03\";i:0;s:10:\"2026-03-04\";i:0;s:10:\"2026-03-05\";i:0;s:10:\"2026-03-06\";i:0;s:10:\"2026-03-07\";i:0;s:10:\"2026-03-08\";i:0;s:10:\"2026-03-09\";i:0;s:10:\"2026-03-10\";i:0;s:10:\"2026-03-11\";i:0;s:10:\"2026-03-12\";i:0;s:10:\"2026-03-13\";i:0;s:10:\"2026-03-14\";i:0;s:10:\"2026-03-15\";i:0;s:10:\"2026-03-16\";i:0;s:10:\"2026-03-17\";i:0;s:10:\"2026-03-18\";i:0;s:10:\"2026-03-19\";i:0;s:10:\"2026-03-20\";i:0;s:10:\"2026-03-21\";i:0;s:10:\"2026-03-22\";i:0;s:10:\"2026-03-23\";i:0;s:10:\"2026-03-24\";i:0;s:10:\"2026-03-25\";i:0;s:10:\"2026-03-26\";i:0;s:10:\"2026-03-27\";i:0;s:10:\"2026-03-28\";i:0;s:10:\"2026-03-29\";i:0;s:10:\"2026-03-30\";i:0;s:10:\"2026-03-31\";i:0;s:10:\"2026-04-01\";i:0;s:10:\"2026-04-02\";i:0;s:10:\"2026-04-03\";i:0;s:10:\"2026-04-04\";i:0;s:10:\"2026-04-05\";i:0;s:10:\"2026-04-06\";i:0;s:10:\"2026-04-07\";i:0;s:10:\"2026-04-08\";i:0;s:10:\"2026-04-09\";i:0;s:10:\"2026-04-10\";i:0;s:10:\"2026-04-11\";i:0;s:10:\"2026-04-12\";i:0;s:10:\"2026-04-13\";i:0;s:10:\"2026-04-14\";i:0;s:10:\"2026-04-15\";i:0;s:10:\"2026-04-16\";i:0;s:10:\"2026-04-17\";i:0;s:10:\"2026-04-18\";i:0;s:10:\"2026-04-19\";i:0;s:10:\"2026-04-20\";i:0;s:10:\"2026-04-21\";i:0;s:10:\"2026-04-22\";i:0;s:10:\"2026-04-23\";i:0;s:10:\"2026-04-24\";i:0;s:10:\"2026-04-25\";i:0;s:10:\"2026-04-26\";i:0;s:10:\"2026-04-27\";i:0;s:10:\"2026-04-28\";i:0;s:10:\"2026-04-29\";i:0;s:10:\"2026-04-30\";i:0;s:10:\"2026-05-01\";i:0;s:10:\"2026-05-02\";i:18983500;s:10:\"2026-05-03\";i:37930300;s:10:\"2026-05-04\";i:0;s:10:\"2026-05-05\";i:0;}', 1777920468),
('laravel-cache-dashboard_sales_trend_20260401_20260430', 'a:30:{s:10:\"2026-04-01\";i:0;s:10:\"2026-04-02\";i:0;s:10:\"2026-04-03\";i:0;s:10:\"2026-04-04\";i:0;s:10:\"2026-04-05\";i:0;s:10:\"2026-04-06\";i:0;s:10:\"2026-04-07\";i:0;s:10:\"2026-04-08\";i:0;s:10:\"2026-04-09\";i:0;s:10:\"2026-04-10\";i:0;s:10:\"2026-04-11\";i:0;s:10:\"2026-04-12\";i:0;s:10:\"2026-04-13\";i:0;s:10:\"2026-04-14\";i:0;s:10:\"2026-04-15\";i:0;s:10:\"2026-04-16\";i:0;s:10:\"2026-04-17\";i:0;s:10:\"2026-04-18\";i:0;s:10:\"2026-04-19\";i:0;s:10:\"2026-04-20\";i:0;s:10:\"2026-04-21\";i:0;s:10:\"2026-04-22\";i:0;s:10:\"2026-04-23\";i:0;s:10:\"2026-04-24\";i:0;s:10:\"2026-04-25\";i:0;s:10:\"2026-04-26\";i:0;s:10:\"2026-04-27\";i:0;s:10:\"2026-04-28\";i:0;s:10:\"2026-04-29\";i:0;s:10:\"2026-04-30\";i:0;}', 1777916119),
('laravel-cache-dashboard_sales_trend_20260427_20260503', 'a:7:{s:10:\"2026-04-27\";i:0;s:10:\"2026-04-28\";i:0;s:10:\"2026-04-29\";i:0;s:10:\"2026-04-30\";i:0;s:10:\"2026-05-01\";i:0;s:10:\"2026-05-02\";i:18983500;s:10:\"2026-05-03\";i:37930300;}', 1777820875),
('laravel-cache-dashboard_sales_trend_20260501_20260503', 'a:3:{s:10:\"2026-05-01\";i:0;s:10:\"2026-05-02\";i:18983500;s:10:\"2026-05-03\";i:37930300;}', 1777783272),
('laravel-cache-dashboard_sales_trend_20260501_20260531', 'a:31:{s:10:\"2026-05-01\";i:0;s:10:\"2026-05-02\";i:18983500;s:10:\"2026-05-03\";i:37930300;s:10:\"2026-05-04\";i:0;s:10:\"2026-05-05\";i:108022000;s:10:\"2026-05-06\";i:0;s:10:\"2026-05-07\";i:0;s:10:\"2026-05-08\";i:0;s:10:\"2026-05-09\";i:0;s:10:\"2026-05-10\";i:0;s:10:\"2026-05-11\";i:0;s:10:\"2026-05-12\";i:0;s:10:\"2026-05-13\";i:0;s:10:\"2026-05-14\";i:0;s:10:\"2026-05-15\";i:0;s:10:\"2026-05-16\";i:0;s:10:\"2026-05-17\";i:0;s:10:\"2026-05-18\";i:0;s:10:\"2026-05-19\";i:0;s:10:\"2026-05-20\";i:0;s:10:\"2026-05-21\";i:0;s:10:\"2026-05-22\";i:0;s:10:\"2026-05-23\";i:0;s:10:\"2026-05-24\";i:0;s:10:\"2026-05-25\";i:0;s:10:\"2026-05-26\";i:0;s:10:\"2026-05-27\";i:0;s:10:\"2026-05-28\";i:0;s:10:\"2026-05-29\";i:0;s:10:\"2026-05-30\";i:0;s:10:\"2026-05-31\";i:0;}', 1777983553),
('laravel-cache-dashboard_sales_trend_20260502_20260502', 'a:1:{s:10:\"2026-05-02\";i:18983500;}', 1777788993),
('laravel-cache-dashboard_sales_trend_20260502_20260503', 'a:2:{s:10:\"2026-05-02\";i:18983500;s:10:\"2026-05-03\";i:37930300;}', 1777784292),
('laravel-cache-dashboard_sales_trend_20260503_20260503', 'a:1:{s:10:\"2026-05-03\";i:37930300;}', 1777957910),
('laravel-cache-dashboard_sales_trend_20260504_20260504', 'a:1:{s:10:\"2026-05-04\";i:0;}', 1777960149),
('laravel-cache-dashboard_sales_trend_20260504_20260505', 'a:2:{s:10:\"2026-05-04\";i:0;s:10:\"2026-05-05\";i:81141000;}', 1777957803),
('laravel-cache-dashboard_sales_trend_20260504_20260510', 'a:7:{s:10:\"2026-05-04\";i:0;s:10:\"2026-05-05\";i:108022000;s:10:\"2026-05-06\";i:0;s:10:\"2026-05-07\";i:0;s:10:\"2026-05-08\";i:0;s:10:\"2026-05-09\";i:0;s:10:\"2026-05-10\";i:0;}', 1777985931),
('laravel-cache-dashboard_sales_trend_20260505_20260505', 'a:1:{s:10:\"2026-05-05\";i:108022000;}', 1777983545),
('laravel-cache-dashboard_sales_yesterday_20260502_20260502', 'a:3:{s:13:\"total_revenue\";d:18983500;s:5:\"count\";i:2;s:12:\"gross_profit\";d:2847525;}', 1777788092),
('laravel-cache-dashboard_sales_yesterday_20260503_20260503', 'a:3:{s:13:\"total_revenue\";d:37930300;s:5:\"count\";i:4;s:12:\"gross_profit\";d:5689543;}', 1777914672),
('laravel-cache-dashboard_sales_yesterday_20260504_20260504', 'a:3:{s:13:\"total_revenue\";d:0;s:5:\"count\";i:0;s:12:\"gross_profit\";d:0;}', 1777959248),
('laravel-cache-dashboard_stock', 'a:92:{i:0;a:1:{s:2:\"id\";i:1;}i:1;a:1:{s:2:\"id\";i:2;}i:2;a:1:{s:2:\"id\";i:3;}i:3;a:1:{s:2:\"id\";i:4;}i:4;a:1:{s:2:\"id\";i:5;}i:5;a:1:{s:2:\"id\";i:6;}i:6;a:1:{s:2:\"id\";i:7;}i:7;a:1:{s:2:\"id\";i:8;}i:8;a:1:{s:2:\"id\";i:9;}i:9;a:1:{s:2:\"id\";i:10;}i:10;a:1:{s:2:\"id\";i:11;}i:11;a:1:{s:2:\"id\";i:12;}i:12;a:1:{s:2:\"id\";i:13;}i:13;a:1:{s:2:\"id\";i:14;}i:14;a:1:{s:2:\"id\";i:15;}i:15;a:1:{s:2:\"id\";i:16;}i:16;a:1:{s:2:\"id\";i:17;}i:17;a:1:{s:2:\"id\";i:18;}i:18;a:1:{s:2:\"id\";i:19;}i:19;a:1:{s:2:\"id\";i:20;}i:20;a:1:{s:2:\"id\";i:21;}i:21;a:1:{s:2:\"id\";i:22;}i:22;a:1:{s:2:\"id\";i:23;}i:23;a:1:{s:2:\"id\";i:24;}i:24;a:1:{s:2:\"id\";i:25;}i:25;a:1:{s:2:\"id\";i:26;}i:26;a:1:{s:2:\"id\";i:27;}i:27;a:1:{s:2:\"id\";i:28;}i:28;a:1:{s:2:\"id\";i:29;}i:29;a:1:{s:2:\"id\";i:30;}i:30;a:1:{s:2:\"id\";i:31;}i:31;a:1:{s:2:\"id\";i:32;}i:32;a:1:{s:2:\"id\";i:33;}i:33;a:1:{s:2:\"id\";i:34;}i:34;a:1:{s:2:\"id\";i:35;}i:35;a:1:{s:2:\"id\";i:36;}i:36;a:1:{s:2:\"id\";i:37;}i:37;a:1:{s:2:\"id\";i:38;}i:38;a:1:{s:2:\"id\";i:39;}i:39;a:1:{s:2:\"id\";i:40;}i:40;a:1:{s:2:\"id\";i:41;}i:41;a:1:{s:2:\"id\";i:42;}i:42;a:1:{s:2:\"id\";i:43;}i:43;a:1:{s:2:\"id\";i:44;}i:44;a:1:{s:2:\"id\";i:45;}i:45;a:1:{s:2:\"id\";i:46;}i:46;a:1:{s:2:\"id\";i:47;}i:47;a:1:{s:2:\"id\";i:48;}i:48;a:1:{s:2:\"id\";i:49;}i:49;a:1:{s:2:\"id\";i:50;}i:50;a:1:{s:2:\"id\";i:51;}i:51;a:1:{s:2:\"id\";i:52;}i:52;a:1:{s:2:\"id\";i:53;}i:53;a:1:{s:2:\"id\";i:54;}i:54;a:1:{s:2:\"id\";i:55;}i:55;a:1:{s:2:\"id\";i:56;}i:56;a:1:{s:2:\"id\";i:57;}i:57;a:1:{s:2:\"id\";i:58;}i:58;a:1:{s:2:\"id\";i:59;}i:59;a:1:{s:2:\"id\";i:60;}i:60;a:1:{s:2:\"id\";i:61;}i:61;a:1:{s:2:\"id\";i:62;}i:62;a:1:{s:2:\"id\";i:63;}i:63;a:1:{s:2:\"id\";i:64;}i:64;a:1:{s:2:\"id\";i:65;}i:65;a:1:{s:2:\"id\";i:66;}i:66;a:1:{s:2:\"id\";i:67;}i:67;a:1:{s:2:\"id\";i:68;}i:68;a:1:{s:2:\"id\";i:69;}i:69;a:1:{s:2:\"id\";i:70;}i:70;a:1:{s:2:\"id\";i:71;}i:71;a:1:{s:2:\"id\";i:72;}i:72;a:1:{s:2:\"id\";i:73;}i:73;a:1:{s:2:\"id\";i:74;}i:74;a:1:{s:2:\"id\";i:75;}i:75;a:1:{s:2:\"id\";i:76;}i:76;a:1:{s:2:\"id\";i:77;}i:77;a:1:{s:2:\"id\";i:78;}i:78;a:1:{s:2:\"id\";i:79;}i:79;a:1:{s:2:\"id\";i:80;}i:80;a:1:{s:2:\"id\";i:81;}i:81;a:1:{s:2:\"id\";i:82;}i:82;a:1:{s:2:\"id\";i:83;}i:83;a:1:{s:2:\"id\";i:84;}i:84;a:1:{s:2:\"id\";i:85;}i:85;a:1:{s:2:\"id\";i:86;}i:86;a:1:{s:2:\"id\";i:87;}i:87;a:1:{s:2:\"id\";i:88;}i:88;a:1:{s:2:\"id\";i:89;}i:89;a:1:{s:2:\"id\";i:90;}i:90;a:1:{s:2:\"id\";i:91;}i:91;a:1:{s:2:\"id\";i:92;}}', 1777984430),
('laravel-cache-dashboard_stock_now_20260101_20260505', 'a:125:{s:10:\"2026-01-01\";i:0;s:10:\"2026-01-02\";i:0;s:10:\"2026-01-03\";i:0;s:10:\"2026-01-04\";i:0;s:10:\"2026-01-05\";i:0;s:10:\"2026-01-06\";i:0;s:10:\"2026-01-07\";i:0;s:10:\"2026-01-08\";i:0;s:10:\"2026-01-09\";i:0;s:10:\"2026-01-10\";i:0;s:10:\"2026-01-11\";i:0;s:10:\"2026-01-12\";i:0;s:10:\"2026-01-13\";i:0;s:10:\"2026-01-14\";i:0;s:10:\"2026-01-15\";i:0;s:10:\"2026-01-16\";i:0;s:10:\"2026-01-17\";i:0;s:10:\"2026-01-18\";i:0;s:10:\"2026-01-19\";i:0;s:10:\"2026-01-20\";i:0;s:10:\"2026-01-21\";i:0;s:10:\"2026-01-22\";i:0;s:10:\"2026-01-23\";i:0;s:10:\"2026-01-24\";i:0;s:10:\"2026-01-25\";i:0;s:10:\"2026-01-26\";i:0;s:10:\"2026-01-27\";i:0;s:10:\"2026-01-28\";i:0;s:10:\"2026-01-29\";i:0;s:10:\"2026-01-30\";i:0;s:10:\"2026-01-31\";i:0;s:10:\"2026-02-01\";i:0;s:10:\"2026-02-02\";i:0;s:10:\"2026-02-03\";i:0;s:10:\"2026-02-04\";i:0;s:10:\"2026-02-05\";i:0;s:10:\"2026-02-06\";i:0;s:10:\"2026-02-07\";i:0;s:10:\"2026-02-08\";i:0;s:10:\"2026-02-09\";i:0;s:10:\"2026-02-10\";i:0;s:10:\"2026-02-11\";i:0;s:10:\"2026-02-12\";i:0;s:10:\"2026-02-13\";i:0;s:10:\"2026-02-14\";i:0;s:10:\"2026-02-15\";i:0;s:10:\"2026-02-16\";i:0;s:10:\"2026-02-17\";i:0;s:10:\"2026-02-18\";i:0;s:10:\"2026-02-19\";i:0;s:10:\"2026-02-20\";i:0;s:10:\"2026-02-21\";i:0;s:10:\"2026-02-22\";i:0;s:10:\"2026-02-23\";i:0;s:10:\"2026-02-24\";i:0;s:10:\"2026-02-25\";i:0;s:10:\"2026-02-26\";i:0;s:10:\"2026-02-27\";i:0;s:10:\"2026-02-28\";i:0;s:10:\"2026-03-01\";i:0;s:10:\"2026-03-02\";i:0;s:10:\"2026-03-03\";i:0;s:10:\"2026-03-04\";i:0;s:10:\"2026-03-05\";i:0;s:10:\"2026-03-06\";i:0;s:10:\"2026-03-07\";i:0;s:10:\"2026-03-08\";i:0;s:10:\"2026-03-09\";i:0;s:10:\"2026-03-10\";i:0;s:10:\"2026-03-11\";i:0;s:10:\"2026-03-12\";i:0;s:10:\"2026-03-13\";i:0;s:10:\"2026-03-14\";i:0;s:10:\"2026-03-15\";i:0;s:10:\"2026-03-16\";i:0;s:10:\"2026-03-17\";i:0;s:10:\"2026-03-18\";i:0;s:10:\"2026-03-19\";i:0;s:10:\"2026-03-20\";i:0;s:10:\"2026-03-21\";i:0;s:10:\"2026-03-22\";i:0;s:10:\"2026-03-23\";i:0;s:10:\"2026-03-24\";i:0;s:10:\"2026-03-25\";i:0;s:10:\"2026-03-26\";i:0;s:10:\"2026-03-27\";i:0;s:10:\"2026-03-28\";i:0;s:10:\"2026-03-29\";i:0;s:10:\"2026-03-30\";i:0;s:10:\"2026-03-31\";i:0;s:10:\"2026-04-01\";i:0;s:10:\"2026-04-02\";i:0;s:10:\"2026-04-03\";i:0;s:10:\"2026-04-04\";i:0;s:10:\"2026-04-05\";i:0;s:10:\"2026-04-06\";i:0;s:10:\"2026-04-07\";i:0;s:10:\"2026-04-08\";i:0;s:10:\"2026-04-09\";i:0;s:10:\"2026-04-10\";i:0;s:10:\"2026-04-11\";i:0;s:10:\"2026-04-12\";i:0;s:10:\"2026-04-13\";i:0;s:10:\"2026-04-14\";i:0;s:10:\"2026-04-15\";i:0;s:10:\"2026-04-16\";i:0;s:10:\"2026-04-17\";i:0;s:10:\"2026-04-18\";i:0;s:10:\"2026-04-19\";i:0;s:10:\"2026-04-20\";i:0;s:10:\"2026-04-21\";i:0;s:10:\"2026-04-22\";i:0;s:10:\"2026-04-23\";i:0;s:10:\"2026-04-24\";i:0;s:10:\"2026-04-25\";i:0;s:10:\"2026-04-26\";i:0;s:10:\"2026-04-27\";i:0;s:10:\"2026-04-28\";i:0;s:10:\"2026-04-29\";i:0;s:10:\"2026-04-30\";i:0;s:10:\"2026-05-01\";i:0;s:10:\"2026-05-02\";i:0;s:10:\"2026-05-03\";i:0;s:10:\"2026-05-04\";i:0;s:10:\"2026-05-05\";i:0;}', 1777920468),
('laravel-cache-dashboard_stock_now_20260401_20260430', 'a:30:{s:10:\"2026-04-01\";i:0;s:10:\"2026-04-02\";i:0;s:10:\"2026-04-03\";i:0;s:10:\"2026-04-04\";i:0;s:10:\"2026-04-05\";i:0;s:10:\"2026-04-06\";i:0;s:10:\"2026-04-07\";i:0;s:10:\"2026-04-08\";i:0;s:10:\"2026-04-09\";i:0;s:10:\"2026-04-10\";i:0;s:10:\"2026-04-11\";i:0;s:10:\"2026-04-12\";i:0;s:10:\"2026-04-13\";i:0;s:10:\"2026-04-14\";i:0;s:10:\"2026-04-15\";i:0;s:10:\"2026-04-16\";i:0;s:10:\"2026-04-17\";i:0;s:10:\"2026-04-18\";i:0;s:10:\"2026-04-19\";i:0;s:10:\"2026-04-20\";i:0;s:10:\"2026-04-21\";i:0;s:10:\"2026-04-22\";i:0;s:10:\"2026-04-23\";i:0;s:10:\"2026-04-24\";i:0;s:10:\"2026-04-25\";i:0;s:10:\"2026-04-26\";i:0;s:10:\"2026-04-27\";i:0;s:10:\"2026-04-28\";i:0;s:10:\"2026-04-29\";i:0;s:10:\"2026-04-30\";i:0;}', 1777916119),
('laravel-cache-dashboard_stock_now_20260501_20260531', 'a:31:{s:10:\"2026-05-01\";i:0;s:10:\"2026-05-02\";i:0;s:10:\"2026-05-03\";i:0;s:10:\"2026-05-04\";i:0;s:10:\"2026-05-05\";i:0;s:10:\"2026-05-06\";i:0;s:10:\"2026-05-07\";i:0;s:10:\"2026-05-08\";i:0;s:10:\"2026-05-09\";i:0;s:10:\"2026-05-10\";i:0;s:10:\"2026-05-11\";i:0;s:10:\"2026-05-12\";i:0;s:10:\"2026-05-13\";i:0;s:10:\"2026-05-14\";i:0;s:10:\"2026-05-15\";i:0;s:10:\"2026-05-16\";i:0;s:10:\"2026-05-17\";i:0;s:10:\"2026-05-18\";i:0;s:10:\"2026-05-19\";i:0;s:10:\"2026-05-20\";i:0;s:10:\"2026-05-21\";i:0;s:10:\"2026-05-22\";i:0;s:10:\"2026-05-23\";i:0;s:10:\"2026-05-24\";i:0;s:10:\"2026-05-25\";i:0;s:10:\"2026-05-26\";i:0;s:10:\"2026-05-27\";i:0;s:10:\"2026-05-28\";i:0;s:10:\"2026-05-29\";i:0;s:10:\"2026-05-30\";i:0;s:10:\"2026-05-31\";i:0;}', 1777983553),
('laravel-cache-dashboard_stock_now_20260503_20260503', 'a:1:{s:10:\"2026-05-03\";i:0;}', 1777957911),
('laravel-cache-dashboard_stock_now_20260504_20260504', 'a:1:{s:10:\"2026-05-04\";i:0;}', 1777960150),
('laravel-cache-dashboard_stock_now_20260504_20260505', 'a:2:{s:10:\"2026-05-04\";i:0;s:10:\"2026-05-05\";i:0;}', 1777957803),
('laravel-cache-dashboard_stock_now_20260504_20260510', 'a:7:{s:10:\"2026-05-04\";i:0;s:10:\"2026-05-05\";i:0;s:10:\"2026-05-06\";i:0;s:10:\"2026-05-07\";i:0;s:10:\"2026-05-08\";i:0;s:10:\"2026-05-09\";i:0;s:10:\"2026-05-10\";i:0;}', 1777985931),
('laravel-cache-dashboard_stock_now_20260505_20260505', 'a:1:{s:10:\"2026-05-05\";i:0;}', 1777983546),
('laravel-cache-dashboard_top_customers_20260101_20260505', 'a:5:{i:0;a:3:{s:13:\"customer_name\";s:25:\"Prof. Vicenta Kuhlman Jr.\";s:5:\"phone\";s:14:\"1-540-247-8633\";s:11:\"total_spent\";s:8:\"20232000\";}i:1;a:3:{s:13:\"customer_name\";s:12:\"Maryse Ratke\";s:5:\"phone\";s:15:\"+1.870.387.1754\";s:11:\"total_spent\";s:8:\"13646000\";}i:2;a:3:{s:13:\"customer_name\";s:17:\"Ms. Mathilde Mann\";s:5:\"phone\";s:12:\"+13869161753\";s:11:\"total_spent\";s:8:\"12773800\";}i:3;a:3:{s:13:\"customer_name\";s:12:\"Andrew Smith\";s:5:\"phone\";s:15:\"+1-689-209-6426\";s:11:\"total_spent\";s:7:\"5337500\";}i:4;a:3:{s:13:\"customer_name\";s:15:\"Lorenza Weimann\";s:5:\"phone\";s:15:\"+1-681-417-2426\";s:11:\"total_spent\";s:7:\"4032000\";}}', 1777920468),
('laravel-cache-dashboard_top_customers_20260401_20260430', 'a:0:{}', 1777916119),
('laravel-cache-dashboard_top_customers_20260427_20260503', 'a:5:{i:0;a:3:{s:13:\"customer_name\";s:25:\"Prof. Vicenta Kuhlman Jr.\";s:5:\"phone\";s:14:\"1-540-247-8633\";s:11:\"total_spent\";s:8:\"20232000\";}i:1;a:3:{s:13:\"customer_name\";s:12:\"Maryse Ratke\";s:5:\"phone\";s:15:\"+1.870.387.1754\";s:11:\"total_spent\";s:8:\"13646000\";}i:2;a:3:{s:13:\"customer_name\";s:17:\"Ms. Mathilde Mann\";s:5:\"phone\";s:12:\"+13869161753\";s:11:\"total_spent\";s:8:\"12773800\";}i:3;a:3:{s:13:\"customer_name\";s:12:\"Andrew Smith\";s:5:\"phone\";s:15:\"+1-689-209-6426\";s:11:\"total_spent\";s:7:\"5337500\";}i:4;a:3:{s:13:\"customer_name\";s:15:\"Lorenza Weimann\";s:5:\"phone\";s:15:\"+1-681-417-2426\";s:11:\"total_spent\";s:7:\"4032000\";}}', 1777820875),
('laravel-cache-dashboard_top_customers_20260501_20260503', 'a:5:{i:0;a:3:{s:13:\"customer_name\";s:25:\"Prof. Vicenta Kuhlman Jr.\";s:5:\"phone\";s:14:\"1-540-247-8633\";s:11:\"total_spent\";s:8:\"20232000\";}i:1;a:3:{s:13:\"customer_name\";s:12:\"Maryse Ratke\";s:5:\"phone\";s:15:\"+1.870.387.1754\";s:11:\"total_spent\";s:8:\"13646000\";}i:2;a:3:{s:13:\"customer_name\";s:17:\"Ms. Mathilde Mann\";s:5:\"phone\";s:12:\"+13869161753\";s:11:\"total_spent\";s:8:\"12773800\";}i:3;a:3:{s:13:\"customer_name\";s:12:\"Andrew Smith\";s:5:\"phone\";s:15:\"+1-689-209-6426\";s:11:\"total_spent\";s:7:\"5337500\";}i:4;a:3:{s:13:\"customer_name\";s:15:\"Lorenza Weimann\";s:5:\"phone\";s:15:\"+1-681-417-2426\";s:11:\"total_spent\";s:7:\"4032000\";}}', 1777783272),
('laravel-cache-dashboard_top_customers_20260501_20260531', 'a:5:{i:0;a:3:{s:13:\"customer_name\";s:12:\"Roy Borer IV\";s:5:\"phone\";s:12:\"262.265.2722\";s:11:\"total_spent\";s:8:\"81141000\";}i:1;a:3:{s:13:\"customer_name\";s:25:\"Prof. Vicenta Kuhlman Jr.\";s:5:\"phone\";s:14:\"1-540-247-8633\";s:11:\"total_spent\";s:8:\"20232000\";}i:2;a:3:{s:13:\"customer_name\";s:12:\"Maryse Ratke\";s:5:\"phone\";s:15:\"+1.870.387.1754\";s:11:\"total_spent\";s:8:\"17146000\";}i:3;a:3:{s:13:\"customer_name\";s:17:\"Ms. Mathilde Mann\";s:5:\"phone\";s:12:\"+13869161753\";s:11:\"total_spent\";s:8:\"12773800\";}i:4;a:3:{s:13:\"customer_name\";s:12:\"Andrew Smith\";s:5:\"phone\";s:15:\"+1-689-209-6426\";s:11:\"total_spent\";s:7:\"5337500\";}}', 1777983553),
('laravel-cache-dashboard_top_customers_20260502_20260502', 'a:2:{i:0;a:3:{s:13:\"customer_name\";s:12:\"Maryse Ratke\";s:5:\"phone\";s:15:\"+1.870.387.1754\";s:11:\"total_spent\";s:8:\"13646000\";}i:1;a:3:{s:13:\"customer_name\";s:12:\"Andrew Smith\";s:5:\"phone\";s:15:\"+1-689-209-6426\";s:11:\"total_spent\";s:7:\"5337500\";}}', 1777788993),
('laravel-cache-dashboard_top_customers_20260502_20260503', 'a:5:{i:0;a:3:{s:13:\"customer_name\";s:25:\"Prof. Vicenta Kuhlman Jr.\";s:5:\"phone\";s:14:\"1-540-247-8633\";s:11:\"total_spent\";s:8:\"20232000\";}i:1;a:3:{s:13:\"customer_name\";s:12:\"Maryse Ratke\";s:5:\"phone\";s:15:\"+1.870.387.1754\";s:11:\"total_spent\";s:8:\"13646000\";}i:2;a:3:{s:13:\"customer_name\";s:17:\"Ms. Mathilde Mann\";s:5:\"phone\";s:12:\"+13869161753\";s:11:\"total_spent\";s:8:\"12773800\";}i:3;a:3:{s:13:\"customer_name\";s:12:\"Andrew Smith\";s:5:\"phone\";s:15:\"+1-689-209-6426\";s:11:\"total_spent\";s:7:\"5337500\";}i:4;a:3:{s:13:\"customer_name\";s:15:\"Lorenza Weimann\";s:5:\"phone\";s:15:\"+1-681-417-2426\";s:11:\"total_spent\";s:7:\"4032000\";}}', 1777784292),
('laravel-cache-dashboard_top_customers_20260503_20260503', 'a:4:{i:0;a:3:{s:13:\"customer_name\";s:25:\"Prof. Vicenta Kuhlman Jr.\";s:5:\"phone\";s:14:\"1-540-247-8633\";s:11:\"total_spent\";s:8:\"20232000\";}i:1;a:3:{s:13:\"customer_name\";s:17:\"Ms. Mathilde Mann\";s:5:\"phone\";s:12:\"+13869161753\";s:11:\"total_spent\";s:8:\"12773800\";}i:2;a:3:{s:13:\"customer_name\";s:15:\"Lorenza Weimann\";s:5:\"phone\";s:15:\"+1-681-417-2426\";s:11:\"total_spent\";s:7:\"4032000\";}i:3;a:3:{s:13:\"customer_name\";s:13:\"Coralie Towne\";s:5:\"phone\";s:15:\"+1-620-514-9408\";s:11:\"total_spent\";s:6:\"892500\";}}', 1777957910),
('laravel-cache-dashboard_top_customers_20260504_20260504', 'a:0:{}', 1777960149),
('laravel-cache-dashboard_top_customers_20260504_20260505', 'a:1:{i:0;a:3:{s:13:\"customer_name\";s:12:\"Roy Borer IV\";s:5:\"phone\";s:12:\"262.265.2722\";s:11:\"total_spent\";s:8:\"81141000\";}}', 1777957803),
('laravel-cache-dashboard_top_customers_20260504_20260510', 'a:3:{i:0;a:3:{s:13:\"customer_name\";s:12:\"Roy Borer IV\";s:5:\"phone\";s:12:\"262.265.2722\";s:11:\"total_spent\";s:8:\"81141000\";}i:1;a:3:{s:13:\"customer_name\";s:12:\"Maryse Ratke\";s:5:\"phone\";s:15:\"+1.870.387.1754\";s:11:\"total_spent\";s:7:\"3500000\";}i:2;a:3:{s:13:\"customer_name\";s:12:\"Art Schaefer\";s:5:\"phone\";s:12:\"629-540-7515\";s:11:\"total_spent\";s:7:\"1090000\";}}', 1777985931),
('laravel-cache-dashboard_top_customers_20260505_20260505', 'a:3:{i:0;a:3:{s:13:\"customer_name\";s:12:\"Roy Borer IV\";s:5:\"phone\";s:12:\"262.265.2722\";s:11:\"total_spent\";s:8:\"81141000\";}i:1;a:3:{s:13:\"customer_name\";s:12:\"Maryse Ratke\";s:5:\"phone\";s:15:\"+1.870.387.1754\";s:11:\"total_spent\";s:7:\"3500000\";}i:2;a:3:{s:13:\"customer_name\";s:12:\"Art Schaefer\";s:5:\"phone\";s:12:\"629-540-7515\";s:11:\"total_spent\";s:7:\"1090000\";}}', 1777983545),
('laravel-cache-dashboard_top_products_20260101_20260505', 'a:5:{i:0;a:3:{s:12:\"product_name\";s:28:\"Acian TR-30 Tiga Roda (40kg)\";s:3:\"sku\";s:13:\"P.260502.6T4Q\";s:10:\"total_sold\";s:2:\"27\";}i:1;a:3:{s:12:\"product_name\";s:21:\"Semen Rajawali (50kg)\";s:3:\"sku\";s:13:\"P.260502.A4JD\";s:10:\"total_sold\";s:2:\"22\";}i:2;a:3:{s:12:\"product_name\";s:20:\"Semen Dynamix (50kg)\";s:3:\"sku\";s:13:\"P.260502.WZ8P\";s:10:\"total_sold\";s:2:\"18\";}i:3;a:3:{s:12:\"product_name\";s:21:\"Batu Split - Rata Bak\";s:3:\"sku\";s:13:\"P.260502.DBQR\";s:10:\"total_sold\";s:2:\"15\";}i:4;a:3:{s:12:\"product_name\";s:20:\"Semen Merdeka (50kg)\";s:3:\"sku\";s:13:\"P.260502.RBED\";s:10:\"total_sold\";s:2:\"13\";}}', 1777920468),
('laravel-cache-dashboard_top_products_20260401_20260430', 'a:0:{}', 1777916119),
('laravel-cache-dashboard_top_products_20260427_20260503', 'a:5:{i:0;a:3:{s:12:\"product_name\";s:28:\"Acian TR-30 Tiga Roda (40kg)\";s:3:\"sku\";s:13:\"P.260502.6T4Q\";s:10:\"total_sold\";s:2:\"27\";}i:1;a:3:{s:12:\"product_name\";s:21:\"Semen Rajawali (50kg)\";s:3:\"sku\";s:13:\"P.260502.A4JD\";s:10:\"total_sold\";s:2:\"22\";}i:2;a:3:{s:12:\"product_name\";s:20:\"Semen Dynamix (50kg)\";s:3:\"sku\";s:13:\"P.260502.WZ8P\";s:10:\"total_sold\";s:2:\"18\";}i:3;a:3:{s:12:\"product_name\";s:21:\"Batu Split - Rata Bak\";s:3:\"sku\";s:13:\"P.260502.DBQR\";s:10:\"total_sold\";s:2:\"15\";}i:4;a:3:{s:12:\"product_name\";s:37:\"MU-301 Tiga Roda Plester Hebel (40kg)\";s:3:\"sku\";s:13:\"P.260502.VZSM\";s:10:\"total_sold\";s:2:\"13\";}}', 1777820874),
('laravel-cache-dashboard_top_products_20260501_20260503', 'a:5:{i:0;a:3:{s:12:\"product_name\";s:28:\"Acian TR-30 Tiga Roda (40kg)\";s:3:\"sku\";s:13:\"P.260502.6T4Q\";s:10:\"total_sold\";s:2:\"27\";}i:1;a:3:{s:12:\"product_name\";s:21:\"Semen Rajawali (50kg)\";s:3:\"sku\";s:13:\"P.260502.A4JD\";s:10:\"total_sold\";s:2:\"22\";}i:2;a:3:{s:12:\"product_name\";s:20:\"Semen Dynamix (50kg)\";s:3:\"sku\";s:13:\"P.260502.WZ8P\";s:10:\"total_sold\";s:2:\"18\";}i:3;a:3:{s:12:\"product_name\";s:21:\"Batu Split - Rata Bak\";s:3:\"sku\";s:13:\"P.260502.DBQR\";s:10:\"total_sold\";s:2:\"15\";}i:4;a:3:{s:12:\"product_name\";s:20:\"Semen Merdeka (50kg)\";s:3:\"sku\";s:13:\"P.260502.RBED\";s:10:\"total_sold\";s:2:\"13\";}}', 1777783272),
('laravel-cache-dashboard_top_products_20260501_20260531', 'a:5:{i:0;a:3:{s:12:\"product_name\";s:22:\"Semen Tiga Roda (50kg)\";s:3:\"sku\";s:13:\"P.260502.9AZL\";s:10:\"total_sold\";s:2:\"71\";}i:1;a:3:{s:12:\"product_name\";s:28:\"Acian TR-30 Tiga Roda (40kg)\";s:3:\"sku\";s:13:\"P.260502.6T4Q\";s:10:\"total_sold\";s:2:\"43\";}i:2;a:3:{s:12:\"product_name\";s:20:\"Semen Dynamix (50kg)\";s:3:\"sku\";s:13:\"P.260502.WZ8P\";s:10:\"total_sold\";s:2:\"37\";}i:3;a:3:{s:12:\"product_name\";s:21:\"Batu Split - Full Bak\";s:3:\"sku\";s:13:\"P.260502.3T6C\";s:10:\"total_sold\";s:2:\"26\";}i:4;a:3:{s:12:\"product_name\";s:20:\"Semen Merdeka (50kg)\";s:3:\"sku\";s:13:\"P.260502.RBED\";s:10:\"total_sold\";s:2:\"26\";}}', 1777983553),
('laravel-cache-dashboard_top_products_20260502_20260502', 'a:5:{i:0;a:3:{s:12:\"product_name\";s:10:\"Terpal 5x6\";s:3:\"sku\";s:13:\"P.260502.HANF\";s:10:\"total_sold\";s:1:\"6\";}i:1;a:3:{s:12:\"product_name\";s:10:\"Terpal 5x7\";s:3:\"sku\";s:13:\"P.260502.CROC\";s:10:\"total_sold\";s:1:\"6\";}i:2;a:3:{s:12:\"product_name\";s:23:\"Kuku Macan Fujimi (Dus)\";s:3:\"sku\";s:13:\"P.260502.MKSB\";s:10:\"total_sold\";s:1:\"6\";}i:3;a:3:{s:12:\"product_name\";s:28:\"Semen Putih Tiga Roda (40kg)\";s:3:\"sku\";s:13:\"P.260502.RXWU\";s:10:\"total_sold\";s:1:\"6\";}i:4;a:3:{s:12:\"product_name\";s:20:\"Semen Dynamix (50kg)\";s:3:\"sku\";s:13:\"P.260502.WZ8P\";s:10:\"total_sold\";s:1:\"5\";}}', 1777788992),
('laravel-cache-dashboard_top_products_20260502_20260503', 'a:5:{i:0;a:3:{s:12:\"product_name\";s:28:\"Acian TR-30 Tiga Roda (40kg)\";s:3:\"sku\";s:13:\"P.260502.6T4Q\";s:10:\"total_sold\";s:2:\"27\";}i:1;a:3:{s:12:\"product_name\";s:21:\"Semen Rajawali (50kg)\";s:3:\"sku\";s:13:\"P.260502.A4JD\";s:10:\"total_sold\";s:2:\"22\";}i:2;a:3:{s:12:\"product_name\";s:20:\"Semen Dynamix (50kg)\";s:3:\"sku\";s:13:\"P.260502.WZ8P\";s:10:\"total_sold\";s:2:\"18\";}i:3;a:3:{s:12:\"product_name\";s:21:\"Batu Split - Rata Bak\";s:3:\"sku\";s:13:\"P.260502.DBQR\";s:10:\"total_sold\";s:2:\"15\";}i:4;a:3:{s:12:\"product_name\";s:20:\"Semen Merdeka (50kg)\";s:3:\"sku\";s:13:\"P.260502.RBED\";s:10:\"total_sold\";s:2:\"13\";}}', 1777784292),
('laravel-cache-dashboard_top_products_20260503_20260503', 'a:5:{i:0;a:3:{s:12:\"product_name\";s:28:\"Acian TR-30 Tiga Roda (40kg)\";s:3:\"sku\";s:13:\"P.260502.6T4Q\";s:10:\"total_sold\";s:2:\"27\";}i:1;a:3:{s:12:\"product_name\";s:21:\"Semen Rajawali (50kg)\";s:3:\"sku\";s:13:\"P.260502.A4JD\";s:10:\"total_sold\";s:2:\"18\";}i:2;a:3:{s:12:\"product_name\";s:21:\"Batu Split - Rata Bak\";s:3:\"sku\";s:13:\"P.260502.DBQR\";s:10:\"total_sold\";s:2:\"15\";}i:3;a:3:{s:12:\"product_name\";s:20:\"Semen Dynamix (50kg)\";s:3:\"sku\";s:13:\"P.260502.WZ8P\";s:10:\"total_sold\";s:2:\"13\";}i:4;a:3:{s:12:\"product_name\";s:20:\"Semen Merdeka (50kg)\";s:3:\"sku\";s:13:\"P.260502.RBED\";s:10:\"total_sold\";s:2:\"13\";}}', 1777957910),
('laravel-cache-dashboard_top_products_20260504_20260504', 'a:0:{}', 1777960149),
('laravel-cache-dashboard_top_products_20260504_20260505', 'a:5:{i:0;a:3:{s:12:\"product_name\";s:28:\"Acian TR-30 Tiga Roda (40kg)\";s:3:\"sku\";s:13:\"P.260502.6T4Q\";s:10:\"total_sold\";s:2:\"16\";}i:1;a:3:{s:12:\"product_name\";s:20:\"Semen Merdeka (50kg)\";s:3:\"sku\";s:13:\"P.260502.RBED\";s:10:\"total_sold\";s:2:\"13\";}i:2;a:3:{s:12:\"product_name\";s:20:\"Semen Dynamix (50kg)\";s:3:\"sku\";s:13:\"P.260502.WZ8P\";s:10:\"total_sold\";s:2:\"13\";}i:3;a:3:{s:12:\"product_name\";s:21:\"Batu Split - Full Bak\";s:3:\"sku\";s:13:\"P.260502.3T6C\";s:10:\"total_sold\";s:2:\"11\";}i:4;a:3:{s:12:\"product_name\";s:22:\"Semen Tiga Roda (50kg)\";s:3:\"sku\";s:13:\"P.260502.9AZL\";s:10:\"total_sold\";s:2:\"11\";}}', 1777957803),
('laravel-cache-dashboard_top_products_20260504_20260510', 'a:5:{i:0;a:3:{s:12:\"product_name\";s:22:\"Semen Tiga Roda (50kg)\";s:3:\"sku\";s:13:\"P.260502.9AZL\";s:10:\"total_sold\";s:2:\"71\";}i:1;a:3:{s:12:\"product_name\";s:21:\"Batu Split - Full Bak\";s:3:\"sku\";s:13:\"P.260502.3T6C\";s:10:\"total_sold\";s:2:\"22\";}i:2;a:3:{s:12:\"product_name\";s:20:\"Semen Dynamix (50kg)\";s:3:\"sku\";s:13:\"P.260502.WZ8P\";s:10:\"total_sold\";s:2:\"19\";}i:3;a:3:{s:12:\"product_name\";s:28:\"Acian TR-30 Tiga Roda (40kg)\";s:3:\"sku\";s:13:\"P.260502.6T4Q\";s:10:\"total_sold\";s:2:\"16\";}i:4;a:3:{s:12:\"product_name\";s:20:\"Semen Merdeka (50kg)\";s:3:\"sku\";s:13:\"P.260502.RBED\";s:10:\"total_sold\";s:2:\"13\";}}', 1777985930),
('laravel-cache-dashboard_top_products_20260505_20260505', 'a:5:{i:0;a:3:{s:12:\"product_name\";s:22:\"Semen Tiga Roda (50kg)\";s:3:\"sku\";s:13:\"P.260502.9AZL\";s:10:\"total_sold\";s:2:\"71\";}i:1;a:3:{s:12:\"product_name\";s:21:\"Batu Split - Full Bak\";s:3:\"sku\";s:13:\"P.260502.3T6C\";s:10:\"total_sold\";s:2:\"22\";}i:2;a:3:{s:12:\"product_name\";s:20:\"Semen Dynamix (50kg)\";s:3:\"sku\";s:13:\"P.260502.WZ8P\";s:10:\"total_sold\";s:2:\"19\";}i:3;a:3:{s:12:\"product_name\";s:28:\"Acian TR-30 Tiga Roda (40kg)\";s:3:\"sku\";s:13:\"P.260502.6T4Q\";s:10:\"total_sold\";s:2:\"16\";}i:4;a:3:{s:12:\"product_name\";s:20:\"Semen Merdeka (50kg)\";s:3:\"sku\";s:13:\"P.260502.RBED\";s:10:\"total_sold\";s:2:\"13\";}}', 1777983545),
('laravel-cache-finance_print_346d3e0c-a740-4d32-a2b6-154bfbe120d0', 'a:1:{i:0;s:2:\"14\";}', 1777960807),
('laravel-cache-finance_print_a7884baa-80ab-4dd6-8fe0-c85e4bf1e41d', 'a:1:{i:0;s:2:\"14\";}', 1777960905),
('laravel-cache-finance_print_fd97f4b9-d306-4dc3-988d-8662f528ddff', 'a:8:{i:0;s:1:\"4\";i:1;s:1:\"5\";i:2;s:1:\"6\";i:3;s:1:\"7\";i:4;s:1:\"8\";i:5;s:1:\"1\";i:6;s:1:\"2\";i:7;s:1:\"3\";}', 1777792345),
('laravel-cache-pg_cached_tables', 'a:1:{i:0;s:26:\"powergrid_columns_in_sales\";}', 2093323026),
('laravel-cache-powergrid_columns_in_sales', 'a:16:{s:2:\"id\";s:19:\"bigint(20) unsigned\";s:14:\"invoice_number\";s:12:\"varchar(255)\";s:11:\"customer_id\";s:19:\"bigint(20) unsigned\";s:10:\"created_by\";s:19:\"bigint(20) unsigned\";s:9:\"sale_date\";s:8:\"datetime\";s:6:\"status\";s:12:\"varchar(255)\";s:8:\"subtotal\";s:10:\"bigint(20)\";s:15:\"global_discount\";s:10:\"bigint(20)\";s:14:\"total_discount\";s:10:\"bigint(20)\";s:5:\"total\";s:10:\"bigint(20)\";s:13:\"cash_received\";s:10:\"bigint(20)\";s:6:\"change\";s:10:\"bigint(20)\";s:14:\"payment_method\";s:12:\"varchar(255)\";s:5:\"notes\";s:4:\"text\";s:10:\"created_at\";s:9:\"timestamp\";s:10:\"updated_at\";s:9:\"timestamp\";}', 1777973827);
INSERT INTO `cache` (`key`, `value`, `expiration`) VALUES
('laravel-cache-products_search_d41d8cd98f00b204e9800998ecf8427e', 'O:29:\"Illuminate\\Support\\Collection\":2:{s:8:\"\0*\0items\";a:50:{i:0;a:9:{s:5:\"value\";i:1;s:2:\"id\";i:1;s:4:\"text\";s:22:\"Semen Tiga Roda (50kg)\";s:4:\"name\";s:22:\"Semen Tiga Roda (50kg)\";s:5:\"price\";i:59500;s:13:\"selling_price\";i:70000;s:3:\"sku\";s:13:\"P.260502.9AZL\";s:8:\"quantity\";i:38;s:4:\"unit\";a:2:{s:6:\"symbol\";s:3:\"sak\";s:4:\"name\";s:3:\"Sak\";}}i:1;a:9:{s:5:\"value\";i:2;s:2:\"id\";i:2;s:4:\"text\";s:20:\"Semen Dynamix (50kg)\";s:4:\"name\";s:20:\"Semen Dynamix (50kg)\";s:5:\"price\";i:55250;s:13:\"selling_price\";i:65000;s:3:\"sku\";s:13:\"P.260502.WZ8P\";s:8:\"quantity\";i:49;s:4:\"unit\";a:2:{s:6:\"symbol\";s:3:\"sak\";s:4:\"name\";s:3:\"Sak\";}}i:2;a:9:{s:5:\"value\";i:3;s:2:\"id\";i:3;s:4:\"text\";s:21:\"Semen Rajawali (50kg)\";s:4:\"name\";s:21:\"Semen Rajawali (50kg)\";s:5:\"price\";i:50150;s:13:\"selling_price\";i:59000;s:3:\"sku\";s:13:\"P.260502.A4JD\";s:8:\"quantity\";i:73;s:4:\"unit\";a:2:{s:6:\"symbol\";s:3:\"sak\";s:4:\"name\";s:3:\"Sak\";}}i:3;a:9:{s:5:\"value\";i:4;s:2:\"id\";i:4;s:4:\"text\";s:20:\"Semen Merdeka (50kg)\";s:4:\"name\";s:20:\"Semen Merdeka (50kg)\";s:5:\"price\";i:45475;s:13:\"selling_price\";i:53500;s:3:\"sku\";s:13:\"P.260502.RBED\";s:8:\"quantity\";i:54;s:4:\"unit\";a:2:{s:6:\"symbol\";s:3:\"sak\";s:4:\"name\";s:3:\"Sak\";}}i:4;a:9:{s:5:\"value\";i:5;s:2:\"id\";i:5;s:4:\"text\";s:17:\"Semen Best (50kg)\";s:4:\"name\";s:17:\"Semen Best (50kg)\";s:5:\"price\";i:44200;s:13:\"selling_price\";i:52000;s:3:\"sku\";s:13:\"P.260502.RHXK\";s:8:\"quantity\";i:97;s:4:\"unit\";a:2:{s:6:\"symbol\";s:3:\"sak\";s:4:\"name\";s:3:\"Sak\";}}i:5;a:9:{s:5:\"value\";i:6;s:2:\"id\";i:6;s:4:\"text\";s:28:\"Acian TR-30 Tiga Roda (40kg)\";s:4:\"name\";s:28:\"Acian TR-30 Tiga Roda (40kg)\";s:5:\"price\";i:93500;s:13:\"selling_price\";i:110000;s:3:\"sku\";s:13:\"P.260502.6T4Q\";s:8:\"quantity\";i:23;s:4:\"unit\";a:2:{s:6:\"symbol\";s:3:\"sak\";s:4:\"name\";s:3:\"Sak\";}}i:6;a:9:{s:5:\"value\";i:7;s:2:\"id\";i:7;s:4:\"text\";s:28:\"Semen Putih Tiga Roda (40kg)\";s:4:\"name\";s:28:\"Semen Putih Tiga Roda (40kg)\";s:5:\"price\";i:93500;s:13:\"selling_price\";i:110000;s:3:\"sku\";s:13:\"P.260502.RXWU\";s:8:\"quantity\";i:44;s:4:\"unit\";a:2:{s:6:\"symbol\";s:3:\"sak\";s:4:\"name\";s:3:\"Sak\";}}i:7;a:9:{s:5:\"value\";i:8;s:2:\"id\";i:8;s:4:\"text\";s:22:\"Semen Hebel SCG (40kg)\";s:4:\"name\";s:22:\"Semen Hebel SCG (40kg)\";s:5:\"price\";i:55250;s:13:\"selling_price\";i:65000;s:3:\"sku\";s:13:\"P.260502.KPMV\";s:8:\"quantity\";i:87;s:4:\"unit\";a:2:{s:6:\"symbol\";s:3:\"sak\";s:4:\"name\";s:3:\"Sak\";}}i:8;a:9:{s:5:\"value\";i:9;s:2:\"id\";i:9;s:4:\"text\";s:33:\"Acian Plester Putih Maxson MC-270\";s:4:\"name\";s:33:\"Acian Plester Putih Maxson MC-270\";s:5:\"price\";i:53125;s:13:\"selling_price\";i:62500;s:3:\"sku\";s:13:\"P.260502.C0VD\";s:8:\"quantity\";i:80;s:4:\"unit\";a:2:{s:6:\"symbol\";s:3:\"sak\";s:4:\"name\";s:3:\"Sak\";}}i:9;a:9:{s:5:\"value\";i:10;s:2:\"id\";i:10;s:4:\"text\";s:30:\"Casting / Tepung Gipsum (20kg)\";s:4:\"name\";s:30:\"Casting / Tepung Gipsum (20kg)\";s:5:\"price\";i:31450;s:13:\"selling_price\";i:37000;s:3:\"sku\";s:13:\"P.260502.GW7J\";s:8:\"quantity\";i:26;s:4:\"unit\";a:2:{s:6:\"symbol\";s:3:\"sak\";s:4:\"name\";s:3:\"Sak\";}}i:10;a:9:{s:5:\"value\";i:11;s:2:\"id\";i:11;s:4:\"text\";s:17:\"Kapur Mill (20kg)\";s:4:\"name\";s:17:\"Kapur Mill (20kg)\";s:5:\"price\";i:15300;s:13:\"selling_price\";i:18000;s:3:\"sku\";s:13:\"P.260502.NTCI\";s:8:\"quantity\";i:74;s:4:\"unit\";a:2:{s:6:\"symbol\";s:3:\"sak\";s:4:\"name\";s:3:\"Sak\";}}i:11;a:9:{s:5:\"value\";i:12;s:2:\"id\";i:12;s:4:\"text\";s:16:\"Kompon A+ (20kg)\";s:4:\"name\";s:16:\"Kompon A+ (20kg)\";s:5:\"price\";i:51000;s:13:\"selling_price\";i:60000;s:3:\"sku\";s:13:\"P.260502.JONS\";s:8:\"quantity\";i:26;s:4:\"unit\";a:2:{s:6:\"symbol\";s:3:\"sak\";s:4:\"name\";s:3:\"Sak\";}}i:12;a:9:{s:5:\"value\";i:13;s:2:\"id\";i:13;s:4:\"text\";s:36:\"TR-15 Tiga Roda Perekat Hebel (40kg)\";s:4:\"name\";s:36:\"TR-15 Tiga Roda Perekat Hebel (40kg)\";s:5:\"price\";i:68000;s:13:\"selling_price\";i:80000;s:3:\"sku\";s:13:\"P.260502.ZGAX\";s:8:\"quantity\";i:18;s:4:\"unit\";a:2:{s:6:\"symbol\";s:3:\"sak\";s:4:\"name\";s:3:\"Sak\";}}i:13;a:9:{s:5:\"value\";i:14;s:2:\"id\";i:14;s:4:\"text\";s:36:\"TR-20 Tiga Roda Plester Hebel (40kg)\";s:4:\"name\";s:36:\"TR-20 Tiga Roda Plester Hebel (40kg)\";s:5:\"price\";i:68000;s:13:\"selling_price\";i:80000;s:3:\"sku\";s:13:\"P.260502.3S3R\";s:8:\"quantity\";i:53;s:4:\"unit\";a:2:{s:6:\"symbol\";s:3:\"sak\";s:4:\"name\";s:3:\"Sak\";}}i:14;a:9:{s:5:\"value\";i:15;s:2:\"id\";i:15;s:4:\"text\";s:37:\"MU-301 Tiga Roda Plester Hebel (40kg)\";s:4:\"name\";s:37:\"MU-301 Tiga Roda Plester Hebel (40kg)\";s:5:\"price\";i:82450;s:13:\"selling_price\";i:97000;s:3:\"sku\";s:13:\"P.260502.VZSM\";s:8:\"quantity\";i:7;s:4:\"unit\";a:2:{s:6:\"symbol\";s:3:\"sak\";s:4:\"name\";s:3:\"Sak\";}}i:15;a:9:{s:5:\"value\";i:16;s:2:\"id\";i:16;s:4:\"text\";s:20:\"Pasir Jumbo (1 Truk)\";s:4:\"name\";s:20:\"Pasir Jumbo (1 Truk)\";s:5:\"price\";i:935000;s:13:\"selling_price\";i:1100000;s:3:\"sku\";s:13:\"P.260502.GUZK\";s:8:\"quantity\";i:56;s:4:\"unit\";a:2:{s:6:\"symbol\";s:3:\"rit\";s:4:\"name\";s:3:\"Rit\";}}i:16;a:9:{s:5:\"value\";i:17;s:2:\"id\";i:17;s:4:\"text\";s:18:\"Pasir Cor (1 Truk)\";s:4:\"name\";s:18:\"Pasir Cor (1 Truk)\";s:5:\"price\";i:1147500;s:13:\"selling_price\";i:1350000;s:3:\"sku\";s:13:\"P.260502.4FWM\";s:8:\"quantity\";i:50;s:4:\"unit\";a:2:{s:6:\"symbol\";s:3:\"rit\";s:4:\"name\";s:3:\"Rit\";}}i:17;a:9:{s:5:\"value\";i:18;s:2:\"id\";i:18;s:4:\"text\";s:19:\"Pasir Cuci (1 Truk)\";s:4:\"name\";s:19:\"Pasir Cuci (1 Truk)\";s:5:\"price\";i:1275000;s:13:\"selling_price\";i:1500000;s:3:\"sku\";s:13:\"P.260502.DP5N\";s:8:\"quantity\";i:93;s:4:\"unit\";a:2:{s:6:\"symbol\";s:3:\"rit\";s:4:\"name\";s:3:\"Rit\";}}i:18;a:9:{s:5:\"value\";i:19;s:2:\"id\";i:19;s:4:\"text\";s:27:\"Batu Pondasi Hitam (1 Truk)\";s:4:\"name\";s:27:\"Batu Pondasi Hitam (1 Truk)\";s:5:\"price\";i:1020000;s:13:\"selling_price\";i:1200000;s:3:\"sku\";s:13:\"P.260502.HPDC\";s:8:\"quantity\";i:93;s:4:\"unit\";a:2:{s:6:\"symbol\";s:3:\"rit\";s:4:\"name\";s:3:\"Rit\";}}i:19;a:9:{s:5:\"value\";i:20;s:2:\"id\";i:20;s:4:\"text\";s:27:\"Batu Pondasi Putih (1 Truk)\";s:4:\"name\";s:27:\"Batu Pondasi Putih (1 Truk)\";s:5:\"price\";i:765000;s:13:\"selling_price\";i:900000;s:3:\"sku\";s:13:\"P.260502.QBPQ\";s:8:\"quantity\";i:84;s:4:\"unit\";a:2:{s:6:\"symbol\";s:3:\"rit\";s:4:\"name\";s:3:\"Rit\";}}i:20;a:9:{s:5:\"value\";i:21;s:2:\"id\";i:21;s:4:\"text\";s:21:\"Batu Split - Rata Bak\";s:4:\"name\";s:21:\"Batu Split - Rata Bak\";s:5:\"price\";i:1530000;s:13:\"selling_price\";i:1800000;s:3:\"sku\";s:13:\"P.260502.DBQR\";s:8:\"quantity\";i:48;s:4:\"unit\";a:2:{s:6:\"symbol\";s:3:\"rit\";s:4:\"name\";s:3:\"Rit\";}}i:21;a:9:{s:5:\"value\";i:22;s:2:\"id\";i:22;s:4:\"text\";s:21:\"Batu Split - Full Bak\";s:4:\"name\";s:21:\"Batu Split - Full Bak\";s:5:\"price\";i:1700000;s:13:\"selling_price\";i:2000000;s:3:\"sku\";s:13:\"P.260502.3T6C\";s:8:\"quantity\";i:62;s:4:\"unit\";a:2:{s:6:\"symbol\";s:3:\"rit\";s:4:\"name\";s:3:\"Rit\";}}i:22;a:9:{s:5:\"value\";i:23;s:2:\"id\";i:23;s:4:\"text\";s:19:\"Sirtu Urug (1 Truk)\";s:4:\"name\";s:19:\"Sirtu Urug (1 Truk)\";s:5:\"price\";i:595000;s:13:\"selling_price\";i:700000;s:3:\"sku\";s:13:\"P.260502.4XZF\";s:8:\"quantity\";i:62;s:4:\"unit\";a:2:{s:6:\"symbol\";s:3:\"rit\";s:4:\"name\";s:3:\"Rit\";}}i:23;a:9:{s:5:\"value\";i:24;s:2:\"id\";i:24;s:4:\"text\";s:19:\"Tanah Urug (1 Truk)\";s:4:\"name\";s:19:\"Tanah Urug (1 Truk)\";s:5:\"price\";i:467500;s:13:\"selling_price\";i:550000;s:3:\"sku\";s:13:\"P.260502.4TH2\";s:8:\"quantity\";i:66;s:4:\"unit\";a:2:{s:6:\"symbol\";s:3:\"rit\";s:4:\"name\";s:3:\"Rit\";}}i:24;a:9:{s:5:\"value\";i:25;s:2:\"id\";i:25;s:4:\"text\";s:16:\"Bata (K) - Kecil\";s:4:\"name\";s:16:\"Bata (K) - Kecil\";s:5:\"price\";i:638;s:13:\"selling_price\";i:750;s:3:\"sku\";s:13:\"P.260502.VSTH\";s:8:\"quantity\";i:93;s:4:\"unit\";a:2:{s:6:\"symbol\";s:3:\"pcs\";s:4:\"name\";s:3:\"Pcs\";}}i:25;a:9:{s:5:\"value\";i:26;s:2:\"id\";i:26;s:4:\"text\";s:17:\"Bata (S) - Sedang\";s:4:\"name\";s:17:\"Bata (S) - Sedang\";s:5:\"price\";i:808;s:13:\"selling_price\";i:950;s:3:\"sku\";s:13:\"P.260502.IKSS\";s:8:\"quantity\";i:26;s:4:\"unit\";a:2:{s:6:\"symbol\";s:3:\"pcs\";s:4:\"name\";s:3:\"Pcs\";}}i:26;a:9:{s:5:\"value\";i:27;s:2:\"id\";i:27;s:4:\"text\";s:16:\"Bata (B) - Besar\";s:4:\"name\";s:16:\"Bata (B) - Besar\";s:5:\"price\";i:850;s:13:\"selling_price\";i:1000;s:3:\"sku\";s:13:\"P.260502.6DPT\";s:8:\"quantity\";i:81;s:4:\"unit\";a:2:{s:6:\"symbol\";s:3:\"pcs\";s:4:\"name\";s:3:\"Pcs\";}}i:27;a:9:{s:5:\"value\";i:28;s:2:\"id\";i:28;s:4:\"text\";s:17:\"Triplek 3mm Tunas\";s:4:\"name\";s:17:\"Triplek 3mm Tunas\";s:5:\"price\";i:39100;s:13:\"selling_price\";i:46000;s:3:\"sku\";s:13:\"P.260502.3SEE\";s:8:\"quantity\";i:33;s:4:\"unit\";a:2:{s:6:\"symbol\";s:3:\"lbr\";s:4:\"name\";s:6:\"Lembar\";}}i:28;a:9:{s:5:\"value\";i:29;s:2:\"id\";i:29;s:4:\"text\";s:17:\"Triplek 4mm Tunas\";s:4:\"name\";s:17:\"Triplek 4mm Tunas\";s:5:\"price\";i:45475;s:13:\"selling_price\";i:53500;s:3:\"sku\";s:13:\"P.260502.ZCH3\";s:8:\"quantity\";i:97;s:4:\"unit\";a:2:{s:6:\"symbol\";s:3:\"lbr\";s:4:\"name\";s:6:\"Lembar\";}}i:29;a:9:{s:5:\"value\";i:30;s:2:\"id\";i:30;s:4:\"text\";s:17:\"Triplek 6mm Tunas\";s:4:\"name\";s:17:\"Triplek 6mm Tunas\";s:5:\"price\";i:57375;s:13:\"selling_price\";i:67500;s:3:\"sku\";s:13:\"P.260502.1YJR\";s:8:\"quantity\";i:22;s:4:\"unit\";a:2:{s:6:\"symbol\";s:3:\"lbr\";s:4:\"name\";s:6:\"Lembar\";}}i:30;a:9:{s:5:\"value\";i:31;s:2:\"id\";i:31;s:4:\"text\";s:14:\"Triplek 6mm MC\";s:4:\"name\";s:14:\"Triplek 6mm MC\";s:5:\"price\";i:80750;s:13:\"selling_price\";i:95000;s:3:\"sku\";s:13:\"P.260502.O2XV\";s:8:\"quantity\";i:89;s:4:\"unit\";a:2:{s:6:\"symbol\";s:3:\"lbr\";s:4:\"name\";s:6:\"Lembar\";}}i:31;a:9:{s:5:\"value\";i:32;s:2:\"id\";i:32;s:4:\"text\";s:14:\"Triplek 8mm MC\";s:4:\"name\";s:14:\"Triplek 8mm MC\";s:5:\"price\";i:69700;s:13:\"selling_price\";i:82000;s:3:\"sku\";s:13:\"P.260502.YULY\";s:8:\"quantity\";i:75;s:4:\"unit\";a:2:{s:6:\"symbol\";s:3:\"lbr\";s:4:\"name\";s:6:\"Lembar\";}}i:32;a:9:{s:5:\"value\";i:33;s:2:\"id\";i:33;s:4:\"text\";s:15:\"Triplek 12mm MC\";s:4:\"name\";s:15:\"Triplek 12mm MC\";s:5:\"price\";i:114750;s:13:\"selling_price\";i:135000;s:3:\"sku\";s:13:\"P.260502.XEAQ\";s:8:\"quantity\";i:83;s:4:\"unit\";a:2:{s:6:\"symbol\";s:3:\"lbr\";s:4:\"name\";s:6:\"Lembar\";}}i:33;a:9:{s:5:\"value\";i:34;s:2:\"id\";i:34;s:4:\"text\";s:15:\"Triplek 18mm MC\";s:4:\"name\";s:15:\"Triplek 18mm MC\";s:5:\"price\";i:178500;s:13:\"selling_price\";i:210000;s:3:\"sku\";s:13:\"P.260502.ZS5U\";s:8:\"quantity\";i:70;s:4:\"unit\";a:2:{s:6:\"symbol\";s:3:\"lbr\";s:4:\"name\";s:6:\"Lembar\";}}i:34;a:9:{s:5:\"value\";i:35;s:2:\"id\";i:35;s:4:\"text\";s:21:\"Triplek 9mm UT Better\";s:4:\"name\";s:21:\"Triplek 9mm UT Better\";s:5:\"price\";i:111350;s:13:\"selling_price\";i:131000;s:3:\"sku\";s:13:\"P.260502.PNO0\";s:8:\"quantity\";i:82;s:4:\"unit\";a:2:{s:6:\"symbol\";s:3:\"lbr\";s:4:\"name\";s:6:\"Lembar\";}}i:35;a:9:{s:5:\"value\";i:36;s:2:\"id\";i:36;s:4:\"text\";s:22:\"Triplek 12mm UT Better\";s:4:\"name\";s:22:\"Triplek 12mm UT Better\";s:5:\"price\";i:136000;s:13:\"selling_price\";i:160000;s:3:\"sku\";s:13:\"P.260502.M7JM\";s:8:\"quantity\";i:86;s:4:\"unit\";a:2:{s:6:\"symbol\";s:3:\"lbr\";s:4:\"name\";s:6:\"Lembar\";}}i:36;a:9:{s:5:\"value\";i:37;s:2:\"id\";i:37;s:4:\"text\";s:22:\"Triplek 15mm UT Better\";s:4:\"name\";s:22:\"Triplek 15mm UT Better\";s:5:\"price\";i:158950;s:13:\"selling_price\";i:187000;s:3:\"sku\";s:13:\"P.260502.NDBG\";s:8:\"quantity\";i:71;s:4:\"unit\";a:2:{s:6:\"symbol\";s:3:\"lbr\";s:4:\"name\";s:6:\"Lembar\";}}i:37;a:9:{s:5:\"value\";i:38;s:2:\"id\";i:38;s:4:\"text\";s:22:\"Triplek 18mm UT Better\";s:4:\"name\";s:22:\"Triplek 18mm UT Better\";s:5:\"price\";i:195500;s:13:\"selling_price\";i:230000;s:3:\"sku\";s:13:\"P.260502.XI40\";s:8:\"quantity\";i:21;s:4:\"unit\";a:2:{s:6:\"symbol\";s:3:\"lbr\";s:4:\"name\";s:6:\"Lembar\";}}i:38;a:9:{s:5:\"value\";i:39;s:2:\"id\";i:39;s:4:\"text\";s:16:\"Triplek 3mm Alba\";s:4:\"name\";s:16:\"Triplek 3mm Alba\";s:5:\"price\";i:36125;s:13:\"selling_price\";i:42500;s:3:\"sku\";s:13:\"P.260502.KHNY\";s:8:\"quantity\";i:12;s:4:\"unit\";a:2:{s:6:\"symbol\";s:3:\"lbr\";s:4:\"name\";s:6:\"Lembar\";}}i:39;a:9:{s:5:\"value\";i:40;s:2:\"id\";i:40;s:4:\"text\";s:16:\"Triplek 4mm Alba\";s:4:\"name\";s:16:\"Triplek 4mm Alba\";s:5:\"price\";i:44625;s:13:\"selling_price\";i:52500;s:3:\"sku\";s:13:\"P.260502.BJER\";s:8:\"quantity\";i:38;s:4:\"unit\";a:2:{s:6:\"symbol\";s:3:\"lbr\";s:4:\"name\";s:6:\"Lembar\";}}i:40;a:9:{s:5:\"value\";i:41;s:2:\"id\";i:41;s:4:\"text\";s:27:\"Triplek Melaminto Putih 3mm\";s:4:\"name\";s:27:\"Triplek Melaminto Putih 3mm\";s:5:\"price\";i:108375;s:13:\"selling_price\";i:127500;s:3:\"sku\";s:13:\"P.260502.PMYY\";s:8:\"quantity\";i:1;s:4:\"unit\";a:2:{s:6:\"symbol\";s:3:\"lbr\";s:4:\"name\";s:6:\"Lembar\";}}i:41;a:9:{s:5:\"value\";i:42;s:2:\"id\";i:42;s:4:\"text\";s:20:\"Triplek 15mm X Brasi\";s:4:\"name\";s:20:\"Triplek 15mm X Brasi\";s:5:\"price\";i:174250;s:13:\"selling_price\";i:205000;s:3:\"sku\";s:13:\"P.260502.FW0H\";s:8:\"quantity\";i:95;s:4:\"unit\";a:2:{s:6:\"symbol\";s:3:\"lbr\";s:4:\"name\";s:6:\"Lembar\";}}i:42;a:9:{s:5:\"value\";i:43;s:2:\"id\";i:43;s:4:\"text\";s:10:\"Terpal 2x3\";s:4:\"name\";s:10:\"Terpal 2x3\";s:5:\"price\";i:34000;s:13:\"selling_price\";i:40000;s:3:\"sku\";s:13:\"P.260502.NU57\";s:8:\"quantity\";i:90;s:4:\"unit\";a:2:{s:6:\"symbol\";s:3:\"pcs\";s:4:\"name\";s:3:\"Pcs\";}}i:43;a:9:{s:5:\"value\";i:44;s:2:\"id\";i:44;s:4:\"text\";s:10:\"Terpal 3x3\";s:4:\"name\";s:10:\"Terpal 3x3\";s:5:\"price\";i:51000;s:13:\"selling_price\";i:60000;s:3:\"sku\";s:13:\"P.260502.CPWN\";s:8:\"quantity\";i:43;s:4:\"unit\";a:2:{s:6:\"symbol\";s:3:\"pcs\";s:4:\"name\";s:3:\"Pcs\";}}i:44;a:9:{s:5:\"value\";i:45;s:2:\"id\";i:45;s:4:\"text\";s:10:\"Terpal 4x4\";s:4:\"name\";s:10:\"Terpal 4x4\";s:5:\"price\";i:79900;s:13:\"selling_price\";i:94000;s:3:\"sku\";s:13:\"P.260502.FYE0\";s:8:\"quantity\";i:18;s:4:\"unit\";a:2:{s:6:\"symbol\";s:3:\"pcs\";s:4:\"name\";s:3:\"Pcs\";}}i:45;a:9:{s:5:\"value\";i:46;s:2:\"id\";i:46;s:4:\"text\";s:10:\"Terpal 4x6\";s:4:\"name\";s:10:\"Terpal 4x6\";s:5:\"price\";i:116875;s:13:\"selling_price\";i:137500;s:3:\"sku\";s:13:\"P.260502.UWOI\";s:8:\"quantity\";i:43;s:4:\"unit\";a:2:{s:6:\"symbol\";s:3:\"pcs\";s:4:\"name\";s:3:\"Pcs\";}}i:46;a:9:{s:5:\"value\";i:47;s:2:\"id\";i:47;s:4:\"text\";s:10:\"Terpal 5x7\";s:4:\"name\";s:10:\"Terpal 5x7\";s:5:\"price\";i:165750;s:13:\"selling_price\";i:195000;s:3:\"sku\";s:13:\"P.260502.CROC\";s:8:\"quantity\";i:73;s:4:\"unit\";a:2:{s:6:\"symbol\";s:3:\"pcs\";s:4:\"name\";s:3:\"Pcs\";}}i:47;a:9:{s:5:\"value\";i:48;s:2:\"id\";i:48;s:4:\"text\";s:10:\"Terpal 5x6\";s:4:\"name\";s:10:\"Terpal 5x6\";s:5:\"price\";i:178500;s:13:\"selling_price\";i:210000;s:3:\"sku\";s:13:\"P.260502.HANF\";s:8:\"quantity\";i:34;s:4:\"unit\";a:2:{s:6:\"symbol\";s:3:\"pcs\";s:4:\"name\";s:3:\"Pcs\";}}i:48;a:9:{s:5:\"value\";i:49;s:2:\"id\";i:49;s:4:\"text\";s:23:\"Kuku Macan Fujimi (Dus)\";s:4:\"name\";s:23:\"Kuku Macan Fujimi (Dus)\";s:5:\"price\";i:106250;s:13:\"selling_price\";i:125000;s:3:\"sku\";s:13:\"P.260502.MKSB\";s:8:\"quantity\";i:91;s:4:\"unit\";a:2:{s:6:\"symbol\";s:3:\"dus\";s:4:\"name\";s:3:\"Dus\";}}i:49;a:9:{s:5:\"value\";i:50;s:2:\"id\";i:50;s:4:\"text\";s:25:\"Kuku Macan Fujimi (Meter)\";s:4:\"name\";s:25:\"Kuku Macan Fujimi (Meter)\";s:5:\"price\";i:6375;s:13:\"selling_price\";i:7500;s:3:\"sku\";s:13:\"P.260502.UBCC\";s:8:\"quantity\";i:58;s:4:\"unit\";a:2:{s:6:\"symbol\";s:1:\"m\";s:4:\"name\";s:5:\"Meter\";}}}s:28:\"\0*\0escapeWhenCastingToString\";b:0;}', 1777961497),
('laravel-cache-settings.currency_decimal_separator', 's:1:\",\";', 2093128286),
('laravel-cache-settings.currency_fraction_digits', 's:1:\"0\";', 2093128286),
('laravel-cache-settings.currency_position', 's:4:\"left\";', 2093128286),
('laravel-cache-settings.currency_symbol', 's:2:\"Rp\";', 2093128286),
('laravel-cache-settings.currency_thousand_separator', 's:1:\".\";', 2093128286),
('laravel-cache-settings.opening_balance_amount', 's:8:\"10000000\";', 2093152047),
('laravel-cache-settings.opening_balance_date', 's:10:\"2026-01-01\";', 2093152047),
('laravel-cache-settings.store_address', 's:42:\"Jl. Guntur Tarogong Kidul Garut Jawa Barat\";', 2093152047),
('laravel-cache-settings.store_name', 's:13:\"MBG Inventory\";', 2093152047),
('laravel-cache-settings.store_phone', 's:12:\"081234567890\";', 2093131649),
('laravel-cache-suppliers_search_d41d8cd98f00b204e9800998ecf8427e', 'O:29:\"Illuminate\\Support\\Collection\":2:{s:8:\"\0*\0items\";a:20:{i:0;a:2:{s:5:\"value\";i:1;s:4:\"text\";s:27:\"Lindgren Inc | 847.593.4493\";}i:1;a:2:{s:5:\"value\";i:2;s:4:\"text\";s:25:\"Lang LLC | (726) 940-7902\";}i:2;a:2:{s:5:\"value\";i:3;s:4:\"text\";s:50:\"Spencer, Kertzmann and Jakubowski | 1-904-783-5003\";}i:3;a:2:{s:5:\"value\";i:4;s:4:\"text\";s:31:\"Mosciski-Runte | (754) 714-3904\";}i:4;a:2:{s:5:\"value\";i:5;s:4:\"text\";s:29:\"Miller-Bartell | 315-917-7676\";}i:5;a:2:{s:5:\"value\";i:6;s:4:\"text\";s:31:\"Corwin-Huel | +1 (585) 858-9450\";}i:6;a:2:{s:5:\"value\";i:7;s:4:\"text\";s:42:\"Schiller, Rice and Wolff | +1-351-560-4227\";}i:7;a:2:{s:5:\"value\";i:8;s:4:\"text\";s:26:\"Grady Group | 323.981.4398\";}i:8;a:2:{s:5:\"value\";i:9;s:4:\"text\";s:32:\"Deckow and Sons | (351) 851-6638\";}i:9;a:2:{s:5:\"value\";i:10;s:4:\"text\";s:39:\"Christiansen and Sons | +1.440.662.7630\";}i:10;a:2:{s:5:\"value\";i:11;s:4:\"text\";s:43:\"Wiza, Aufderhar and Runte | +1.847.924.2589\";}i:11;a:2:{s:5:\"value\";i:12;s:4:\"text\";s:41:\"Gibson, Beier and Little | 1-214-493-2866\";}i:12;a:2:{s:5:\"value\";i:13;s:4:\"text\";s:22:\"Kub PLC | +16784673494\";}i:13;a:2:{s:5:\"value\";i:14;s:4:\"text\";s:33:\"Runolfsson-Pollich | 575.438.2903\";}i:14;a:2:{s:5:\"value\";i:15;s:4:\"text\";s:51:\"Spencer, Altenwerth and Quigley | +1 (262) 346-9395\";}i:15;a:2:{s:5:\"value\";i:16;s:4:\"text\";s:29:\"Monahan-Hand | (941) 786-9757\";}i:16;a:2:{s:5:\"value\";i:17;s:4:\"text\";s:39:\"Towne, Mertz and Pfeffer | 475-303-4261\";}i:17;a:2:{s:5:\"value\";i:18;s:4:\"text\";s:43:\"Windler, O\'Kon and Torp | +1 (386) 522-4494\";}i:18;a:2:{s:5:\"value\";i:19;s:4:\"text\";s:32:\"Witting-Ruecker | (564) 922-3030\";}i:19;a:2:{s:5:\"value\";i:20;s:4:\"text\";s:34:\"O\'Connell-Aufderhar | 716-884-5391\";}}s:28:\"\0*\0escapeWhenCastingToString\";b:0;}', 1777959795),
('laravel-cache-units_list_all', 'O:29:\"Illuminate\\Support\\Collection\":2:{s:8:\"\0*\0items\";a:10:{i:0;a:2:{s:5:\"value\";i:1;s:4:\"text\";s:9:\"Pcs (pcs)\";}i:1;a:2:{s:5:\"value\";i:2;s:4:\"text\";s:13:\"Kilogram (kg)\";}i:2;a:2:{s:5:\"value\";i:3;s:4:\"text\";s:9:\"Meter (m)\";}i:3;a:2:{s:5:\"value\";i:4;s:4:\"text\";s:12:\"Batang (btg)\";}i:4;a:2:{s:5:\"value\";i:5;s:4:\"text\";s:12:\"Lembar (lbr)\";}i:5;a:2:{s:5:\"value\";i:6;s:4:\"text\";s:9:\"Sak (sak)\";}i:6;a:2:{s:5:\"value\";i:7;s:4:\"text\";s:9:\"Dus (dus)\";}i:7;a:2:{s:5:\"value\";i:8;s:4:\"text\";s:11:\"Roll (roll)\";}i:8;a:2:{s:5:\"value\";i:9;s:4:\"text\";s:9:\"Rit (rit)\";}i:9;a:2:{s:5:\"value\";i:10;s:4:\"text\";s:11:\"Liter (ltr)\";}}s:28:\"\0*\0escapeWhenCastingToString\";b:0;}', 2093326716);

-- --------------------------------------------------------

--
-- Table structure for table `cache_locks`
--

CREATE TABLE `cache_locks` (
  `key` varchar(255) NOT NULL,
  `owner` varchar(255) NOT NULL,
  `expiration` int(11) NOT NULL
) ENGINE=InnoDB DEFAULT CHARSET=utf8mb4 COLLATE=utf8mb4_unicode_ci;

-- --------------------------------------------------------

--
-- Table structure for table `categories`
--

CREATE TABLE `categories` (
  `id` bigint(20) UNSIGNED NOT NULL,
  `name` varchar(100) NOT NULL,
  `slug` varchar(150) NOT NULL,
  `description` text DEFAULT NULL,
  `created_at` timestamp NULL DEFAULT NULL,
  `updated_at` timestamp NULL DEFAULT NULL
) ENGINE=InnoDB DEFAULT CHARSET=utf8mb4 COLLATE=utf8mb4_unicode_ci;

--
-- Dumping data for table `categories`
--

INSERT INTO `categories` (`id`, `name`, `slug`, `description`, `created_at`, `updated_at`) VALUES
(1, 'Material Dasar', 'material-dasar', 'Bahan bangunan utama seperti pasir, semen, batu, bata, hebel, dan besi beton.', '2026-05-02 15:58:08', '2026-05-02 15:58:08'),
(2, 'Kayu & Atap', 'kayu-atap', 'Material kayu, triplek, kaso, serta penutup atap seperti genteng, asbes, seng, dan terpal.', '2026-05-02 15:58:09', '2026-05-02 15:58:09'),
(3, 'Cat & Finishing', 'cat-finishing', 'Segala jenis cat (tembok/kayu/besi), thinner, pelapis anti bocor (no drop), dan lem.', '2026-05-02 15:58:09', '2026-05-02 15:58:09'),
(4, 'Lantai & Dinding', 'lantai-dinding', 'Penutup lantai dan dinding termasuk keramik, granit, plint, dan lis profil (kuku macan).', '2026-05-02 15:58:09', '2026-05-02 15:58:09'),
(5, 'Pipa & Listrik', 'pipa-listrik', 'Instalasi air (pipa PVC, kran, toren) dan instalasi listrik (kabel, lampu, saklar).', '2026-05-02 15:58:09', '2026-05-02 15:58:09'),
(6, 'Paku & Alat', 'paku-alat', 'Barang kecil/receh seperti paku, baut, sekrup, engsel, gembok, dan peralatan tukang.', '2026-05-02 15:58:09', '2026-05-02 15:58:09');

-- --------------------------------------------------------

--
-- Table structure for table `customers`
--

CREATE TABLE `customers` (
  `id` bigint(20) UNSIGNED NOT NULL,
  `name` varchar(255) NOT NULL,
  `email` varchar(255) DEFAULT NULL,
  `phone` varchar(255) DEFAULT NULL,
  `address` text DEFAULT NULL,
  `notes` text DEFAULT NULL,
  `created_at` timestamp NULL DEFAULT NULL,
  `updated_at` timestamp NULL DEFAULT NULL
) ENGINE=InnoDB DEFAULT CHARSET=utf8mb4 COLLATE=utf8mb4_unicode_ci;

--
-- Dumping data for table `customers`
--

INSERT INTO `customers` (`id`, `name`, `email`, `phone`, `address`, `notes`, `created_at`, `updated_at`) VALUES
(1, 'Darlene Raynor', 'kylee62@example.org', '+13617364525', '9791 Tyrique Underpass Suite 990\nMckennaborough, MT 85620', NULL, '2026-05-02 15:58:04', '2026-05-02 15:58:04'),
(2, 'Prof. Molly Baumbach', 'kylie66@example.org', '1-680-880-8959', '35784 Adan Radial\nSouth Darrel, OR 57938-9420', NULL, '2026-05-02 15:58:04', '2026-05-02 15:58:04'),
(3, 'Prof. Eusebio Herman', 'willa.bergstrom@example.com', '669-203-4274', '70355 Reginald Drive Suite 256\nLake Adolphus, NC 63267', NULL, '2026-05-02 15:58:04', '2026-05-02 15:58:04'),
(4, 'Andrew Smith', 'mfadel@example.net', '+1-689-209-6426', '9687 Serena Corners\nLake Katelynntown, CO 99464', 'Nihil qui eligendi dicta fuga nobis.', '2026-05-02 15:58:04', '2026-05-02 15:58:04'),
(5, 'Prof. Vicenta Kuhlman Jr.', 'daniela.kihn@example.com', '1-540-247-8633', '881 Keeling Valley Apt. 228\nFlorencefurt, WI 74124-7539', 'Molestiae quasi consequatur voluptatum facere temporibus.', '2026-05-02 15:58:04', '2026-05-02 15:58:04'),
(6, 'Lucy Howe IV', 'jermaine.grady@example.net', '(650) 952-1444', '3739 Gleichner Trafficway Apt. 792\nHeathcotestad, SC 71703-5367', NULL, '2026-05-02 15:58:04', '2026-05-02 15:58:04'),
(7, 'Katlynn Hettinger', 'alva.marks@example.com', '(847) 470-9777', '725 Valerie Mountain Apt. 743\nTraceshire, NE 98842', NULL, '2026-05-02 15:58:04', '2026-05-02 15:58:04'),
(8, 'Art Schaefer', 'claudia.ryan@example.org', '629-540-7515', '9978 Rice Land\nNew Bud, IA 81995-7283', 'Quasi fugit officiis suscipit vel sunt labore.', '2026-05-02 15:58:04', '2026-05-02 15:58:04'),
(9, 'Dr. Myron Casper DVM', 'cquigley@example.com', '937.459.6059', '1327 Bode Trail\nPort Lou, HI 31916', NULL, '2026-05-02 15:58:04', '2026-05-02 15:58:04'),
(10, 'Domenic Ondricka', 'frances.stiedemann@example.com', '781.778.5430', '539 Corkery Springs\nIsomview, ME 77952-7478', NULL, '2026-05-02 15:58:04', '2026-05-02 15:58:04'),
(11, 'Owen Kassulke I', 'wjakubowski@example.com', '1-281-824-5526', '8120 Cormier Vista\nPort Conor, WV 06796', NULL, '2026-05-02 15:58:04', '2026-05-02 15:58:04'),
(12, 'Elijah Wunsch', 'marie01@example.com', '252-666-1677', '913 Kautzer Drive\nRatketon, AL 67463-1716', 'Dolor quam earum omnis ratione et autem odit esse.', '2026-05-02 15:58:05', '2026-05-02 15:58:05'),
(13, 'Ms. Mathilde Mann', 'manuel60@example.org', '+13869161753', '405 Gibson Causeway Suite 196\nEvangelineport, KS 74851-2874', 'Nesciunt officia sunt ut ab dolor ut nobis id.', '2026-05-02 15:58:05', '2026-05-02 15:58:05'),
(14, 'Lorenza Weimann', 'john35@example.net', '+1-681-417-2426', '517 Lemke Plains\nPort Henriette, ME 03909', NULL, '2026-05-02 15:58:05', '2026-05-02 15:58:05'),
(15, 'Hollie Reichel', 'amos62@example.org', '1-205-664-0416', '383 Thompson Extension Suite 724\nPort Roelfort, IA 44142', 'Reiciendis et ipsa non id autem.', '2026-05-02 15:58:05', '2026-05-02 15:58:05'),
(16, 'Mr. Alexis Treutel III', 'danyka.kutch@example.net', '+1 (725) 465-9733', '3896 Friedrich Roads Suite 958\nWest Albert, NE 81536', 'Sit totam suscipit delectus quis sapiente et dolor ipsum.', '2026-05-02 15:58:05', '2026-05-02 15:58:05'),
(17, 'Marcelle Wolff', 'jones.jovanny@example.com', '1-540-653-9285', '36762 Cartwright Corners Apt. 968\nSierraview, MA 55269', NULL, '2026-05-02 15:58:05', '2026-05-02 15:58:05'),
(18, 'Maryse Ratke', 'keeling.elenor@example.org', '+1.870.387.1754', '92051 Abbott Wells Apt. 119\nArmandoside, PA 52555-4343', NULL, '2026-05-02 15:58:05', '2026-05-02 15:58:05'),
(19, 'Coralie Towne', 'king.lonny@example.com', '+1-620-514-9408', '96181 Olen Prairie Suite 171\nLake Eloisaside, AR 59650-9348', 'Voluptas totam quia possimus vel soluta.', '2026-05-02 15:58:05', '2026-05-02 15:58:05'),
(20, 'Roy Borer IV', 'rjakubowski@example.org', '262.265.2722', '673 Morar Spring\nFerryview, CO 74877-9486', NULL, '2026-05-02 15:58:05', '2026-05-02 15:58:05'),
(21, 'Ms. Dominique Nolan II', 'kelley.klocko@example.net', '520.200.4168', '13509 Stiedemann Field\nWest Darrionberg, NV 53470', NULL, '2026-05-02 15:58:05', '2026-05-02 15:58:05'),
(22, 'Andy Feil', 'alford25@example.org', '+12693418498', '9148 VonRueden Rue\nChelseaport, SD 57780', NULL, '2026-05-02 15:58:05', '2026-05-02 15:58:05'),
(23, 'Dr. Alford Haag', 'okon.ocie@example.net', '+18389963902', '60632 Bosco Harbors\nCornellburgh, OR 41289-1838', NULL, '2026-05-02 15:58:05', '2026-05-02 15:58:05'),
(24, 'Monty Schmitt', 'mkshlerin@example.net', '+1 (603) 822-5525', '590 Lynch Plaza\nPort Grace, AR 37895-7718', NULL, '2026-05-02 15:58:05', '2026-05-02 15:58:05'),
(25, 'Anastasia Pagac', 'mia.hoeger@example.net', '(630) 315-4608', '373 Cremin Fords\nWymanfort, MD 44080-0694', NULL, '2026-05-02 15:58:06', '2026-05-02 15:58:06');

-- --------------------------------------------------------

--
-- Table structure for table `failed_jobs`
--

CREATE TABLE `failed_jobs` (
  `id` bigint(20) UNSIGNED NOT NULL,
  `uuid` varchar(255) NOT NULL,
  `connection` text NOT NULL,
  `queue` text NOT NULL,
  `payload` longtext NOT NULL,
  `exception` longtext NOT NULL,
  `failed_at` timestamp NOT NULL DEFAULT current_timestamp()
) ENGINE=InnoDB DEFAULT CHARSET=utf8mb4 COLLATE=utf8mb4_unicode_ci;

-- --------------------------------------------------------

--
-- Table structure for table `finance_categories`
--

CREATE TABLE `finance_categories` (
  `id` bigint(20) UNSIGNED NOT NULL,
  `name` varchar(100) NOT NULL,
  `slug` varchar(150) NOT NULL,
  `type` varchar(255) NOT NULL DEFAULT 'expense',
  `description` text DEFAULT NULL,
  `created_at` timestamp NULL DEFAULT NULL,
  `updated_at` timestamp NULL DEFAULT NULL
) ENGINE=InnoDB DEFAULT CHARSET=utf8mb4 COLLATE=utf8mb4_unicode_ci;

--
-- Dumping data for table `finance_categories`
--

INSERT INTO `finance_categories` (`id`, `name`, `slug`, `type`, `description`, `created_at`, `updated_at`) VALUES
(1, 'Penjualan Produk', 'penjualan-produk', 'income', 'Pendapatan langsung dari penjualan produk toko.', '2026-05-02 15:58:17', '2026-05-02 15:58:17'),
(2, 'Layanan Jasa', 'layanan-jasa', 'income', 'Pendapatan dari layanan jasa service atau konsultasi.', '2026-05-02 15:58:17', '2026-05-02 15:58:17'),
(3, 'Investasi', 'investasi', 'income', 'Dividen atau bunga dari investasi modal.', '2026-05-02 15:58:17', '2026-05-02 15:58:17'),
(4, 'Pendapatan Lain-lain', 'pendapatan-lain-lain', 'income', 'Pendapatan di luar operasional utama.', '2026-05-02 15:58:18', '2026-05-02 15:58:18'),
(5, 'Gaji Karyawan', 'gaji-karyawan', 'expense', 'Biaya gaji bulanan dan tunjangan karyawan.', '2026-05-02 15:58:18', '2026-05-02 15:58:18'),
(6, 'Sewa Gedung', 'sewa-gedung', 'expense', 'Biaya sewa toko atau gudang operasional.', '2026-05-02 15:58:18', '2026-05-02 15:58:18'),
(7, 'Listrik & Air', 'listrik-air', 'expense', 'Tagihan utilitas bulanan.', '2026-05-02 15:58:18', '2026-05-02 15:58:18'),
(8, 'Internet & Telepon', 'internet-telepon', 'expense', 'Biaya komunikasi dan koneksi internet.', '2026-05-02 15:58:18', '2026-05-02 15:58:18'),
(9, 'Pemasaran & Iklan', 'pemasaran-iklan', 'expense', 'Biaya promosi, iklan sosial media, dan cetak.', '2026-05-02 15:58:18', '2026-05-02 15:58:18'),
(10, 'Perawatan & Perbaikan', 'perawatan-perbaikan', 'expense', 'Biaya maintenance aset dan peralatan.', '2026-05-02 15:58:18', '2026-05-02 15:58:18'),
(11, 'Transportasi & Logistik', 'transportasi-logistik', 'expense', 'Biaya bensin, pengiriman, dan perjalanan dinas.', '2026-05-02 15:58:18', '2026-05-02 15:58:18'),
(12, 'Pembelian Stok', 'pembelian-stok', 'expense', 'Biaya pembelian barang dagangan (HPP).', '2026-05-02 15:58:18', '2026-05-02 15:58:18'),
(13, 'Product Sales', 'product-sales', 'income', NULL, '2026-05-02 16:04:43', '2026-05-02 16:04:43'),
(14, 'Product Purchases', 'product-purchases', 'expense', NULL, '2026-05-02 16:52:00', '2026-05-02 16:52:00');

-- --------------------------------------------------------

--
-- Table structure for table `finance_transactions`
--

CREATE TABLE `finance_transactions` (
  `id` bigint(20) UNSIGNED NOT NULL,
  `code` varchar(255) NOT NULL,
  `transaction_date` date NOT NULL,
  `finance_category_id` bigint(20) UNSIGNED NOT NULL,
  `amount` bigint(20) NOT NULL,
  `description` text DEFAULT NULL,
  `external_reference` varchar(255) DEFAULT NULL,
  `created_by` bigint(20) UNSIGNED NOT NULL,
  `created_at` timestamp NULL DEFAULT NULL,
  `updated_at` timestamp NULL DEFAULT NULL,
  `reference_type` varchar(255) DEFAULT NULL,
  `reference_id` bigint(20) UNSIGNED DEFAULT NULL
) ENGINE=InnoDB DEFAULT CHARSET=utf8mb4 COLLATE=utf8mb4_unicode_ci;

--
-- Dumping data for table `finance_transactions`
--

INSERT INTO `finance_transactions` (`id`, `code`, `transaction_date`, `finance_category_id`, `amount`, `description`, `external_reference`, `created_by`, `created_at`, `updated_at`, `reference_type`, `reference_id`) VALUES
(1, 'INC.260502.RSDV', '2026-05-02', 13, 5337500, 'Sale Inv: INV.260502.0001 - Andrew Smith', 'INV.260502.0001', 1, '2026-05-02 16:04:43', '2026-05-02 16:04:43', 'App\\Models\\Sale', 1),
(2, 'INC.260502.YI7Y', '2026-05-02', 13, 13646000, 'Sale Inv: INV.260502.0002 - Maryse Ratke', 'INV.260502.0002', 1, '2026-05-02 16:31:37', '2026-05-02 16:31:37', 'App\\Models\\Sale', 2),
(3, 'EXP.260502.MEO4', '2026-05-02', 14, 6967450, 'Purchase Inv: INV20 - Corwin-Huel', 'INV20', 1, '2026-05-02 16:52:00', '2026-05-02 16:52:00', 'App\\Models\\Purchase', 3),
(4, 'INC.260503.V0VM', '2026-05-03', 13, 12773800, 'Sale Inv: INV.260503.0001 - Ms. Mathilde Mann', 'INV.260503.0001', 1, '2026-05-02 18:27:27', '2026-05-02 18:27:27', 'App\\Models\\Sale', 3),
(5, 'INC.260503.QRH0', '2026-05-03', 13, 20232000, 'Sale Inv: INV.260503.0002 - Prof. Vicenta Kuhlman Jr.', 'INV.260503.0002', 1, '2026-05-02 18:31:49', '2026-05-02 18:31:49', 'App\\Models\\Sale', 4),
(6, 'EXP.260503.S0MV', '2026-05-03', 14, 14835900, 'Purchase Inv: INV20260503 - Schiller, Rice and Wolff', 'INV20260503', 1, '2026-05-02 18:34:48', '2026-05-02 18:34:48', 'App\\Models\\Purchase', 4),
(7, 'INC.260503.E8JN', '2026-05-03', 13, 4032000, 'Sale Inv: INV.260503.0003 - Lorenza Weimann', 'INV.260503.0003', 1, '2026-05-02 18:36:33', '2026-05-02 18:36:33', 'App\\Models\\Sale', 5),
(8, 'INC.260503.QPLE', '2026-05-03', 13, 892500, 'Sale Inv: INV.260503.0004 - Coralie Towne', 'INV.260503.0004', 1, '2026-05-02 19:45:49', '2026-05-02 19:45:49', 'App\\Models\\Sale', 6),
(9, 'EXP.260505.XJBD', '2026-05-05', 14, 18354050, 'Purchase Inv: INV20260508 - Miller-Bartell', 'INV20260508', 1, '2026-05-04 19:37:13', '2026-05-04 19:37:13', 'App\\Models\\Purchase', 5),
(10, 'EXP.260505.WCFW', '2026-05-05', 14, 5228350, 'Purchase Inv: INV200000 - Corwin-Huel', 'INV200000', 1, '2026-05-04 20:01:40', '2026-05-04 20:01:40', 'App\\Models\\Purchase', 6),
(11, 'INC.260505.G3PD', '2026-05-05', 13, 81141000, 'Sale Inv: INV.260505.0001 - Roy Borer IV', 'INV.260505.0001', 1, '2026-05-04 21:36:32', '2026-05-04 21:36:32', 'App\\Models\\Sale', 7),
(12, 'INC.260505.PPLM', '2026-05-05', 13, 3500000, 'Sale Inv: INV.260505.0002 - Maryse Ratke', 'INV.260505.0002', 1, '2026-05-04 22:27:02', '2026-05-04 22:27:02', 'App\\Models\\Sale', 8),
(13, 'INC.260505.AJO9', '2026-05-05', 13, 1090000, 'Sale Inv: INV.260505.0003 - Art Schaefer', 'INV.260505.0003', 1, '2026-05-04 22:36:46', '2026-05-04 22:36:46', 'App\\Models\\Sale', 9),
(14, 'EXP.260505.LUBC', '2026-05-05', 14, 2142000, 'Purchase Inv: INV20260505P - Towne, Mertz and Pfeffer', 'INV20260505P', 1, '2026-05-04 22:39:39', '2026-05-04 22:39:39', 'App\\Models\\Purchase', 7),
(15, 'INC.260505.AFU3', '2026-05-05', 13, 22291000, 'Sale Inv: INV.260505.0005 - Guest', 'INV.260505.0005', 1, '2026-05-04 23:09:48', '2026-05-04 23:09:48', 'App\\Models\\Sale', 15);

-- --------------------------------------------------------

--
-- Table structure for table `jobs`
--

CREATE TABLE `jobs` (
  `id` bigint(20) UNSIGNED NOT NULL,
  `queue` varchar(255) NOT NULL,
  `payload` longtext NOT NULL,
  `attempts` tinyint(3) UNSIGNED NOT NULL,
  `reserved_at` int(10) UNSIGNED DEFAULT NULL,
  `available_at` int(10) UNSIGNED NOT NULL,
  `created_at` int(10) UNSIGNED NOT NULL
) ENGINE=InnoDB DEFAULT CHARSET=utf8mb4 COLLATE=utf8mb4_unicode_ci;

-- --------------------------------------------------------

--
-- Table structure for table `job_batches`
--

CREATE TABLE `job_batches` (
  `id` varchar(255) NOT NULL,
  `name` varchar(255) NOT NULL,
  `total_jobs` int(11) NOT NULL,
  `pending_jobs` int(11) NOT NULL,
  `failed_jobs` int(11) NOT NULL,
  `failed_job_ids` longtext NOT NULL,
  `options` mediumtext DEFAULT NULL,
  `cancelled_at` int(11) DEFAULT NULL,
  `created_at` int(11) NOT NULL,
  `finished_at` int(11) DEFAULT NULL
) ENGINE=InnoDB DEFAULT CHARSET=utf8mb4 COLLATE=utf8mb4_unicode_ci;

-- --------------------------------------------------------

--
-- Table structure for table `migrations`
--

CREATE TABLE `migrations` (
  `id` int(10) UNSIGNED NOT NULL,
  `migration` varchar(255) NOT NULL,
  `batch` int(11) NOT NULL
) ENGINE=InnoDB DEFAULT CHARSET=utf8mb4 COLLATE=utf8mb4_unicode_ci;

--
-- Dumping data for table `migrations`
--

INSERT INTO `migrations` (`id`, `migration`, `batch`) VALUES
(1, '0001_01_01_000000_create_users_table', 1),
(2, '0001_01_01_000001_create_cache_table', 1),
(3, '0001_01_01_000002_create_jobs_table', 1),
(4, '2026_01_06_142223_create_customers_table', 1),
(5, '2026_01_07_023726_create_suppliers_table', 1),
(6, '2026_01_07_043653_create_units_table', 1),
(7, '2026_01_07_055728_create_categories_table', 1),
(8, '2026_01_07_062203_create_products_table', 1),
(9, '2026_01_07_081258_create_purchases_table', 1),
(10, '2026_01_07_081259_create_purchase_items_table', 1),
(11, '2026_01_08_030943_create_sales_table', 1),
(12, '2026_01_08_030944_create_sale_items_table', 1),
(13, '2026_02_02_072243_create_finance_categories_table', 1),
(14, '2026_02_02_102421_create_finance_transactions_table', 1),
(15, '2026_02_03_033839_create_settings_table', 1),
(16, '2026_02_03_124644_add_polymorphic_reference_to_finance_transactions_table', 1),
(17, '2026_02_19_064807_add_global_discount_to_sales_table', 1),
(18, '2026_05_03_153430_create_notifications_table', 2);

-- --------------------------------------------------------

--
-- Table structure for table `notifications`
--

CREATE TABLE `notifications` (
  `id` char(36) NOT NULL,
  `type` varchar(255) NOT NULL,
  `notifiable_type` varchar(255) NOT NULL,
  `notifiable_id` bigint(20) UNSIGNED NOT NULL,
  `data` text NOT NULL,
  `read_at` timestamp NULL DEFAULT NULL,
  `created_at` timestamp NULL DEFAULT NULL,
  `updated_at` timestamp NULL DEFAULT NULL
) ENGINE=InnoDB DEFAULT CHARSET=utf8mb4 COLLATE=utf8mb4_unicode_ci;

-- --------------------------------------------------------

--
-- Table structure for table `password_reset_tokens`
--

CREATE TABLE `password_reset_tokens` (
  `email` varchar(255) NOT NULL,
  `token` varchar(255) NOT NULL,
  `created_at` timestamp NULL DEFAULT NULL
) ENGINE=InnoDB DEFAULT CHARSET=utf8mb4 COLLATE=utf8mb4_unicode_ci;

-- --------------------------------------------------------

--
-- Table structure for table `products`
--

CREATE TABLE `products` (
  `id` bigint(20) UNSIGNED NOT NULL,
  `category_id` bigint(20) UNSIGNED NOT NULL,
  `unit_id` bigint(20) UNSIGNED NOT NULL,
  `sku` varchar(50) NOT NULL,
  `name` varchar(150) NOT NULL,
  `purchase_price` bigint(20) NOT NULL,
  `selling_price` bigint(20) NOT NULL,
  `quantity` int(11) NOT NULL DEFAULT 0,
  `min_stock` int(11) NOT NULL DEFAULT 0,
  `is_active` tinyint(1) NOT NULL DEFAULT 1,
  `description` text DEFAULT NULL,
  `tanggal` date NOT NULL DEFAULT current_timestamp(),
  `notes` text DEFAULT NULL,
  `created_at` timestamp NULL DEFAULT NULL,
  `updated_at` timestamp NULL DEFAULT NULL
) ENGINE=InnoDB DEFAULT CHARSET=utf8mb4 COLLATE=utf8mb4_unicode_ci;

--
-- Dumping data for table `products`
--

INSERT INTO `products` (`id`, `category_id`, `unit_id`, `sku`, `name`, `purchase_price`, `selling_price`, `quantity`, `min_stock`, `is_active`, `description`, `tanggal`, `notes`, `created_at`, `updated_at`) VALUES
(1, 1, 6, 'P.260502.9AZL', 'Semen Tiga Roda (50kg)', 59500, 70000, 38, 5, 1, 'Stok tersedia untuk Semen Tiga Roda (50kg)', '2026-05-05', NULL, '2026-05-02 15:58:09', '2026-05-04 23:38:10'),
(2, 1, 6, 'P.260502.WZ8P', 'Semen Dynamix (50kg)', 55250, 65000, 49, 5, 1, 'Stok tersedia untuk Semen Dynamix (50kg)', '2026-05-05', NULL, '2026-05-02 15:58:09', '2026-05-04 22:36:46'),
(3, 1, 6, 'P.260502.A4JD', 'Semen Rajawali (50kg)', 50150, 59000, 73, 5, 1, 'Stok tersedia untuk Semen Rajawali (50kg)', '2026-05-05', NULL, '2026-05-02 15:58:09', '2026-05-04 21:36:32'),
(4, 1, 6, 'P.260502.RBED', 'Semen Merdeka (50kg)', 45475, 53500, 54, 5, 1, 'Stok tersedia untuk Semen Merdeka (50kg)', '2026-05-05', NULL, '2026-05-02 15:58:10', '2026-05-04 21:36:32'),
(5, 1, 6, 'P.260502.RHXK', 'Semen Best (50kg)', 44200, 52000, 97, 5, 1, 'Stok tersedia untuk Semen Best (50kg)', '2026-05-05', NULL, '2026-05-02 15:58:10', '2026-05-04 19:37:06'),
(6, 1, 6, 'P.260502.6T4Q', 'Acian TR-30 Tiga Roda (40kg)', 93500, 110000, 23, 5, 1, 'Stok tersedia untuk Acian TR-30 Tiga Roda (40kg)', '2026-05-05', NULL, '2026-05-02 15:58:10', '2026-05-04 21:36:32'),
(7, 1, 6, 'P.260502.RXWU', 'Semen Putih Tiga Roda (40kg)', 93500, 110000, 44, 5, 1, 'Stok tersedia untuk Semen Putih Tiga Roda (40kg)', '2026-05-05', NULL, '2026-05-02 15:58:10', '2026-05-02 16:04:43'),
(8, 1, 6, 'P.260502.KPMV', 'Semen Hebel SCG (40kg)', 55250, 65000, 87, 5, 1, 'Stok tersedia untuk Semen Hebel SCG (40kg)', '2026-05-05', NULL, '2026-05-02 15:58:10', '2026-05-02 15:58:10'),
(9, 1, 6, 'P.260502.C0VD', 'Acian Plester Putih Maxson MC-270', 53125, 62500, 80, 5, 1, 'Stok tersedia untuk Acian Plester Putih Maxson MC-270', '2026-05-05', NULL, '2026-05-02 15:58:10', '2026-05-02 18:31:49'),
(10, 1, 6, 'P.260502.GW7J', 'Casting / Tepung Gipsum (20kg)', 31450, 37000, 26, 5, 1, 'Stok tersedia untuk Casting / Tepung Gipsum (20kg)', '2026-05-05', NULL, '2026-05-02 15:58:10', '2026-05-04 19:37:06'),
(11, 1, 6, 'P.260502.NTCI', 'Kapur Mill (20kg)', 15300, 18000, 74, 5, 1, 'Stok tersedia untuk Kapur Mill (20kg)', '2026-05-05', NULL, '2026-05-02 15:58:10', '2026-05-02 15:58:10'),
(12, 1, 6, 'P.260502.JONS', 'Kompon A+ (20kg)', 51000, 60000, 26, 5, 1, 'Stok tersedia untuk Kompon A+ (20kg)', '2026-05-05', NULL, '2026-05-02 15:58:10', '2026-05-02 18:27:27'),
(13, 1, 6, 'P.260502.ZGAX', 'TR-15 Tiga Roda Perekat Hebel (40kg)', 68000, 80000, 18, 5, 1, 'Stok tersedia untuk TR-15 Tiga Roda Perekat Hebel (40kg)', '2026-05-05', NULL, '2026-05-02 15:58:10', '2026-05-02 15:58:10'),
(14, 1, 6, 'P.260502.3S3R', 'TR-20 Tiga Roda Plester Hebel (40kg)', 68000, 80000, 53, 5, 1, 'Stok tersedia untuk TR-20 Tiga Roda Plester Hebel (40kg)', '2026-05-05', NULL, '2026-05-02 15:58:10', '2026-05-04 20:01:35'),
(15, 1, 6, 'P.260502.VZSM', 'MU-301 Tiga Roda Plester Hebel (40kg)', 82450, 97000, 4, 5, 1, 'Stok tersedia untuk MU-301 Tiga Roda Plester Hebel (40kg)', '2026-05-05', NULL, '2026-05-02 15:58:10', '2026-05-04 23:09:48'),
(16, 1, 9, 'P.260502.GUZK', 'Pasir Jumbo (1 Truk)', 935000, 1100000, 56, 5, 1, 'Stok tersedia untuk Pasir Jumbo (1 Truk)', '2026-05-05', NULL, '2026-05-02 15:58:11', '2026-05-04 19:37:06'),
(17, 1, 9, 'P.260502.4FWM', 'Pasir Cor (1 Truk)', 1147500, 1350000, 50, 5, 1, 'Stok tersedia untuk Pasir Cor (1 Truk)', '2026-05-05', NULL, '2026-05-02 15:58:11', '2026-05-04 21:36:32'),
(18, 1, 9, 'P.260502.DP5N', 'Pasir Cuci (1 Truk)', 1275000, 1500000, 93, 5, 1, 'Stok tersedia untuk Pasir Cuci (1 Truk)', '2026-05-05', NULL, '2026-05-02 15:58:11', '2026-05-04 21:36:32'),
(19, 1, 9, 'P.260502.HPDC', 'Batu Pondasi Hitam (1 Truk)', 1020000, 1200000, 93, 5, 1, 'Stok tersedia untuk Batu Pondasi Hitam (1 Truk)', '2026-05-05', NULL, '2026-05-02 15:58:11', '2026-05-04 21:36:32'),
(20, 1, 9, 'P.260502.QBPQ', 'Batu Pondasi Putih (1 Truk)', 765000, 900000, 84, 5, 1, 'Stok tersedia untuk Batu Pondasi Putih (1 Truk)', '2026-05-05', NULL, '2026-05-02 15:58:11', '2026-05-02 18:34:42'),
(21, 1, 9, 'P.260502.DBQR', 'Batu Split - Rata Bak', 1530000, 1800000, 48, 5, 1, 'Stok tersedia untuk Batu Split - Rata Bak', '2026-05-05', NULL, '2026-05-02 15:58:11', '2026-05-04 21:36:32'),
(22, 1, 9, 'P.260502.3T6C', 'Batu Split - Full Bak', 1700000, 2000000, 51, 5, 1, 'Stok tersedia untuk Batu Split - Full Bak', '2026-05-05', NULL, '2026-05-02 15:58:12', '2026-05-04 23:09:48'),
(23, 1, 9, 'P.260502.4XZF', 'Sirtu Urug (1 Truk)', 595000, 700000, 62, 5, 1, 'Stok tersedia untuk Sirtu Urug (1 Truk)', '2026-05-05', NULL, '2026-05-02 15:58:12', '2026-05-04 20:01:35'),
(24, 1, 9, 'P.260502.4TH2', 'Tanah Urug (1 Truk)', 467500, 550000, 66, 5, 1, 'Stok tersedia untuk Tanah Urug (1 Truk)', '2026-05-05', NULL, '2026-05-02 15:58:12', '2026-05-02 16:51:54'),
(25, 1, 1, 'P.260502.VSTH', 'Bata (K) - Kecil', 638, 750, 93, 5, 1, 'Stok tersedia untuk Bata (K) - Kecil', '2026-05-05', NULL, '2026-05-02 15:58:12', '2026-05-02 15:58:12'),
(26, 1, 1, 'P.260502.IKSS', 'Bata (S) - Sedang', 808, 950, 26, 5, 1, 'Stok tersedia untuk Bata (S) - Sedang', '2026-05-05', NULL, '2026-05-02 15:58:12', '2026-05-02 18:27:27'),
(27, 1, 1, 'P.260502.6DPT', 'Bata (B) - Besar', 850, 1000, 81, 5, 1, 'Stok tersedia untuk Bata (B) - Besar', '2026-05-05', NULL, '2026-05-02 15:58:12', '2026-05-02 18:31:49'),
(28, 2, 5, 'P.260502.3SEE', 'Triplek 3mm Tunas', 39100, 46000, 33, 5, 1, 'Stok tersedia untuk Triplek 3mm Tunas', '2026-05-05', NULL, '2026-05-02 15:58:12', '2026-05-02 15:58:12'),
(29, 2, 5, 'P.260502.ZCH3', 'Triplek 4mm Tunas', 45475, 53500, 97, 5, 1, 'Stok tersedia untuk Triplek 4mm Tunas', '2026-05-05', NULL, '2026-05-02 15:58:12', '2026-05-02 15:58:12'),
(30, 2, 5, 'P.260502.1YJR', 'Triplek 6mm Tunas', 57375, 67500, 22, 5, 1, 'Stok tersedia untuk Triplek 6mm Tunas', '2026-05-05', NULL, '2026-05-02 15:58:12', '2026-05-02 18:34:42'),
(31, 2, 5, 'P.260502.O2XV', 'Triplek 6mm MC', 80750, 95000, 89, 5, 1, 'Stok tersedia untuk Triplek 6mm MC', '2026-05-05', NULL, '2026-05-02 15:58:12', '2026-05-02 16:31:36'),
(32, 2, 5, 'P.260502.YULY', 'Triplek 8mm MC', 69700, 82000, 75, 5, 1, 'Stok tersedia untuk Triplek 8mm MC', '2026-05-05', NULL, '2026-05-02 15:58:12', '2026-05-02 16:51:54'),
(33, 2, 5, 'P.260502.XEAQ', 'Triplek 12mm MC', 114750, 135000, 83, 5, 1, 'Stok tersedia untuk Triplek 12mm MC', '2026-05-05', NULL, '2026-05-02 15:58:12', '2026-05-02 16:31:36'),
(34, 2, 5, 'P.260502.ZS5U', 'Triplek 18mm MC', 178500, 210000, 70, 5, 1, 'Stok tersedia untuk Triplek 18mm MC', '2026-05-05', NULL, '2026-05-02 15:58:13', '2026-05-02 18:27:27'),
(35, 2, 5, 'P.260502.PNO0', 'Triplek 9mm UT Better', 111350, 131000, 82, 5, 1, 'Stok tersedia untuk Triplek 9mm UT Better', '2026-05-05', NULL, '2026-05-02 15:58:13', '2026-05-04 20:01:35'),
(36, 2, 5, 'P.260502.M7JM', 'Triplek 12mm UT Better', 136000, 160000, 86, 5, 1, 'Stok tersedia untuk Triplek 12mm UT Better', '2026-05-05', NULL, '2026-05-02 15:58:13', '2026-05-02 15:58:13'),
(37, 2, 5, 'P.260502.NDBG', 'Triplek 15mm UT Better', 158950, 187000, 71, 5, 1, 'Stok tersedia untuk Triplek 15mm UT Better', '2026-05-05', NULL, '2026-05-02 15:58:13', '2026-05-02 15:58:13'),
(38, 2, 5, 'P.260502.XI40', 'Triplek 18mm UT Better', 195500, 230000, 21, 5, 1, 'Stok tersedia untuk Triplek 18mm UT Better', '2026-05-05', NULL, '2026-05-02 15:58:13', '2026-05-02 15:58:13'),
(39, 2, 5, 'P.260502.KHNY', 'Triplek 3mm Alba', 36125, 42500, 12, 5, 1, 'Stok tersedia untuk Triplek 3mm Alba', '2026-05-05', NULL, '2026-05-02 15:58:13', '2026-05-02 15:58:13'),
(40, 2, 5, 'P.260502.BJER', 'Triplek 4mm Alba', 44625, 52500, 38, 5, 1, 'Stok tersedia untuk Triplek 4mm Alba', '2026-05-05', NULL, '2026-05-02 15:58:13', '2026-05-02 18:27:27'),
(41, 2, 5, 'P.260502.PMYY', 'Triplek Melaminto Putih 3mm', 108375, 127500, 1, 5, 1, 'Stok tersedia untuk Triplek Melaminto Putih 3mm', '2026-05-05', NULL, '2026-05-02 15:58:13', '2026-05-02 19:45:48'),
(42, 2, 5, 'P.260502.FW0H', 'Triplek 15mm X Brasi', 174250, 205000, 95, 5, 1, 'Stok tersedia untuk Triplek 15mm X Brasi', '2026-05-05', NULL, '2026-05-02 15:58:13', '2026-05-02 16:31:36'),
(43, 2, 1, 'P.260502.NU57', 'Terpal 2x3', 34000, 40000, 90, 5, 1, 'Stok tersedia untuk Terpal 2x3', '2026-05-05', NULL, '2026-05-02 15:58:13', '2026-05-02 16:51:54'),
(44, 2, 1, 'P.260502.CPWN', 'Terpal 3x3', 51000, 60000, 43, 5, 1, 'Stok tersedia untuk Terpal 3x3', '2026-05-05', NULL, '2026-05-02 15:58:13', '2026-05-02 15:58:13'),
(45, 2, 1, 'P.260502.FYE0', 'Terpal 4x4', 79900, 94000, 18, 5, 1, 'Stok tersedia untuk Terpal 4x4', '2026-05-05', NULL, '2026-05-02 15:58:13', '2026-05-04 20:01:35'),
(46, 2, 1, 'P.260502.UWOI', 'Terpal 4x6', 116875, 137500, 43, 5, 1, 'Stok tersedia untuk Terpal 4x6', '2026-05-05', NULL, '2026-05-02 15:58:13', '2026-05-02 18:27:27'),
(47, 2, 1, 'P.260502.CROC', 'Terpal 5x7', 165750, 195000, 73, 5, 1, 'Stok tersedia untuk Terpal 5x7', '2026-05-05', NULL, '2026-05-02 15:58:13', '2026-05-02 16:04:43'),
(48, 2, 1, 'P.260502.HANF', 'Terpal 5x6', 178500, 210000, 34, 5, 1, 'Stok tersedia untuk Terpal 5x6', '2026-05-05', NULL, '2026-05-02 15:58:13', '2026-05-04 21:36:32'),
(49, 4, 7, 'P.260502.MKSB', 'Kuku Macan Fujimi (Dus)', 106250, 125000, 91, 5, 1, 'Stok tersedia untuk Kuku Macan Fujimi (Dus)', '2026-05-05', NULL, '2026-05-02 15:58:13', '2026-05-04 20:01:35'),
(50, 4, 3, 'P.260502.UBCC', 'Kuku Macan Fujimi (Meter)', 6375, 7500, 58, 5, 1, 'Stok tersedia untuk Kuku Macan Fujimi (Meter)', '2026-05-05', NULL, '2026-05-02 15:58:14', '2026-05-04 21:36:32'),
(51, 4, 7, 'P.260502.K8X9', 'Kuku Macan Viva (Dus)', 63750, 75000, 21, 5, 1, 'Stok tersedia untuk Kuku Macan Viva (Dus)', '2026-05-05', NULL, '2026-05-02 15:58:14', '2026-05-02 15:58:14'),
(52, 4, 3, 'P.260502.VPKY', 'Kuku Macan Viva (Meter)', 4250, 5000, 56, 5, 1, 'Stok tersedia untuk Kuku Macan Viva (Meter)', '2026-05-05', NULL, '2026-05-02 15:58:14', '2026-05-02 15:58:14'),
(53, 4, 7, 'P.260502.6ZRX', 'Kuku Macan Marbel KW (Dus)', 140250, 165000, 89, 5, 1, 'Stok tersedia untuk Kuku Macan Marbel KW (Dus)', '2026-05-05', NULL, '2026-05-02 15:58:14', '2026-05-02 15:58:14'),
(54, 4, 3, 'P.260502.CMHC', 'Kuku Macan Marbel KW (Meter)', 8500, 10000, 73, 5, 1, 'Stok tersedia untuk Kuku Macan Marbel KW (Meter)', '2026-05-05', NULL, '2026-05-02 15:58:14', '2026-05-02 15:58:14'),
(55, 4, 7, 'P.260502.BK2V', 'Kuku Macan Silver/Gold (Dus)', 140250, 165000, 30, 5, 1, 'Stok tersedia untuk Kuku Macan Silver/Gold (Dus)', '2026-05-05', NULL, '2026-05-02 15:58:14', '2026-05-02 15:58:14'),
(56, 4, 3, 'P.260502.RCAL', 'Kuku Macan Silver/Gold (Meter)', 8500, 10000, 70, 5, 1, 'Stok tersedia untuk Kuku Macan Silver/Gold (Meter)', '2026-05-05', NULL, '2026-05-02 15:58:14', '2026-05-02 15:58:14'),
(57, 3, 6, 'P.260502.8DZQ', 'Lemkra 5kg 101 (Pasang Kramik)', 34000, 40000, 74, 5, 1, 'Stok tersedia untuk Lemkra 5kg 101 (Pasang Kramik)', '2026-05-05', NULL, '2026-05-02 15:58:14', '2026-05-02 15:58:14'),
(58, 3, 6, 'P.260502.ZVKN', 'Lemkra 5kg 111 (Dinding)', 38250, 45000, 74, 5, 1, 'Stok tersedia untuk Lemkra 5kg 111 (Dinding)', '2026-05-05', NULL, '2026-05-02 15:58:14', '2026-05-02 15:58:14'),
(59, 3, 6, 'P.260502.2OD2', 'Lemkra 5kg 105 (Beton)', 59500, 70000, 45, 5, 1, 'Stok tersedia untuk Lemkra 5kg 105 (Beton)', '2026-05-05', NULL, '2026-05-02 15:58:14', '2026-05-02 15:58:14'),
(60, 2, 4, 'P.260502.U3WN', 'Lis Gipsum 13cm - Mata Sapi', 14025, 16500, 72, 5, 1, 'Stok tersedia untuk Lis Gipsum 13cm - Mata Sapi', '2026-05-05', NULL, '2026-05-02 15:58:14', '2026-05-02 15:58:14'),
(61, 2, 4, 'P.260502.20QL', 'Lis Gipsum 13cm - Mawar Besar', 14025, 16500, 88, 5, 1, 'Stok tersedia untuk Lis Gipsum 13cm - Mawar Besar', '2026-05-05', NULL, '2026-05-02 15:58:15', '2026-05-02 15:58:15'),
(62, 2, 4, 'P.260502.Q81W', 'Lis Gipsum 13cm - Tombak Besar', 14025, 16500, 25, 5, 1, 'Stok tersedia untuk Lis Gipsum 13cm - Tombak Besar', '2026-05-05', NULL, '2026-05-02 15:58:15', '2026-05-02 15:58:15'),
(63, 2, 4, 'P.260502.7CSO', 'Lis Gipsum 12cm - Minimalis Besar', 12750, 15000, 25, 5, 1, 'Stok tersedia untuk Lis Gipsum 12cm - Minimalis Besar', '2026-05-05', NULL, '2026-05-02 15:58:15', '2026-05-02 15:58:15'),
(64, 2, 4, 'P.260502.Y6PY', 'Lis Gipsum 12cm - Kangkung', 12750, 15000, 80, 5, 1, 'Stok tersedia untuk Lis Gipsum 12cm - Kangkung', '2026-05-05', NULL, '2026-05-02 15:58:15', '2026-05-02 15:58:15'),
(65, 2, 4, 'P.260502.6LTI', 'Lis Gipsum 12cm - Kupat', 12750, 15000, 67, 5, 1, 'Stok tersedia untuk Lis Gipsum 12cm - Kupat', '2026-05-05', NULL, '2026-05-02 15:58:15', '2026-05-02 15:58:15'),
(66, 2, 4, 'P.260502.QACW', 'Lis Gipsum 12cm - Bendera', 12750, 15000, 18, 5, 1, 'Stok tersedia untuk Lis Gipsum 12cm - Bendera', '2026-05-05', NULL, '2026-05-02 15:58:15', '2026-05-02 15:58:15'),
(67, 2, 4, 'P.260502.ZXJU', 'Lis Gipsum 8cm - Minimalis Kecil', 11050, 13000, 64, 5, 1, 'Stok tersedia untuk Lis Gipsum 8cm - Minimalis Kecil', '2026-05-05', NULL, '2026-05-02 15:58:15', '2026-05-02 15:58:15'),
(68, 2, 4, 'P.260502.FOGV', 'Lis Gipsum 8cm - Renda', 11050, 13000, 49, 5, 1, 'Stok tersedia untuk Lis Gipsum 8cm - Renda', '2026-05-05', NULL, '2026-05-02 15:58:15', '2026-05-02 15:58:15'),
(69, 2, 4, 'P.260502.ZEBP', 'Lis Gipsum 8cm - Piano', 11050, 13000, 26, 5, 1, 'Stok tersedia untuk Lis Gipsum 8cm - Piano', '2026-05-05', NULL, '2026-05-02 15:58:15', '2026-05-02 15:58:15'),
(70, 2, 4, 'P.260502.PD6U', 'Lis Biding 5cm - Polos Kecil', 11050, 13000, 62, 5, 1, 'Stok tersedia untuk Lis Biding 5cm - Polos Kecil', '2026-05-05', NULL, '2026-05-02 15:58:15', '2026-05-02 15:58:15'),
(71, 2, 4, 'P.260502.ZA9N', 'Lis Biding 5cm - Tambang', 11050, 13000, 100, 5, 1, 'Stok tersedia untuk Lis Biding 5cm - Tambang', '2026-05-05', NULL, '2026-05-02 15:58:16', '2026-05-02 15:58:16'),
(72, 2, 4, 'P.260502.VNX9', 'Lis Biding 5cm - Melati', 11050, 13000, 19, 5, 1, 'Stok tersedia untuk Lis Biding 5cm - Melati', '2026-05-05', NULL, '2026-05-02 15:58:16', '2026-05-02 15:58:16'),
(73, 2, 1, 'P.260502.EZHR', 'Tabok Lampu - Bulat Kecil', 34000, 40000, 33, 5, 1, 'Stok tersedia untuk Tabok Lampu - Bulat Kecil', '2026-05-05', NULL, '2026-05-02 15:58:16', '2026-05-02 15:58:16'),
(74, 2, 1, 'P.260502.XYWL', 'Tabok Lampu - Sawi Bintang', 42500, 50000, 82, 5, 1, 'Stok tersedia untuk Tabok Lampu - Sawi Bintang', '2026-05-05', NULL, '2026-05-02 15:58:16', '2026-05-02 15:58:16'),
(75, 2, 1, 'P.260502.V9FM', 'Tabok Lampu - Sarang Tawon', 42500, 50000, 53, 5, 1, 'Stok tersedia untuk Tabok Lampu - Sarang Tawon', '2026-05-05', NULL, '2026-05-02 15:58:16', '2026-05-02 15:58:16'),
(76, 2, 1, 'P.260502.XQHY', 'Tabok Lampu - Oreo/Kotak', 42500, 50000, 63, 5, 1, 'Stok tersedia untuk Tabok Lampu - Oreo/Kotak', '2026-05-05', NULL, '2026-05-02 15:58:16', '2026-05-02 15:58:16'),
(77, 2, 1, 'P.260502.UL18', 'Tabok Lampu - Oval Kupu', 42500, 50000, 100, 5, 1, 'Stok tersedia untuk Tabok Lampu - Oval Kupu', '2026-05-05', NULL, '2026-05-02 15:58:16', '2026-05-02 15:58:16'),
(78, 2, 1, 'P.260502.F7GE', 'Tabok Lampu - Oval Batik', 59500, 70000, 26, 5, 1, 'Stok tersedia untuk Tabok Lampu - Oval Batik', '2026-05-05', NULL, '2026-05-02 15:58:16', '2026-05-02 15:58:16'),
(79, 2, 1, 'P.260502.LHQ6', 'Tabok Lampu - Batik Besar', 68000, 80000, 85, 5, 1, 'Stok tersedia untuk Tabok Lampu - Batik Besar', '2026-05-05', NULL, '2026-05-02 15:58:16', '2026-05-02 15:58:16'),
(80, 2, 1, 'P.260502.TFOW', 'Tabok Lampu - Segi 8 Besar', 68000, 80000, 57, 5, 1, 'Stok tersedia untuk Tabok Lampu - Segi 8 Besar', '2026-05-05', NULL, '2026-05-02 15:58:16', '2026-05-02 15:58:16'),
(81, 6, 2, 'P.260502.SZIA', 'Paku Kayu Ukuran 3/4 inch', 21250, 25000, 11, 5, 1, 'Stok tersedia untuk Paku Kayu Ukuran 3/4 inch', '2026-05-05', NULL, '2026-05-02 15:58:16', '2026-05-02 15:58:16'),
(82, 6, 2, 'P.260502.MVEF', 'Paku Kayu Ukuran 1 inch', 20400, 24000, 19, 5, 1, 'Stok tersedia untuk Paku Kayu Ukuran 1 inch', '2026-05-05', NULL, '2026-05-02 15:58:16', '2026-05-02 15:58:16'),
(83, 6, 2, 'P.260502.N4SB', 'Paku Kayu Ukuran 1-1/4 inch', 19550, 23000, 98, 5, 1, 'Stok tersedia untuk Paku Kayu Ukuran 1-1/4 inch', '2026-05-05', NULL, '2026-05-02 15:58:17', '2026-05-02 15:58:17'),
(84, 6, 2, 'P.260502.T5ZZ', 'Paku Kayu Ukuran 1-1/2 inch (4cm)', 17850, 21000, 23, 5, 1, 'Stok tersedia untuk Paku Kayu Ukuran 1-1/2 inch (4cm)', '2026-05-05', NULL, '2026-05-02 15:58:17', '2026-05-02 15:58:17'),
(85, 6, 2, 'P.260502.HZAN', 'Paku Kayu Ukuran 5cm', 17000, 20000, 38, 5, 1, 'Stok tersedia untuk Paku Kayu Ukuran 5cm', '2026-05-05', NULL, '2026-05-02 15:58:17', '2026-05-02 15:58:17'),
(86, 6, 2, 'P.260502.N3YM', 'Paku Kayu Ukuran 7cm', 17000, 20000, 16, 5, 1, 'Stok tersedia untuk Paku Kayu Ukuran 7cm', '2026-05-05', NULL, '2026-05-02 15:58:17', '2026-05-02 15:58:17'),
(87, 6, 2, 'P.260502.NWHK', 'Paku Kayu Ukuran 10cm', 17000, 20000, 4, 5, 1, 'Stok tersedia untuk Paku Kayu Ukuran 10cm', '2026-05-05', NULL, '2026-05-02 15:58:17', '2026-05-02 19:43:39'),
(88, 6, 2, 'P.260502.GOLW', 'Paku Kayu Ukuran 12cm', 17000, 20000, 80, 5, 1, 'Stok tersedia untuk Paku Kayu Ukuran 12cm', '2026-05-05', NULL, '2026-05-02 15:58:17', '2026-05-02 15:58:17'),
(89, 6, 2, 'P.260502.SZ8B', 'Paku GRC / Jalusi', 21250, 25000, 71, 5, 1, 'Stok tersedia untuk Paku GRC / Jalusi', '2026-05-05', NULL, '2026-05-02 15:58:17', '2026-05-02 15:58:17'),
(90, 6, 7, 'P.260502.EOKD', 'Paku Kayu 1 Dus (Isi 30kg)', 312800, 368000, 39, 5, 1, 'Stok tersedia untuk Paku Kayu 1 Dus (Isi 30kg)', '2026-05-05', NULL, '2026-05-02 15:58:17', '2026-05-02 15:58:17'),
(91, 6, 8, 'P.260502.OO7C', 'Kawat Tali / Bendrat (PT Family)', 255000, 300000, 31, 5, 1, 'Stok tersedia untuk Kawat Tali / Bendrat (PT Family)', '2026-05-05', NULL, '2026-05-02 15:58:17', '2026-05-02 15:58:17'),
(92, 6, 8, 'P.260502.OU9M', 'Kawat Tali / Bendrat (Biasa)', 221000, 260000, 97, 5, 1, 'Stok tersedia untuk Kawat Tali / Bendrat (Biasa)', '2026-05-05', NULL, '2026-05-02 15:58:17', '2026-05-02 15:58:17');

-- --------------------------------------------------------

--
-- Table structure for table `purchases`
--

CREATE TABLE `purchases` (
  `id` bigint(20) UNSIGNED NOT NULL,
  `invoice_number` varchar(255) DEFAULT NULL,
  `supplier_id` bigint(20) UNSIGNED NOT NULL,
  `purchase_date` date NOT NULL,
  `due_date` date DEFAULT NULL,
  `total` bigint(20) NOT NULL DEFAULT 0,
  `status` varchar(255) NOT NULL DEFAULT 'draft',
  `notes` text DEFAULT NULL,
  `proof_image` varchar(255) DEFAULT NULL,
  `created_by` bigint(20) UNSIGNED NOT NULL,
  `created_at` timestamp NULL DEFAULT NULL,
  `updated_at` timestamp NULL DEFAULT NULL
) ENGINE=InnoDB DEFAULT CHARSET=utf8mb4 COLLATE=utf8mb4_unicode_ci;

--
-- Dumping data for table `purchases`
--

INSERT INTO `purchases` (`id`, `invoice_number`, `supplier_id`, `purchase_date`, `due_date`, `total`, `status`, `notes`, `proof_image`, `created_by`, `created_at`, `updated_at`) VALUES
(2, NULL, 3, '2026-05-02', '2026-05-03', 164917000, 'ordered', 'cepat kirim', 'proofs/mMqUoOJZ23tLn1jankItQtPJqfqhm8SJbTiWc99P.jpg', 1, '2026-05-02 16:49:12', '2026-05-02 16:49:27'),
(3, 'INV20', 6, '2026-05-02', '2026-05-02', 6967450, 'paid', 'order now', 'proofs/JDThtSZWw5XMtKqprIE90D8KWrhjLWtArYcYayDp.jpg', 1, '2026-05-02 16:51:15', '2026-05-02 16:52:00'),
(4, 'INV20260503', 7, '2026-05-03', '2026-05-03', 14835900, 'paid', 'kirim hari ini', 'proofs/m4MnsyPIOjFzSyKo1QnFJrWp9G1Me8GAAzLkkhTm.jpg', 1, '2026-05-02 18:34:24', '2026-05-02 18:34:48'),
(5, 'INV20260508', 5, '2026-05-05', '2026-05-05', 18354050, 'paid', 'kirim sekarang', 'proofs/4o5zXqrogWnIMf3AbPnjkEdgnKMNPmHs7vBDMJw5.jpg', 1, '2026-05-04 19:36:30', '2026-05-04 19:37:13'),
(6, 'INV200000', 6, '2026-05-05', '2026-05-05', 5228350, 'paid', 'test', 'proofs/NhWgWYVsv3o98K2iLxJFhK7fM87zvyylG5qdxjOT.jpg', 1, '2026-05-04 20:01:06', '2026-05-04 20:01:40'),
(7, 'INV20260505P', 17, '2026-05-05', '2026-05-05', 2142000, 'paid', NULL, 'proofs/qp3UI0RSSaPiSPwcvhO2pkHYLeCr6XInP39scPzQ.jpg', 1, '2026-05-04 22:38:46', '2026-05-04 22:39:39');

-- --------------------------------------------------------

--
-- Table structure for table `purchase_items`
--

CREATE TABLE `purchase_items` (
  `id` bigint(20) UNSIGNED NOT NULL,
  `purchase_id` bigint(20) UNSIGNED NOT NULL,
  `product_id` bigint(20) UNSIGNED NOT NULL,
  `quantity` int(11) NOT NULL,
  `unit_price` bigint(20) NOT NULL,
  `selling_price` bigint(20) DEFAULT NULL,
  `subtotal` bigint(20) NOT NULL,
  `created_at` timestamp NULL DEFAULT NULL,
  `updated_at` timestamp NULL DEFAULT NULL
) ENGINE=InnoDB DEFAULT CHARSET=utf8mb4 COLLATE=utf8mb4_unicode_ci;

--
-- Dumping data for table `purchase_items`
--

INSERT INTO `purchase_items` (`id`, `purchase_id`, `product_id`, `quantity`, `unit_price`, `selling_price`, `subtotal`, `created_at`, `updated_at`) VALUES
(8, 2, 2, 15, 55250, 65000, 828750, '2026-05-02 16:49:12', '2026-05-02 16:49:12'),
(9, 2, 4, 10, 45475, 53500, 454750, '2026-05-02 16:49:13', '2026-05-02 16:49:13'),
(10, 2, 5, 200, 44200, 52000, 8840000, '2026-05-02 16:49:13', '2026-05-02 16:49:13'),
(11, 2, 16, 100, 935000, 1100000, 93500000, '2026-05-02 16:49:13', '2026-05-02 16:49:13'),
(12, 2, 15, 200, 82450, 97000, 16490000, '2026-05-02 16:49:13', '2026-05-02 16:49:13'),
(13, 2, 13, 97, 68000, 80000, 6596000, '2026-05-02 16:49:13', '2026-05-02 16:49:13'),
(14, 2, 27, 100, 850, 1000, 85000, '2026-05-02 16:49:13', '2026-05-02 16:49:13'),
(15, 2, 28, 100, 39100, 46000, 3910000, '2026-05-02 16:49:13', '2026-05-02 16:49:13'),
(16, 2, 30, 100, 57375, 67500, 5737500, '2026-05-02 16:49:13', '2026-05-02 16:49:13'),
(17, 2, 38, 100, 195500, 230000, 19550000, '2026-05-02 16:49:13', '2026-05-02 16:49:13'),
(18, 2, 40, 200, 44625, 52500, 8925000, '2026-05-02 16:49:13', '2026-05-02 16:49:13'),
(19, 3, 15, 4, 82450, 97000, 329800, '2026-05-02 16:51:15', '2026-05-02 16:51:15'),
(20, 3, 22, 2, 1700000, 2000000, 3400000, '2026-05-02 16:51:15', '2026-05-02 16:51:15'),
(21, 3, 24, 2, 467500, 550000, 935000, '2026-05-02 16:51:15', '2026-05-02 16:51:15'),
(22, 3, 32, 2, 69700, 82000, 139400, '2026-05-02 16:51:15', '2026-05-02 16:51:15'),
(23, 3, 34, 2, 178500, 210000, 357000, '2026-05-02 16:51:15', '2026-05-02 16:51:15'),
(24, 3, 43, 3, 34000, 40000, 102000, '2026-05-02 16:51:15', '2026-05-02 16:51:15'),
(25, 3, 48, 3, 178500, 210000, 535500, '2026-05-02 16:51:15', '2026-05-02 16:51:15'),
(26, 3, 49, 11, 106250, 125000, 1168750, '2026-05-02 16:51:15', '2026-05-02 16:51:15'),
(27, 4, 3, 1, 50150, 59000, 50150, '2026-05-02 18:34:24', '2026-05-02 18:34:24'),
(28, 4, 2, 6, 55250, 65000, 331500, '2026-05-02 18:34:24', '2026-05-02 18:34:24'),
(29, 4, 14, 10, 68000, 80000, 680000, '2026-05-02 18:34:24', '2026-05-02 18:34:24'),
(30, 4, 20, 9, 765000, 900000, 6885000, '2026-05-02 18:34:24', '2026-05-02 18:34:24'),
(31, 4, 16, 7, 935000, 1100000, 6545000, '2026-05-02 18:34:24', '2026-05-02 18:34:24'),
(32, 4, 30, 6, 57375, 67500, 344250, '2026-05-02 18:34:24', '2026-05-02 18:34:24'),
(33, 5, 2, 5, 55250, 65000, 276250, '2026-05-04 19:36:30', '2026-05-04 19:36:30'),
(34, 5, 10, 4, 31450, 37000, 125800, '2026-05-04 19:36:31', '2026-05-04 19:36:31'),
(35, 5, 1, 3, 59500, 70000, 178500, '2026-05-04 19:36:31', '2026-05-04 19:36:31'),
(36, 5, 3, 4, 50150, 59000, 200600, '2026-05-04 19:36:31', '2026-05-04 19:36:31'),
(37, 5, 4, 4, 45475, 53500, 181900, '2026-05-04 19:36:31', '2026-05-04 19:36:31'),
(38, 5, 5, 5, 44200, 52000, 221000, '2026-05-04 19:36:31', '2026-05-04 19:36:31'),
(39, 5, 16, 5, 935000, 1100000, 4675000, '2026-05-04 19:36:31', '2026-05-04 19:36:31'),
(40, 5, 17, 4, 1147500, 1350000, 4590000, '2026-05-04 19:36:31', '2026-05-04 19:36:31'),
(41, 5, 19, 4, 1020000, 1200000, 4080000, '2026-05-04 19:36:31', '2026-05-04 19:36:31'),
(42, 5, 18, 3, 1275000, 1500000, 3825000, '2026-05-04 19:36:31', '2026-05-04 19:36:31'),
(43, 6, 2, 5, 55250, 65000, 276250, '2026-05-04 20:01:06', '2026-05-04 20:01:06'),
(44, 6, 14, 6, 68000, 80000, 408000, '2026-05-04 20:01:06', '2026-05-04 20:01:06'),
(45, 6, 23, 5, 595000, 700000, 2975000, '2026-05-04 20:01:06', '2026-05-04 20:01:06'),
(46, 6, 35, 6, 111350, 131000, 668100, '2026-05-04 20:01:06', '2026-05-04 20:01:06'),
(47, 6, 45, 5, 79900, 94000, 399500, '2026-05-04 20:01:06', '2026-05-04 20:01:06'),
(48, 6, 48, 2, 178500, 210000, 357000, '2026-05-04 20:01:06', '2026-05-04 20:01:06'),
(49, 6, 49, 1, 106250, 125000, 106250, '2026-05-04 20:01:06', '2026-05-04 20:01:06'),
(50, 6, 50, 6, 6375, 7500, 38250, '2026-05-04 20:01:06', '2026-05-04 20:01:06'),
(51, 7, 1, 36, 59500, 70000, 2142000, '2026-05-04 22:38:46', '2026-05-04 22:38:46');

-- --------------------------------------------------------

--
-- Table structure for table `sales`
--

CREATE TABLE `sales` (
  `id` bigint(20) UNSIGNED NOT NULL,
  `invoice_number` varchar(255) NOT NULL,
  `customer_id` bigint(20) UNSIGNED DEFAULT NULL,
  `created_by` bigint(20) UNSIGNED NOT NULL,
  `sale_date` datetime NOT NULL,
  `status` varchar(255) NOT NULL,
  `subtotal` bigint(20) NOT NULL DEFAULT 0,
  `global_discount` bigint(20) NOT NULL DEFAULT 0,
  `total_discount` bigint(20) NOT NULL DEFAULT 0,
  `total` bigint(20) NOT NULL DEFAULT 0,
  `cash_received` bigint(20) NOT NULL DEFAULT 0,
  `change` bigint(20) NOT NULL DEFAULT 0,
  `payment_method` varchar(255) NOT NULL DEFAULT 'cash',
  `notes` text DEFAULT NULL,
  `created_at` timestamp NULL DEFAULT NULL,
  `updated_at` timestamp NULL DEFAULT NULL
) ENGINE=InnoDB DEFAULT CHARSET=utf8mb4 COLLATE=utf8mb4_unicode_ci;

--
-- Dumping data for table `sales`
--

INSERT INTO `sales` (`id`, `invoice_number`, `customer_id`, `created_by`, `sale_date`, `status`, `subtotal`, `global_discount`, `total_discount`, `total`, `cash_received`, `change`, `payment_method`, `notes`, `created_at`, `updated_at`) VALUES
(1, 'INV.260502.0001', 4, 1, '2026-05-02 00:00:00', 'completed', 5337500, 0, 0, 5337500, 5337500, 0, 'cash', NULL, '2026-05-02 16:04:43', '2026-05-02 16:04:43'),
(2, 'INV.260502.0002', 18, 1, '2026-05-02 00:00:00', 'completed', 13646000, 0, 0, 13646000, 13646000, 0, 'cash', 'cash', '2026-05-02 16:31:36', '2026-05-02 16:31:37'),
(3, 'INV.260503.0001', 13, 1, '2026-05-03 00:00:00', 'completed', 12773800, 0, 0, 12773800, 12773800, 0, 'cash', 'order now', '2026-05-02 18:27:27', '2026-05-02 18:27:27'),
(4, 'INV.260503.0002', 5, 1, '2026-05-03 00:00:00', 'completed', 20232000, 0, 0, 20232000, 20232000, 0, 'cash', 'order now', '2026-05-02 18:31:48', '2026-05-02 18:31:49'),
(5, 'INV.260503.0003', 14, 1, '2026-05-03 00:00:00', 'completed', 4032000, 0, 0, 4032000, 4032000, 0, 'cash', 'bayar dong', '2026-05-02 18:36:33', '2026-05-02 18:36:33'),
(6, 'INV.260503.0004', 19, 1, '2026-05-03 00:00:00', 'completed', 892500, 0, 0, 892500, 892500, 0, 'cash', 'ok', '2026-05-02 19:45:48', '2026-05-02 19:45:49'),
(7, 'INV.260505.0001', 20, 1, '2026-05-05 00:00:00', 'completed', 81141000, 0, 0, 81141000, 81841000, 700000, 'cash', NULL, '2026-05-04 21:36:32', '2026-05-04 21:36:32'),
(8, 'INV.260505.0002', 18, 1, '2026-05-05 00:00:00', 'completed', 3500000, 0, 0, 3500000, 3500000, 0, 'cash', NULL, '2026-05-04 22:27:01', '2026-05-04 22:27:02'),
(9, 'INV.260505.0003', 8, 1, '2026-05-05 00:00:00', 'completed', 1090000, 0, 0, 1090000, 1090000, 0, 'cash', NULL, '2026-05-04 22:36:46', '2026-05-04 22:36:46'),
(10, 'INV.260505.0004', NULL, 1, '2026-05-05 00:00:00', 'cancelled', 2660000, 0, 0, 2660000, 2660000, 0, 'cash', '[Cancelled]: salah', '2026-05-04 23:07:09', '2026-05-04 23:38:10'),
(15, 'INV.260505.0005', NULL, 1, '2026-05-05 00:00:00', 'completed', 22291000, 0, 0, 22291000, 24951000, 2660000, 'cash', NULL, '2026-05-04 23:09:48', '2026-05-04 23:09:48');

-- --------------------------------------------------------

--
-- Table structure for table `sale_items`
--

CREATE TABLE `sale_items` (
  `id` bigint(20) UNSIGNED NOT NULL,
  `sale_id` bigint(20) UNSIGNED NOT NULL,
  `product_id` bigint(20) UNSIGNED NOT NULL,
  `quantity` int(11) NOT NULL,
  `cost_price` bigint(20) NOT NULL,
  `unit_price` bigint(20) NOT NULL,
  `discount` bigint(20) NOT NULL DEFAULT 0,
  `final_price` bigint(20) NOT NULL,
  `subtotal` bigint(20) NOT NULL,
  `created_at` timestamp NULL DEFAULT NULL,
  `updated_at` timestamp NULL DEFAULT NULL
) ENGINE=InnoDB DEFAULT CHARSET=utf8mb4 COLLATE=utf8mb4_unicode_ci;

--
-- Dumping data for table `sale_items`
--

INSERT INTO `sale_items` (`id`, `sale_id`, `product_id`, `quantity`, `cost_price`, `unit_price`, `discount`, `final_price`, `subtotal`, `created_at`, `updated_at`) VALUES
(1, 1, 48, 6, 178500, 210000, 0, 210000, 1260000, '2026-05-02 16:04:43', '2026-05-02 16:04:43'),
(2, 1, 47, 6, 165750, 195000, 0, 195000, 1170000, '2026-05-02 16:04:43', '2026-05-02 16:04:43'),
(3, 1, 46, 5, 116875, 137500, 0, 137500, 687500, '2026-05-02 16:04:43', '2026-05-02 16:04:43'),
(4, 1, 49, 6, 106250, 125000, 0, 125000, 750000, '2026-05-02 16:04:43', '2026-05-02 16:04:43'),
(5, 1, 15, 5, 82450, 97000, 0, 97000, 485000, '2026-05-02 16:04:43', '2026-05-02 16:04:43'),
(6, 1, 7, 6, 93500, 110000, 0, 110000, 660000, '2026-05-02 16:04:43', '2026-05-02 16:04:43'),
(7, 1, 2, 5, 55250, 65000, 0, 65000, 325000, '2026-05-02 16:04:43', '2026-05-02 16:04:43'),
(8, 2, 3, 4, 50150, 59000, 0, 59000, 236000, '2026-05-02 16:31:36', '2026-05-02 16:31:36'),
(9, 2, 5, 5, 44200, 52000, 0, 52000, 260000, '2026-05-02 16:31:36', '2026-05-02 16:31:36'),
(10, 2, 23, 3, 595000, 700000, 0, 700000, 2100000, '2026-05-02 16:31:36', '2026-05-02 16:31:36'),
(11, 2, 22, 4, 1700000, 2000000, 0, 2000000, 8000000, '2026-05-02 16:31:36', '2026-05-02 16:31:36'),
(12, 2, 31, 5, 80750, 95000, 0, 95000, 475000, '2026-05-02 16:31:36', '2026-05-02 16:31:36'),
(13, 2, 32, 5, 69700, 82000, 0, 82000, 410000, '2026-05-02 16:31:36', '2026-05-02 16:31:36'),
(14, 2, 33, 4, 114750, 135000, 0, 135000, 540000, '2026-05-02 16:31:36', '2026-05-02 16:31:36'),
(15, 2, 41, 3, 108375, 127500, 0, 127500, 382500, '2026-05-02 16:31:36', '2026-05-02 16:31:36'),
(16, 2, 42, 4, 174250, 205000, 0, 205000, 820000, '2026-05-02 16:31:36', '2026-05-02 16:31:36'),
(17, 2, 43, 4, 34000, 40000, 0, 40000, 160000, '2026-05-02 16:31:36', '2026-05-02 16:31:36'),
(18, 2, 40, 5, 44625, 52500, 0, 52500, 262500, '2026-05-02 16:31:36', '2026-05-02 16:31:36'),
(19, 3, 2, 5, 55250, 65000, 0, 65000, 325000, '2026-05-02 18:27:27', '2026-05-02 18:27:27'),
(20, 3, 4, 5, 45475, 53500, 0, 53500, 267500, '2026-05-02 18:27:27', '2026-05-02 18:27:27'),
(21, 3, 12, 5, 51000, 60000, 0, 60000, 300000, '2026-05-02 18:27:27', '2026-05-02 18:27:27'),
(22, 3, 21, 5, 1530000, 1800000, 0, 1800000, 9000000, '2026-05-02 18:27:27', '2026-05-02 18:27:27'),
(23, 3, 26, 4, 808, 950, 0, 950, 3800, '2026-05-02 18:27:27', '2026-05-02 18:27:27'),
(24, 3, 34, 5, 178500, 210000, 0, 210000, 1050000, '2026-05-02 18:27:27', '2026-05-02 18:27:27'),
(25, 3, 40, 5, 44625, 52500, 0, 52500, 262500, '2026-05-02 18:27:27', '2026-05-02 18:27:27'),
(26, 3, 46, 5, 116875, 137500, 0, 137500, 687500, '2026-05-02 18:27:27', '2026-05-02 18:27:27'),
(27, 3, 48, 4, 178500, 210000, 0, 210000, 840000, '2026-05-02 18:27:27', '2026-05-02 18:27:27'),
(28, 3, 50, 5, 6375, 7500, 0, 7500, 37500, '2026-05-02 18:27:27', '2026-05-02 18:27:27'),
(29, 4, 2, 8, 55250, 65000, 0, 65000, 520000, '2026-05-02 18:31:48', '2026-05-02 18:31:48'),
(30, 4, 4, 8, 45475, 53500, 0, 53500, 428000, '2026-05-02 18:31:48', '2026-05-02 18:31:48'),
(31, 4, 9, 8, 53125, 62500, 0, 62500, 500000, '2026-05-02 18:31:48', '2026-05-02 18:31:48'),
(32, 4, 15, 8, 82450, 97000, 0, 97000, 776000, '2026-05-02 18:31:48', '2026-05-02 18:31:48'),
(33, 4, 21, 10, 1530000, 1800000, 0, 1800000, 18000000, '2026-05-02 18:31:48', '2026-05-02 18:31:48'),
(34, 4, 27, 8, 850, 1000, 0, 1000, 8000, '2026-05-02 18:31:48', '2026-05-02 18:31:48'),
(35, 5, 3, 18, 50150, 59000, 0, 59000, 1062000, '2026-05-02 18:36:33', '2026-05-02 18:36:33'),
(36, 5, 6, 27, 93500, 110000, 0, 110000, 2970000, '2026-05-02 18:36:33', '2026-05-02 18:36:33'),
(37, 6, 41, 7, 108375, 127500, 0, 127500, 892500, '2026-05-02 19:45:48', '2026-05-02 19:45:48'),
(38, 7, 3, 2, 50150, 59000, 0, 59000, 118000, '2026-05-04 21:36:32', '2026-05-04 21:36:32'),
(39, 7, 4, 13, 45475, 53500, 0, 53500, 695500, '2026-05-04 21:36:32', '2026-05-04 21:36:32'),
(40, 7, 1, 11, 59500, 70000, 0, 70000, 770000, '2026-05-04 21:36:32', '2026-05-04 21:36:32'),
(41, 7, 2, 13, 55250, 65000, 0, 65000, 845000, '2026-05-04 21:36:32', '2026-05-04 21:36:32'),
(42, 7, 6, 16, 93500, 110000, 0, 110000, 1760000, '2026-05-04 21:36:32', '2026-05-04 21:36:32'),
(43, 7, 17, 8, 1147500, 1350000, 0, 1350000, 10800000, '2026-05-04 21:36:32', '2026-05-04 21:36:32'),
(44, 7, 18, 9, 1275000, 1500000, 0, 1500000, 13500000, '2026-05-04 21:36:32', '2026-05-04 21:36:32'),
(45, 7, 19, 10, 1020000, 1200000, 0, 1200000, 12000000, '2026-05-04 21:36:32', '2026-05-04 21:36:32'),
(46, 7, 21, 10, 1530000, 1800000, 0, 1800000, 18000000, '2026-05-04 21:36:32', '2026-05-04 21:36:32'),
(47, 7, 22, 11, 1700000, 2000000, 0, 2000000, 22000000, '2026-05-04 21:36:32', '2026-05-04 21:36:32'),
(48, 7, 48, 3, 178500, 210000, 0, 210000, 630000, '2026-05-04 21:36:32', '2026-05-04 21:36:32'),
(49, 7, 50, 3, 6375, 7500, 0, 7500, 22500, '2026-05-04 21:36:32', '2026-05-04 21:36:32'),
(50, 8, 1, 50, 59500, 70000, 0, 70000, 3500000, '2026-05-04 22:27:01', '2026-05-04 22:27:01'),
(51, 9, 2, 6, 55250, 65000, 0, 65000, 390000, '2026-05-04 22:36:46', '2026-05-04 22:36:46'),
(52, 9, 1, 10, 59500, 70000, 0, 70000, 700000, '2026-05-04 22:36:46', '2026-05-04 22:36:46'),
(53, 10, 1, 38, 59500, 70000, 0, 70000, 2660000, '2026-05-04 23:07:09', '2026-05-04 23:07:09'),
(54, 15, 22, 11, 1700000, 2000000, 0, 2000000, 22000000, '2026-05-04 23:09:48', '2026-05-04 23:09:48'),
(55, 15, 15, 3, 82450, 97000, 0, 97000, 291000, '2026-05-04 23:09:48', '2026-05-04 23:09:48');

-- --------------------------------------------------------

--
-- Table structure for table `sessions`
--

CREATE TABLE `sessions` (
  `id` varchar(255) NOT NULL,
  `user_id` bigint(20) UNSIGNED DEFAULT NULL,
  `ip_address` varchar(45) DEFAULT NULL,
  `user_agent` text DEFAULT NULL,
  `payload` longtext NOT NULL,
  `last_activity` int(11) NOT NULL
) ENGINE=InnoDB DEFAULT CHARSET=utf8mb4 COLLATE=utf8mb4_unicode_ci;

--
-- Dumping data for table `sessions`
--

INSERT INTO `sessions` (`id`, `user_id`, `ip_address`, `user_agent`, `payload`, `last_activity`) VALUES
('D1HppBOzg9Mmn6mwJLlk1dQu3tflHNnIayuu6oGr', 1, '127.0.0.1', 'Mozilla/5.0 (Windows NT 10.0; Win64; x64) AppleWebKit/537.36 (KHTML, like Gecko) Chrome/147.0.0.0 Safari/537.36 Edg/147.0.0.0', 'YTo1OntzOjY6Il90b2tlbiI7czo0MDoiSVI0OHJITHhYOWw5Y20wQzN6U1kzRFlqM2NYVkhYMDRMVFFhekVhTyI7czo1MDoibG9naW5fd2ViXzU5YmEzNmFkZGMyYjJmOTQwMTU4MGYwMTRjN2Y1OGVhNGUzMDk4OWQiO2k6MTtzOjIyOiJQSFBERUJVR0JBUl9TVEFDS19EQVRBIjthOjA6e31zOjk6Il9wcmV2aW91cyI7YToyOntzOjM6InVybCI7czozNzoiaHR0cDovLzEyNy4wLjAuMTo4MDAwL21hc3Rlci9wcm9kdWN0cyI7czo1OiJyb3V0ZSI7czoxNDoicHJvZHVjdHMuaW5kZXgiO31zOjY6Il9mbGFzaCI7YToyOntzOjM6Im9sZCI7YTowOnt9czozOiJuZXciO2E6MDp7fX19', 1777984134),
('u5QkY4dMHjtU0GlVGne6obcDGvCiXrqPWAhjeIDT', 1, '127.0.0.1', 'Mozilla/5.0 (Windows NT 10.0; Win64; x64) AppleWebKit/537.36 (KHTML, like Gecko) Chrome/147.0.0.0 Safari/537.36 Edg/147.0.0.0', 'YTo1OntzOjY6Il90b2tlbiI7czo0MDoiRGloYnpNbUlESDN6RjVzeWdjVzc1eUU1YUZMWDZvNUhwS0tqUjVhaiI7czo1MDoibG9naW5fd2ViXzU5YmEzNmFkZGMyYjJmOTQwMTU4MGYwMTRjN2Y1OGVhNGUzMDk4OWQiO2k6MTtzOjk6Il9wcmV2aW91cyI7YToyOntzOjM6InVybCI7czozNzoiaHR0cDovLzEyNy4wLjAuMTo4MDAwL21hc3Rlci9wcm9kdWN0cyI7czo1OiJyb3V0ZSI7czoxNDoicHJvZHVjdHMuaW5kZXgiO31zOjY6Il9mbGFzaCI7YToyOntzOjM6Im9sZCI7YTowOnt9czozOiJuZXciO2E6MDp7fX1zOjIyOiJQSFBERUJVR0JBUl9TVEFDS19EQVRBIjthOjA6e319', 1777971825);

-- --------------------------------------------------------

--
-- Table structure for table `settings`
--

CREATE TABLE `settings` (
  `key` varchar(255) NOT NULL,
  `value` text DEFAULT NULL,
  `created_at` timestamp NULL DEFAULT NULL,
  `updated_at` timestamp NULL DEFAULT NULL
) ENGINE=InnoDB DEFAULT CHARSET=utf8mb4 COLLATE=utf8mb4_unicode_ci;

--
-- Dumping data for table `settings`
--

INSERT INTO `settings` (`key`, `value`, `created_at`, `updated_at`) VALUES
('currency_decimal_separator', ',', '2026-05-02 15:58:19', '2026-05-02 15:58:19'),
('currency_fraction_digits', '0', '2026-05-02 15:58:19', '2026-05-02 15:58:19'),
('currency_position', 'left', '2026-05-02 15:58:18', '2026-05-02 15:58:18'),
('currency_symbol', 'Rp', '2026-05-02 15:58:18', '2026-05-02 15:58:18'),
('currency_thousand_separator', '.', '2026-05-02 15:58:19', '2026-05-02 15:58:19'),
('opening_balance_amount', '10000000', '2026-05-02 15:58:18', '2026-05-02 15:58:18'),
('opening_balance_date', '2026-01-01', '2026-05-02 15:58:18', '2026-05-02 15:58:18'),
('store_address', 'Jl. Guntur Tarogong Kidul Garut Jawa Barat', '2026-05-02 15:58:18', '2026-05-02 21:35:16'),
('store_name', 'MBG Inventory', '2026-05-02 15:58:18', '2026-05-02 21:35:40'),
('store_phone', '081234567890', '2026-05-02 15:58:18', '2026-05-02 15:58:18');

-- --------------------------------------------------------

--
-- Table structure for table `suppliers`
--

CREATE TABLE `suppliers` (
  `id` bigint(20) UNSIGNED NOT NULL,
  `name` varchar(255) NOT NULL,
  `contact_person` varchar(255) NOT NULL,
  `email` varchar(255) DEFAULT NULL,
  `phone` varchar(255) DEFAULT NULL,
  `address` text DEFAULT NULL,
  `notes` text DEFAULT NULL,
  `created_at` timestamp NULL DEFAULT NULL,
  `updated_at` timestamp NULL DEFAULT NULL
) ENGINE=InnoDB DEFAULT CHARSET=utf8mb4 COLLATE=utf8mb4_unicode_ci;

--
-- Dumping data for table `suppliers`
--

INSERT INTO `suppliers` (`id`, `name`, `contact_person`, `email`, `phone`, `address`, `notes`, `created_at`, `updated_at`) VALUES
(1, 'Lindgren Inc', 'Breana Feest', 'emelia.kling@schneider.com', '847.593.4493', '850 Dietrich Radial\nCreminhaven, HI 87239-3978', 'Perspiciatis reprehenderit occaecati sed incidunt ut quidem mollitia.', '2026-05-02 15:58:06', '2026-05-02 15:58:06'),
(2, 'Lang LLC', 'Abdul Bauch', 'wkuhic@kreiger.org', '(726) 940-7902', '175 Bernier Harbors Apt. 920\nLaneyshire, SD 14821-2633', NULL, '2026-05-02 15:58:06', '2026-05-02 15:58:06'),
(3, 'Spencer, Kertzmann and Jakubowski', 'Prof. Treva DuBuque', 'bartoletti.carlos@senger.biz', '1-904-783-5003', '70044 Emile Locks Suite 693\nLemkeburgh, TX 29810', NULL, '2026-05-02 15:58:06', '2026-05-02 15:58:06'),
(4, 'Mosciski-Runte', 'Madonna Sauer', 'mason74@nicolas.info', '(754) 714-3904', '52945 Schumm Bypass Apt. 923\nPort Raegan, NE 65055-7625', 'Ut temporibus qui vitae maiores.', '2026-05-02 15:58:06', '2026-05-02 15:58:06'),
(5, 'Miller-Bartell', 'Connor Barrows I', 'casey.marquardt@feeney.org', '315-917-7676', '9935 Cindy Lodge Apt. 781\nWest Adrienne, MS 39399', NULL, '2026-05-02 15:58:06', '2026-05-02 15:58:06'),
(6, 'Corwin-Huel', 'Giovani Legros', 'cemard@armstrong.com', '+1 (585) 858-9450', '598 Scarlett Trace Apt. 848\nWillyfurt, IN 93681', 'Dolore aut est est ipsum voluptatum.', '2026-05-02 15:58:06', '2026-05-02 15:58:06'),
(7, 'Schiller, Rice and Wolff', 'Sanford Gleichner', 'stiedemann.reed@rippin.org', '+1-351-560-4227', '74348 Stamm Fords Suite 742\nNorth Bella, CO 53495-0982', 'Quia eos neque nostrum ipsum incidunt quas.', '2026-05-02 15:58:06', '2026-05-02 15:58:06'),
(8, 'Grady Group', 'Arnulfo Huels', 'mreynolds@ankunding.com', '323.981.4398', '6621 Sylvester Forest\nEast Floville, TN 43417', 'Accusamus optio ipsa sit dolore maxime ab.', '2026-05-02 15:58:07', '2026-05-02 15:58:07'),
(9, 'Deckow and Sons', 'Karina Herman', 'frederique.yost@haag.com', '(351) 851-6638', '9602 Jaskolski Keys Suite 086\nWehnertown, NJ 02747-8005', NULL, '2026-05-02 15:58:07', '2026-05-02 15:58:07'),
(10, 'Christiansen and Sons', 'Helena Yundt', 'eldred.ebert@ward.com', '+1.440.662.7630', '56760 Keyon Ford Suite 604\nFunktown, IA 80677-8195', NULL, '2026-05-02 15:58:07', '2026-05-02 15:58:07'),
(11, 'Wiza, Aufderhar and Runte', 'Gia Jakubowski IV', 'maeve.schuster@russel.net', '+1.847.924.2589', '129 Hayes Spur Suite 715\nKuhicberg, IN 14127', NULL, '2026-05-02 15:58:07', '2026-05-02 15:58:07'),
(12, 'Gibson, Beier and Little', 'Nannie McCullough', 'zieme.gus@prosacco.org', '1-214-493-2866', '81500 Sim Fort Apt. 648\nWest Dennis, NH 55035-4175', 'Sed vel qui quasi incidunt et.', '2026-05-02 15:58:07', '2026-05-02 15:58:07'),
(13, 'Kub PLC', 'Dana Lynch', 'retha.blanda@schumm.info', '+16784673494', '9474 Konopelski Stream\nWest Howardstad, SC 98907-8073', NULL, '2026-05-02 15:58:07', '2026-05-02 15:58:07'),
(14, 'Runolfsson-Pollich', 'Ms. Icie Ratke', 'bridget.zieme@reilly.com', '575.438.2903', '3948 Garth Plains Suite 856\nNew Giovanimouth, LA 91708', NULL, '2026-05-02 15:58:07', '2026-05-02 15:58:07'),
(15, 'Spencer, Altenwerth and Quigley', 'Chet VonRueden', 'hertha.doyle@hansen.com', '+1 (262) 346-9395', '88860 Morissette Trail\nEast Kaylinton, WA 62421', NULL, '2026-05-02 15:58:07', '2026-05-02 15:58:07'),
(16, 'Monahan-Hand', 'Dr. Annabell Tromp', 'boehm.javier@hessel.com', '(941) 786-9757', '932 Jeromy Wells\nNew Geraldbury, OH 44180', NULL, '2026-05-02 15:58:07', '2026-05-02 15:58:07'),
(17, 'Towne, Mertz and Pfeffer', 'Breana Keebler', 'sporer.thea@marks.com', '475-303-4261', '1300 Corkery Parkway\nPort Walker, SD 67788', 'Quisquam nihil tenetur voluptatibus voluptatum incidunt.', '2026-05-02 15:58:07', '2026-05-02 15:58:07'),
(18, 'Windler, O\'Kon and Torp', 'Vanessa Boehm DVM', 'rosemary23@gutmann.com', '+1 (386) 522-4494', '5230 Ferry Village Suite 339\nRansommouth, UT 80920-7977', 'Magni a explicabo sint ab deserunt.', '2026-05-02 15:58:07', '2026-05-02 15:58:07'),
(19, 'Witting-Ruecker', 'Angeline Gleichner', 'felipe35@vandervort.com', '(564) 922-3030', '43088 Blanda Summit\nWest Hanna, OH 65815', NULL, '2026-05-02 15:58:07', '2026-05-02 15:58:07'),
(20, 'O\'Connell-Aufderhar', 'Gloria Kreiger', 'fsipes@hagenes.com', '716-884-5391', '37023 Bashirian Loop Apt. 178\nEast Gus, WY 34345-3307', NULL, '2026-05-02 15:58:08', '2026-05-02 15:58:08'),
(21, 'Carroll-Mayert', 'Allan Fisher', 'ilebsack@shanahan.com', '1-678-772-1682', '54615 Adela Loop Suite 617\nFeeneychester, SC 02542', NULL, '2026-05-02 15:58:08', '2026-05-02 15:58:08'),
(22, 'Lueilwitz-Hickle', 'Hudson Klocko V', 'allene.hyatt@schaefer.biz', '(620) 598-0298', '7708 Jaquelin Prairie\nNorth Chase, DE 42518', 'Omnis quae qui voluptatem est aut.', '2026-05-02 15:58:08', '2026-05-02 15:58:08'),
(23, 'Lowe, Cruickshank and Douglas', 'Herminio Heathcote', 'kolby.lesch@stoltenberg.info', '(425) 901-1665', '456 Tyrique Drive Apt. 424\nLake Idella, KS 63800', 'Corrupti reprehenderit modi blanditiis praesentium in.', '2026-05-02 15:58:08', '2026-05-02 15:58:08'),
(24, 'Langosh Ltd', 'Ms. Vallie Walsh', 'ruecker.deanna@nitzsche.com', '(786) 413-0131', '24605 Elda Expressway Suite 123\nNorth Kristofertown, MD 82280-8960', NULL, '2026-05-02 15:58:08', '2026-05-02 15:58:08'),
(25, 'Bradtke-Waelchi', 'Melvin Bartell', 'jefferey.mcglynn@spencer.com', '1-872-659-0730', '224 Theodora Trail\nNew Hazle, VA 74471-8985', 'Adipisci praesentium sapiente quae qui eveniet accusamus.', '2026-05-02 15:58:08', '2026-05-02 15:58:08');

-- --------------------------------------------------------

--
-- Table structure for table `units`
--

CREATE TABLE `units` (
  `id` bigint(20) UNSIGNED NOT NULL,
  `name` varchar(50) NOT NULL,
  `symbol` varchar(10) NOT NULL,
  `created_at` timestamp NULL DEFAULT NULL,
  `updated_at` timestamp NULL DEFAULT NULL
) ENGINE=InnoDB DEFAULT CHARSET=utf8mb4 COLLATE=utf8mb4_unicode_ci;

--
-- Dumping data for table `units`
--

INSERT INTO `units` (`id`, `name`, `symbol`, `created_at`, `updated_at`) VALUES
(1, 'Pcs', 'pcs', '2026-05-02 15:58:08', '2026-05-02 15:58:08'),
(2, 'Kilogram', 'kg', '2026-05-02 15:58:08', '2026-05-02 15:58:08'),
(3, 'Meter', 'm', '2026-05-02 15:58:08', '2026-05-02 15:58:08'),
(4, 'Batang', 'btg', '2026-05-02 15:58:08', '2026-05-02 15:58:08'),
(5, 'Lembar', 'lbr', '2026-05-02 15:58:08', '2026-05-02 15:58:08'),
(6, 'Sak', 'sak', '2026-05-02 15:58:08', '2026-05-02 15:58:08'),
(7, 'Dus', 'dus', '2026-05-02 15:58:08', '2026-05-02 15:58:08'),
(8, 'Roll', 'roll', '2026-05-02 15:58:08', '2026-05-02 15:58:08'),
(9, 'Rit', 'rit', '2026-05-02 15:58:08', '2026-05-02 15:58:08'),
(10, 'Liter', 'ltr', '2026-05-02 15:58:08', '2026-05-02 15:58:08');

-- --------------------------------------------------------

--
-- Table structure for table `users`
--

CREATE TABLE `users` (
  `id` bigint(20) UNSIGNED NOT NULL,
  `name` varchar(255) NOT NULL,
  `username` varchar(255) NOT NULL,
  `email` varchar(255) NOT NULL,
  `email_verified_at` timestamp NULL DEFAULT NULL,
  `password` varchar(255) NOT NULL,
  `remember_token` varchar(100) DEFAULT NULL,
  `created_at` timestamp NULL DEFAULT NULL,
  `updated_at` timestamp NULL DEFAULT NULL
) ENGINE=InnoDB DEFAULT CHARSET=utf8mb4 COLLATE=utf8mb4_unicode_ci;

--
-- Dumping data for table `users`
--

INSERT INTO `users` (`id`, `name`, `username`, `email`, `email_verified_at`, `password`, `remember_token`, `created_at`, `updated_at`) VALUES
(1, 'admin', 'admin', 'admin@admin.com', NULL, '$2y$12$CCdEzGvADeLVGiMqguqOXe7WYCNbZFGjMBRLV5sqK3KvTjrwBuLva', 'rPBGhjpQC58XvsYKN4J1Stdvf6oZMVtUoSnk1xb9EQQ0kjHspAkdFKfPZbUE', '2026-05-02 15:58:02', '2026-05-02 15:58:02');

--
-- Indexes for dumped tables
--

--
-- Indexes for table `cache`
--
ALTER TABLE `cache`
  ADD PRIMARY KEY (`key`);

--
-- Indexes for table `cache_locks`
--
ALTER TABLE `cache_locks`
  ADD PRIMARY KEY (`key`);

--
-- Indexes for table `categories`
--
ALTER TABLE `categories`
  ADD PRIMARY KEY (`id`),
  ADD UNIQUE KEY `categories_slug_unique` (`slug`);

--
-- Indexes for table `customers`
--
ALTER TABLE `customers`
  ADD PRIMARY KEY (`id`),
  ADD KEY `customers_name_index` (`name`),
  ADD KEY `customers_email_index` (`email`),
  ADD KEY `customers_phone_index` (`phone`);

--
-- Indexes for table `failed_jobs`
--
ALTER TABLE `failed_jobs`
  ADD PRIMARY KEY (`id`),
  ADD UNIQUE KEY `failed_jobs_uuid_unique` (`uuid`);

--
-- Indexes for table `finance_categories`
--
ALTER TABLE `finance_categories`
  ADD PRIMARY KEY (`id`),
  ADD UNIQUE KEY `finance_categories_slug_unique` (`slug`);

--
-- Indexes for table `finance_transactions`
--
ALTER TABLE `finance_transactions`
  ADD PRIMARY KEY (`id`),
  ADD UNIQUE KEY `finance_transactions_code_unique` (`code`),
  ADD KEY `finance_transactions_finance_category_id_foreign` (`finance_category_id`),
  ADD KEY `finance_transactions_created_by_foreign` (`created_by`),
  ADD KEY `finance_transactions_reference_type_reference_id_index` (`reference_type`,`reference_id`);

--
-- Indexes for table `jobs`
--
ALTER TABLE `jobs`
  ADD PRIMARY KEY (`id`),
  ADD KEY `jobs_queue_index` (`queue`);

--
-- Indexes for table `job_batches`
--
ALTER TABLE `job_batches`
  ADD PRIMARY KEY (`id`);

--
-- Indexes for table `migrations`
--
ALTER TABLE `migrations`
  ADD PRIMARY KEY (`id`);

--
-- Indexes for table `notifications`
--
ALTER TABLE `notifications`
  ADD PRIMARY KEY (`id`),
  ADD KEY `notifications_notifiable_type_notifiable_id_index` (`notifiable_type`,`notifiable_id`);

--
-- Indexes for table `password_reset_tokens`
--
ALTER TABLE `password_reset_tokens`
  ADD PRIMARY KEY (`email`);

--
-- Indexes for table `products`
--
ALTER TABLE `products`
  ADD PRIMARY KEY (`id`),
  ADD UNIQUE KEY `products_sku_unique` (`sku`),
  ADD KEY `products_category_id_foreign` (`category_id`),
  ADD KEY `products_unit_id_foreign` (`unit_id`),
  ADD KEY `products_name_index` (`name`);

--
-- Indexes for table `purchases`
--
ALTER TABLE `purchases`
  ADD PRIMARY KEY (`id`),
  ADD UNIQUE KEY `purchases_invoice_number_unique` (`invoice_number`),
  ADD KEY `purchases_supplier_id_foreign` (`supplier_id`),
  ADD KEY `purchases_created_by_foreign` (`created_by`),
  ADD KEY `purchases_purchase_date_index` (`purchase_date`),
  ADD KEY `purchases_status_index` (`status`);

--
-- Indexes for table `purchase_items`
--
ALTER TABLE `purchase_items`
  ADD PRIMARY KEY (`id`),
  ADD KEY `purchase_items_product_id_foreign` (`product_id`),
  ADD KEY `purchase_items_purchase_id_product_id_index` (`purchase_id`,`product_id`);

--
-- Indexes for table `sales`
--
ALTER TABLE `sales`
  ADD PRIMARY KEY (`id`),
  ADD UNIQUE KEY `sales_invoice_number_unique` (`invoice_number`),
  ADD KEY `sales_customer_id_foreign` (`customer_id`),
  ADD KEY `sales_created_by_foreign` (`created_by`),
  ADD KEY `sales_sale_date_index` (`sale_date`),
  ADD KEY `sales_status_index` (`status`);

--
-- Indexes for table `sale_items`
--
ALTER TABLE `sale_items`
  ADD PRIMARY KEY (`id`),
  ADD KEY `sale_items_sale_id_foreign` (`sale_id`),
  ADD KEY `sale_items_product_id_foreign` (`product_id`);

--
-- Indexes for table `sessions`
--
ALTER TABLE `sessions`
  ADD PRIMARY KEY (`id`),
  ADD KEY `sessions_user_id_index` (`user_id`),
  ADD KEY `sessions_last_activity_index` (`last_activity`);

--
-- Indexes for table `settings`
--
ALTER TABLE `settings`
  ADD PRIMARY KEY (`key`);

--
-- Indexes for table `suppliers`
--
ALTER TABLE `suppliers`
  ADD PRIMARY KEY (`id`),
  ADD KEY `suppliers_name_index` (`name`),
  ADD KEY `suppliers_contact_person_index` (`contact_person`),
  ADD KEY `suppliers_email_index` (`email`),
  ADD KEY `suppliers_phone_index` (`phone`);

--
-- Indexes for table `units`
--
ALTER TABLE `units`
  ADD PRIMARY KEY (`id`),
  ADD UNIQUE KEY `units_name_unique` (`name`),
  ADD UNIQUE KEY `units_symbol_unique` (`symbol`);

--
-- Indexes for table `users`
--
ALTER TABLE `users`
  ADD PRIMARY KEY (`id`),
  ADD UNIQUE KEY `users_username_unique` (`username`),
  ADD UNIQUE KEY `users_email_unique` (`email`);

--
-- AUTO_INCREMENT for dumped tables
--

--
-- AUTO_INCREMENT for table `categories`
--
ALTER TABLE `categories`
  MODIFY `id` bigint(20) UNSIGNED NOT NULL AUTO_INCREMENT, AUTO_INCREMENT=7;

--
-- AUTO_INCREMENT for table `customers`
--
ALTER TABLE `customers`
  MODIFY `id` bigint(20) UNSIGNED NOT NULL AUTO_INCREMENT, AUTO_INCREMENT=26;

--
-- AUTO_INCREMENT for table `failed_jobs`
--
ALTER TABLE `failed_jobs`
  MODIFY `id` bigint(20) UNSIGNED NOT NULL AUTO_INCREMENT;

--
-- AUTO_INCREMENT for table `finance_categories`
--
ALTER TABLE `finance_categories`
  MODIFY `id` bigint(20) UNSIGNED NOT NULL AUTO_INCREMENT, AUTO_INCREMENT=15;

--
-- AUTO_INCREMENT for table `finance_transactions`
--
ALTER TABLE `finance_transactions`
  MODIFY `id` bigint(20) UNSIGNED NOT NULL AUTO_INCREMENT, AUTO_INCREMENT=16;

--
-- AUTO_INCREMENT for table `jobs`
--
ALTER TABLE `jobs`
  MODIFY `id` bigint(20) UNSIGNED NOT NULL AUTO_INCREMENT;

--
-- AUTO_INCREMENT for table `migrations`
--
ALTER TABLE `migrations`
  MODIFY `id` int(10) UNSIGNED NOT NULL AUTO_INCREMENT, AUTO_INCREMENT=19;

--
-- AUTO_INCREMENT for table `products`
--
ALTER TABLE `products`
  MODIFY `id` bigint(20) UNSIGNED NOT NULL AUTO_INCREMENT, AUTO_INCREMENT=94;

--
-- AUTO_INCREMENT for table `purchases`
--
ALTER TABLE `purchases`
  MODIFY `id` bigint(20) UNSIGNED NOT NULL AUTO_INCREMENT, AUTO_INCREMENT=8;

--
-- AUTO_INCREMENT for table `purchase_items`
--
ALTER TABLE `purchase_items`
  MODIFY `id` bigint(20) UNSIGNED NOT NULL AUTO_INCREMENT, AUTO_INCREMENT=52;

--
-- AUTO_INCREMENT for table `sales`
--
ALTER TABLE `sales`
  MODIFY `id` bigint(20) UNSIGNED NOT NULL AUTO_INCREMENT, AUTO_INCREMENT=16;

--
-- AUTO_INCREMENT for table `sale_items`
--
ALTER TABLE `sale_items`
  MODIFY `id` bigint(20) UNSIGNED NOT NULL AUTO_INCREMENT, AUTO_INCREMENT=56;

--
-- AUTO_INCREMENT for table `suppliers`
--
ALTER TABLE `suppliers`
  MODIFY `id` bigint(20) UNSIGNED NOT NULL AUTO_INCREMENT, AUTO_INCREMENT=26;

--
-- AUTO_INCREMENT for table `units`
--
ALTER TABLE `units`
  MODIFY `id` bigint(20) UNSIGNED NOT NULL AUTO_INCREMENT, AUTO_INCREMENT=11;

--
-- AUTO_INCREMENT for table `users`
--
ALTER TABLE `users`
  MODIFY `id` bigint(20) UNSIGNED NOT NULL AUTO_INCREMENT, AUTO_INCREMENT=2;

--
-- Constraints for dumped tables
--

--
-- Constraints for table `finance_transactions`
--
ALTER TABLE `finance_transactions`
  ADD CONSTRAINT `finance_transactions_created_by_foreign` FOREIGN KEY (`created_by`) REFERENCES `users` (`id`),
  ADD CONSTRAINT `finance_transactions_finance_category_id_foreign` FOREIGN KEY (`finance_category_id`) REFERENCES `finance_categories` (`id`);

--
-- Constraints for table `products`
--
ALTER TABLE `products`
  ADD CONSTRAINT `products_category_id_foreign` FOREIGN KEY (`category_id`) REFERENCES `categories` (`id`),
  ADD CONSTRAINT `products_unit_id_foreign` FOREIGN KEY (`unit_id`) REFERENCES `units` (`id`);

--
-- Constraints for table `purchases`
--
ALTER TABLE `purchases`
  ADD CONSTRAINT `purchases_created_by_foreign` FOREIGN KEY (`created_by`) REFERENCES `users` (`id`),
  ADD CONSTRAINT `purchases_supplier_id_foreign` FOREIGN KEY (`supplier_id`) REFERENCES `suppliers` (`id`);

--
-- Constraints for table `purchase_items`
--
ALTER TABLE `purchase_items`
  ADD CONSTRAINT `purchase_items_product_id_foreign` FOREIGN KEY (`product_id`) REFERENCES `products` (`id`),
  ADD CONSTRAINT `purchase_items_purchase_id_foreign` FOREIGN KEY (`purchase_id`) REFERENCES `purchases` (`id`) ON DELETE CASCADE;

--
-- Constraints for table `sales`
--
ALTER TABLE `sales`
  ADD CONSTRAINT `sales_created_by_foreign` FOREIGN KEY (`created_by`) REFERENCES `users` (`id`),
  ADD CONSTRAINT `sales_customer_id_foreign` FOREIGN KEY (`customer_id`) REFERENCES `customers` (`id`);

--
-- Constraints for table `sale_items`
--
ALTER TABLE `sale_items`
  ADD CONSTRAINT `sale_items_product_id_foreign` FOREIGN KEY (`product_id`) REFERENCES `products` (`id`),
  ADD CONSTRAINT `sale_items_sale_id_foreign` FOREIGN KEY (`sale_id`) REFERENCES `sales` (`id`);
COMMIT;

/*!40101 SET CHARACTER_SET_CLIENT=@OLD_CHARACTER_SET_CLIENT */;
/*!40101 SET CHARACTER_SET_RESULTS=@OLD_CHARACTER_SET_RESULTS */;
/*!40101 SET COLLATION_CONNECTION=@OLD_COLLATION_CONNECTION */;
